leading_item_id,following_item_id,value
DEWLVASR,ELQGMQWE,455750.56
DEWLVASR,AHMDUILJ,101054.2
DEWLVASR,XIPPENFQ,116189.32
DEWLVASR,FTSVTTSR,183764.56
DEWLVASR,XMKRPGLB,801366.75
DEWLVASR,RCBZUSIM,7443.1943
DEWLVASR,SUOYXCHP,336.36407
DEWLVASR,ZKENOUDA,282855.6
DEWLVASR,WQMVCOEM,2017.8116
DEWLVASR,BSRMSVTC,129414.74
DEWLVASR,DDEXPPXU,25881.877
DEWLVASR,LLHREMKS,27593.174
DEWLVASR,DNMPSKTB,4795799.5
DEWLVASR,WPQXWHYO,10829086.0
DEWLVASR,VWMBASNE,166396.19
DEWLVASR,RJGPVEXX,580363.6
DEWLVASR,ATLDMDBO,39909110.0
DEWLVASR,SAHWCZNH,1991350.2
DEWLVASR,LUENUFGA,3457636.5
DEWLVASR,HXYSSRXE,5697565.0
DEWLVASR,QRKRBYJL,1757219.5
DEWLVASR,FRHNWLNI,1045300.2
DEWLVASR,MBSBZBXA,4463395.0
DEWLVASR,BJALXPFS,175509.1
DEWLVASR,RAWUKQMJ,3342975.8
DEWLVASR,ZGJXVMNI,2541172.5
DEWLVASR,LRVGFDFM,4881847.0
DEWLVASR,BTMOEMEP,12608672.0
DEWLVASR,UXSPKBJR,309368.3
DEWLVASR,BEZYMBBT,3461334.8
DEWLVASR,SAAYMURU,25763.959
DEWLVASR,QJQJSWFU,126325.84
DEWLVASR,EVBVXETX,4866108.0
DEWLVASR,DUCMGGNW,1170945.4
DEWLVASR,OJIFIHMZ,1207218.0
DEWLVASR,STZDBITS,40089776.0
DEWLVASR,SNHYOVBM,471838.4
DEWLVASR,LPHPPJUG,1315682.2
DEWLVASR,FCYBOAXC,114063200.0
DEWLVASR,JPBRUTWP,5230060.0
DEWLVASR,LTOYKIML,346714.53
DEWLVASR,QVLMOEYE,1243627.1
DEWLVASR,JERHKLYW,5445.0396
DEWLVASR,ZXERAXWP,13625.615
DEWLVASR,LSOIUSXD,96351.91
DEWLVASR,XUOIQPFL,2383639.0
DEWLVASR,WBLJNPZQ,151447.14
DEWLVASR,OXKURKXR,103800.21
DEWLVASR,AXULOHBQ,62636.492
DEWLVASR,DBWLZWNK,161469.2
DEWLVASR,NZKBIBNU,202147.88
DEWLVASR,OKMBFVKS,1767974.1
DEWLVASR,VUAFAIYJ,426498.5
DEWLVASR,CCLHWFWF,18773292.0
DEWLVASR,OGAFEHLU,51.166107
DEWLVASR,SDWAYPIK,4273102.0
DEWLVASR,UIFPPCLR,4741.7827
DEWLVASR,KEUWZRKO,325364.4
DEWLVASR,FQCLOEXA,1643471.0
DEWLVASR,APQGTRMF,1433.8574
DEWLVASR,ZCELVYQU,9698.509
DEWLVASR,KAGJCHMR,5240.8477
DEWLVASR,KJNSOAHR,8982680.0
DEWLVASR,QKXNTIIB,1445975.9
DEWLVASR,GKQIJYDH,12394077.0
DEWLVASR,VBYCLTYZ,305599.34
DEWLVASR,GYHKIVQT,12120138.0
DEWLVASR,ROACSLMG,1968377.4
DEWLVASR,VMAQSTJE,60060.84
DEWLVASR,XIFHSOWQ,45667.504
DEWLVASR,FITUEHWN,109308.57
DEWLVASR,UGEQLMXM,128950.164
DEWLVASR,BUZIIBYG,17305392.0
DEWLVASR,JBVHSUWY,234497.58
DEWLVASR,NAQIHUKZ,16.677038
DEWLVASR,MIRCVAMV,952.8087
DEWLVASR,AANGBULD,77126.25
DEWLVASR,WHPUAOID,27148.479
DEWLVASR,UQYUIVVR,3807777.2
DEWLVASR,FWUCPMMW,69.13363
DEWLVASR,IGDVVKUD,2401.9465
DEWLVASR,FDXPMYGF,6657.509
DEWLVASR,QSDCUCLB,0.9736279
DEWLVASR,YSYHGLQK,3936.3008
DEWLVASR,PYZMVUWD,131.9095
DEWLVASR,HCDTGMST,144821.83
DEWLVASR,JSLXRQOK,144.58452
DEWLVASR,XIIEJNEE,993.2996
DEWLVASR,BLANHGYY,206.28645
DEWLVASR,DJBLNPNC,25.760056
DEWLVASR,ANWUJOKX,0.94178283
DEWLVASR,GMBFCMIU,0.77090955
DEWLVASR,TGOELCAG,50296.242
DEWLVASR,RUVXNNVA,1.7951894
DEWLVASR,TANNMIMB,23.166578
DEWLVASR,GIKPEWTY,0.07000805
DEWLVASR,PLMZALFA,0.77090955
DEWLVASR,KFQSHBNH,20693.89
DEWLVASR,RJCAXSGH,16357.77
ELQGMQWE,DEWLVASR,233518.55
ELQGMQWE,AHMDUILJ,101161.14
ELQGMQWE,XIPPENFQ,116194.75
ELQGMQWE,FTSVTTSR,183773.14
ELQGMQWE,XMKRPGLB,801404.2
ELQGMQWE,RCBZUSIM,7443.5425
ELQGMQWE,SUOYXCHP,336.48074
ELQGMQWE,ZKENOUDA,282868.8
ELQGMQWE,WQMVCOEM,2018.5096
ELQGMQWE,BSRMSVTC,129420.79
ELQGMQWE,DDEXPPXU,25881.086
ELQGMQWE,LLHREMKS,27674.953
ELQGMQWE,DNMPSKTB,4798128.0
ELQGMQWE,WPQXWHYO,10830676.0
ELQGMQWE,VWMBASNE,166403.95
ELQGMQWE,RJGPVEXX,579972.5
ELQGMQWE,ATLDMDBO,39914976.0
ELQGMQWE,SAHWCZNH,1991443.2
ELQGMQWE,LUENUFGA,3457798.0
ELQGMQWE,HXYSSRXE,5749029.5
ELQGMQWE,QRKRBYJL,1757301.6
ELQGMQWE,FRHNWLNI,1044595.6
ELQGMQWE,MBSBZBXA,4478147.0
ELQGMQWE,BJALXPFS,175517.3
ELQGMQWE,RAWUKQMJ,3341293.0
ELQGMQWE,ZGJXVMNI,2541555.5
ELQGMQWE,LRVGFDFM,4878482.0
ELQGMQWE,BTMOEMEP,12609201.0
ELQGMQWE,UXSPKBJR,309382.78
ELQGMQWE,BEZYMBBT,3461856.5
ELQGMQWE,SAAYMURU,25765.164
ELQGMQWE,QJQJSWFU,126169.805
ELQGMQWE,EVBVXETX,4893938.5
ELQGMQWE,DUCMGGNW,1171000.1
ELQGMQWE,OJIFIHMZ,1207274.5
ELQGMQWE,STZDBITS,40091456.0
ELQGMQWE,SNHYOVBM,471860.47
ELQGMQWE,LPHPPJUG,1321300.4
ELQGMQWE,FCYBOAXC,108123130.0
ELQGMQWE,JPBRUTWP,5282659.5
ELQGMQWE,LTOYKIML,346730.72
ELQGMQWE,QVLMOEYE,1246101.2
ELQGMQWE,JERHKLYW,5444.8735
ELQGMQWE,ZXERAXWP,13625.199
ELQGMQWE,LSOIUSXD,96356.414
ELQGMQWE,XUOIQPFL,2383998.0
ELQGMQWE,WBLJNPZQ,151454.22
ELQGMQWE,OXKURKXR,103805.06
ELQGMQWE,AXULOHBQ,62639.418
ELQGMQWE,DBWLZWNK,161476.75
ELQGMQWE,NZKBIBNU,201840.03
ELQGMQWE,OKMBFVKS,1768240.5
ELQGMQWE,VUAFAIYJ,426518.44
ELQGMQWE,CCLHWFWF,18774080.0
ELQGMQWE,OGAFEHLU,51.124046
ELQGMQWE,SDWAYPIK,4273302.0
ELQGMQWE,UIFPPCLR,4742.0044
ELQGMQWE,KEUWZRKO,325379.62
ELQGMQWE,FQCLOEXA,1643718.8
ELQGMQWE,APQGTRMF,1433.9231
ELQGMQWE,ZCELVYQU,9702.441
ELQGMQWE,KAGJCHMR,5241.0923
ELQGMQWE,KJNSOAHR,8983057.0
ELQGMQWE,QKXNTIIB,1446043.4
ELQGMQWE,GKQIJYDH,12389846.0
ELQGMQWE,VBYCLTYZ,305613.62
ELQGMQWE,GYHKIVQT,12114822.0
ELQGMQWE,ROACSLMG,1979282.0
ELQGMQWE,VMAQSTJE,60063.645
ELQGMQWE,XIFHSOWQ,45666.11
ELQGMQWE,FITUEHWN,109305.234
ELQGMQWE,UGEQLMXM,128956.19
ELQGMQWE,BUZIIBYG,17331652.0
ELQGMQWE,JBVHSUWY,234508.53
ELQGMQWE,NAQIHUKZ,16.66279
ELQGMQWE,MIRCVAMV,953.22266
ELQGMQWE,AANGBULD,77129.86
ELQGMQWE,WHPUAOID,27149.748
ELQGMQWE,UQYUIVVR,3807955.0
ELQGMQWE,FWUCPMMW,69.45934
ELQGMQWE,IGDVVKUD,2402.0566
ELQGMQWE,FDXPMYGF,6575.236
ELQGMQWE,QSDCUCLB,1.4975185
ELQGMQWE,YSYHGLQK,3938.021
ELQGMQWE,PYZMVUWD,131.61386
ELQGMQWE,HCDTGMST,144828.61
ELQGMQWE,JSLXRQOK,144.5891
ELQGMQWE,XIIEJNEE,989.3325
ELQGMQWE,BLANHGYY,206.37642
ELQGMQWE,DJBLNPNC,25.774172
ELQGMQWE,ANWUJOKX,0.97783256
ELQGMQWE,GMBFCMIU,0.803002
ELQGMQWE,TGOELCAG,50298.594
ELQGMQWE,RUVXNNVA,3.1285253
ELQGMQWE,TANNMIMB,23.857626
ELQGMQWE,GIKPEWTY,0.09109762
ELQGMQWE,PLMZALFA,0.803002
ELQGMQWE,KFQSHBNH,20692.252
ELQGMQWE,RJCAXSGH,16364.401
AHMDUILJ,DEWLVASR,233502.28
AHMDUILJ,ELQGMQWE,455740.12
AHMDUILJ,XIPPENFQ,116186.664
AHMDUILJ,FTSVTTSR,183760.36
AHMDUILJ,XMKRPGLB,801348.4
AHMDUILJ,RCBZUSIM,7448.4355
AHMDUILJ,SUOYXCHP,336.115
AHMDUILJ,ZKENOUDA,282849.1
AHMDUILJ,WQMVCOEM,2016.321
AHMDUILJ,BSRMSVTC,129411.78
AHMDUILJ,DDEXPPXU,25862.236
AHMDUILJ,LLHREMKS,27688.1
AHMDUILJ,DNMPSKTB,4803320.0
AHMDUILJ,WPQXWHYO,10817525.0
AHMDUILJ,VWMBASNE,166392.38
AHMDUILJ,RJGPVEXX,579385.94
AHMDUILJ,ATLDMDBO,39912388.0
AHMDUILJ,SAHWCZNH,1991304.6
AHMDUILJ,LUENUFGA,3457557.2
AHMDUILJ,HXYSSRXE,5716478.0
AHMDUILJ,QRKRBYJL,1757179.2
AHMDUILJ,FRHNWLNI,1043539.2
AHMDUILJ,MBSBZBXA,4463292.5
AHMDUILJ,BJALXPFS,175505.08
AHMDUILJ,RAWUKQMJ,3336561.2
AHMDUILJ,ZGJXVMNI,2541378.5
AHMDUILJ,LRVGFDFM,4881735.0
AHMDUILJ,BTMOEMEP,12608384.0
AHMDUILJ,UXSPKBJR,309361.25
AHMDUILJ,BEZYMBBT,3461615.5
AHMDUILJ,SAAYMURU,25746.396
AHMDUILJ,QJQJSWFU,126322.95
AHMDUILJ,EVBVXETX,4917982.5
AHMDUILJ,DUCMGGNW,1170918.6
AHMDUILJ,OJIFIHMZ,1207190.4
AHMDUILJ,STZDBITS,40088856.0
AHMDUILJ,SNHYOVBM,471124.4
AHMDUILJ,LPHPPJUG,1306434.9
AHMDUILJ,FCYBOAXC,106705810.0
AHMDUILJ,JPBRUTWP,5261763.5
AHMDUILJ,LTOYKIML,346706.6
AHMDUILJ,QVLMOEYE,1243964.0
AHMDUILJ,JERHKLYW,5448.453
AHMDUILJ,ZXERAXWP,13626.85
AHMDUILJ,LSOIUSXD,96349.7
AHMDUILJ,XUOIQPFL,2383832.2
AHMDUILJ,WBLJNPZQ,151443.67
AHMDUILJ,OXKURKXR,103797.836
AHMDUILJ,AXULOHBQ,62635.06
AHMDUILJ,DBWLZWNK,161465.52
AHMDUILJ,NZKBIBNU,201635.9
AHMDUILJ,OKMBFVKS,1764581.6
AHMDUILJ,VUAFAIYJ,426488.75
AHMDUILJ,CCLHWFWF,18772860.0
AHMDUILJ,OGAFEHLU,51.229065
AHMDUILJ,SDWAYPIK,4273004.5
AHMDUILJ,UIFPPCLR,4742.5786
AHMDUILJ,KEUWZRKO,325356.97
AHMDUILJ,FQCLOEXA,1643604.2
AHMDUILJ,APQGTRMF,1432.7966
AHMDUILJ,ZCELVYQU,9700.138
AHMDUILJ,KAGJCHMR,5242.7227
AHMDUILJ,KJNSOAHR,8982474.0
AHMDUILJ,QKXNTIIB,1445942.8
AHMDUILJ,GKQIJYDH,12393793.0
AHMDUILJ,VBYCLTYZ,305592.34
AHMDUILJ,GYHKIVQT,12119861.0
AHMDUILJ,ROACSLMG,1977599.0
AHMDUILJ,VMAQSTJE,60059.465
AHMDUILJ,XIFHSOWQ,45662.93
AHMDUILJ,FITUEHWN,109297.625
AHMDUILJ,UGEQLMXM,128947.21
AHMDUILJ,BUZIIBYG,17371996.0
AHMDUILJ,JBVHSUWY,234492.22
AHMDUILJ,NAQIHUKZ,16.698378
AHMDUILJ,MIRCVAMV,951.65784
AHMDUILJ,AANGBULD,77194.02
AHMDUILJ,WHPUAOID,27147.857
AHMDUILJ,UQYUIVVR,3807690.0
AHMDUILJ,FWUCPMMW,69.13514
AHMDUILJ,IGDVVKUD,2400.3086
AHMDUILJ,FDXPMYGF,6548.1606
AHMDUILJ,QSDCUCLB,1.4096963
AHMDUILJ,YSYHGLQK,3937.713
AHMDUILJ,PYZMVUWD,131.88663
AHMDUILJ,HCDTGMST,144739.55
AHMDUILJ,JSLXRQOK,144.68709
AHMDUILJ,XIIEJNEE,992.0492
AHMDUILJ,BLANHGYY,206.03633
AHMDUILJ,DJBLNPNC,25.741802
AHMDUILJ,ANWUJOKX,0.98241353
AHMDUILJ,GMBFCMIU,0.7106283
AHMDUILJ,TGOELCAG,50216.39
AHMDUILJ,RUVXNNVA,2.9018338
AHMDUILJ,TANNMIMB,22.452991
AHMDUILJ,GIKPEWTY,0.09663401
AHMDUILJ,PLMZALFA,0.7106283
AHMDUILJ,KFQSHBNH,20693.416
AHMDUILJ,RJCAXSGH,16357.3955
XIPPENFQ,DEWLVASR,234308.23
XIPPENFQ,ELQGMQWE,455774.9
XIPPENFQ,AHMDUILJ,101415.09
XIPPENFQ,FTSVTTSR,183780.86
XIPPENFQ,XMKRPGLB,801409.5
XIPPENFQ,RCBZUSIM,7443.9756
XIPPENFQ,SUOYXCHP,337.50897
XIPPENFQ,ZKENOUDA,282606.44
XIPPENFQ,WQMVCOEM,2018.5896
XIPPENFQ,BSRMSVTC,129426.23
XIPPENFQ,DDEXPPXU,25846.75
XIPPENFQ,LLHREMKS,27718.986
XIPPENFQ,DNMPSKTB,4831040.0
XIPPENFQ,WPQXWHYO,10854169.0
XIPPENFQ,VWMBASNE,166410.94
XIPPENFQ,RJGPVEXX,578396.6
XIPPENFQ,ATLDMDBO,39910028.0
XIPPENFQ,SAHWCZNH,1991456.5
XIPPENFQ,LUENUFGA,3457620.0
XIPPENFQ,HXYSSRXE,5756853.5
XIPPENFQ,QRKRBYJL,1757313.4
XIPPENFQ,FRHNWLNI,1043618.8
XIPPENFQ,MBSBZBXA,4463029.0
XIPPENFQ,BJALXPFS,175524.66
XIPPENFQ,RAWUKQMJ,3340429.5
XIPPENFQ,ZGJXVMNI,2541424.5
XIPPENFQ,LRVGFDFM,4884413.0
XIPPENFQ,BTMOEMEP,12607638.0
XIPPENFQ,UXSPKBJR,310429.03
XIPPENFQ,BEZYMBBT,3461678.2
XIPPENFQ,SAAYMURU,25730.982
XIPPENFQ,QJQJSWFU,126236.6
XIPPENFQ,EVBVXETX,4960404.0
XIPPENFQ,DUCMGGNW,1171007.9
XIPPENFQ,OJIFIHMZ,1204515.5
XIPPENFQ,STZDBITS,40086490.0
XIPPENFQ,SNHYOVBM,470311.4
XIPPENFQ,LPHPPJUG,1326710.9
XIPPENFQ,FCYBOAXC,113317030.0
XIPPENFQ,JPBRUTWP,5296027.0
XIPPENFQ,LTOYKIML,346745.28
XIPPENFQ,QVLMOEYE,1239596.5
XIPPENFQ,JERHKLYW,5451.6035
XIPPENFQ,ZXERAXWP,13634.728
XIPPENFQ,LSOIUSXD,96360.45
XIPPENFQ,XUOIQPFL,2383875.2
XIPPENFQ,WBLJNPZQ,151460.58
XIPPENFQ,OXKURKXR,103809.414
XIPPENFQ,AXULOHBQ,62642.047
XIPPENFQ,DBWLZWNK,161483.53
XIPPENFQ,NZKBIBNU,202171.0
XIPPENFQ,OKMBFVKS,1766627.5
XIPPENFQ,VUAFAIYJ,426122.84
XIPPENFQ,CCLHWFWF,18771752.0
XIPPENFQ,OGAFEHLU,51.452137
XIPPENFQ,SDWAYPIK,4272752.0
XIPPENFQ,UIFPPCLR,4684.8647
XIPPENFQ,KEUWZRKO,325393.28
XIPPENFQ,FQCLOEXA,1643729.6
XIPPENFQ,APQGTRMF,1435.8656
XIPPENFQ,ZCELVYQU,9714.3955
XIPPENFQ,KAGJCHMR,5255.4897
XIPPENFQ,KJNSOAHR,8981943.0
XIPPENFQ,QKXNTIIB,1442738.9
XIPPENFQ,GKQIJYDH,12393061.0
XIPPENFQ,VBYCLTYZ,305626.47
XIPPENFQ,GYHKIVQT,12119144.0
XIPPENFQ,ROACSLMG,1985396.0
XIPPENFQ,VMAQSTJE,60066.168
XIPPENFQ,XIFHSOWQ,45668.027
XIPPENFQ,FITUEHWN,109309.82
XIPPENFQ,UGEQLMXM,128961.6
XIPPENFQ,BUZIIBYG,17495160.0
XIPPENFQ,JBVHSUWY,234291.03
XIPPENFQ,NAQIHUKZ,16.74862
XIPPENFQ,MIRCVAMV,952.81055
XIPPENFQ,AANGBULD,77208.38
XIPPENFQ,WHPUAOID,27150.887
XIPPENFQ,UQYUIVVR,3807759.0
XIPPENFQ,FWUCPMMW,69.492584
XIPPENFQ,IGDVVKUD,2403.0251
XIPPENFQ,FDXPMYGF,6549.5664
XIPPENFQ,QSDCUCLB,2.1017818
XIPPENFQ,YSYHGLQK,3929.3079
XIPPENFQ,PYZMVUWD,131.80598
XIPPENFQ,HCDTGMST,144753.77
XIPPENFQ,JSLXRQOK,144.85098
XIPPENFQ,XIIEJNEE,987.8334
XIPPENFQ,BLANHGYY,206.50778
XIPPENFQ,DJBLNPNC,25.841635
XIPPENFQ,ANWUJOKX,1.2780921
XIPPENFQ,GMBFCMIU,1.5050597
XIPPENFQ,TGOELCAG,50178.047
XIPPENFQ,RUVXNNVA,4.5347543
XIPPENFQ,TANNMIMB,29.13626
XIPPENFQ,GIKPEWTY,0.24441911
XIPPENFQ,PLMZALFA,1.5050597
XIPPENFQ,KFQSHBNH,20695.43
XIPPENFQ,RJCAXSGH,16358.986
FTSVTTSR,DEWLVASR,233504.52
FTSVTTSR,ELQGMQWE,455744.5
FTSVTTSR,AHMDUILJ,101565.51
FTSVTTSR,XIPPENFQ,116187.77
FTSVTTSR,XMKRPGLB,801356.0
FTSVTTSR,RCBZUSIM,7448.507
FTSVTTSR,SUOYXCHP,336.15326
FTSVTTSR,ZKENOUDA,282851.8
FTSVTTSR,WQMVCOEM,2016.5499
FTSVTTSR,BSRMSVTC,129413.016
FTSVTTSR,DDEXPPXU,25862.482
FTSVTTSR,LLHREMKS,27625.693
FTSVTTSR,DNMPSKTB,4816677.5
FTSVTTSR,WPQXWHYO,10831337.0
FTSVTTSR,VWMBASNE,166393.95
FTSVTTSR,RJGPVEXX,579391.44
FTSVTTSR,ATLDMDBO,39912692.0
FTSVTTSR,SAHWCZNH,1991323.6
FTSVTTSR,LUENUFGA,3457590.2
FTSVTTSR,HXYSSRXE,5740444.5
FTSVTTSR,QRKRBYJL,1757196.0
FTSVTTSR,FRHNWLNI,1043549.1
FTSVTTSR,MBSBZBXA,4463335.5
FTSVTTSR,BJALXPFS,175506.75
FTSVTTSR,RAWUKQMJ,3340400.8
FTSVTTSR,ZGJXVMNI,2541402.8
FTSVTTSR,LRVGFDFM,4881781.5
FTSVTTSR,BTMOEMEP,12608480.0
FTSVTTSR,UXSPKBJR,309364.2
FTSVTTSR,BEZYMBBT,3461648.5
FTSVTTSR,SAAYMURU,25746.643
FTSVTTSR,QJQJSWFU,126223.72
FTSVTTSR,EVBVXETX,4922275.5
FTSVTTSR,DUCMGGNW,1170929.8
FTSVTTSR,OJIFIHMZ,1207201.9
FTSVTTSR,STZDBITS,40089164.0
FTSVTTSR,SNHYOVBM,471537.94
FTSVTTSR,LPHPPJUG,1319974.1
FTSVTTSR,FCYBOAXC,108533470.0
FTSVTTSR,JPBRUTWP,5280111.0
FTSVTTSR,LTOYKIML,346709.9
FTSVTTSR,QVLMOEYE,1239654.4
FTSVTTSR,JERHKLYW,5448.505
FTSVTTSR,ZXERAXWP,13626.9795
FTSVTTSR,LSOIUSXD,96350.625
FTSVTTSR,XUOIQPFL,2383855.0
FTSVTTSR,WBLJNPZQ,151445.12
FTSVTTSR,OXKURKXR,103798.82
FTSVTTSR,AXULOHBQ,62635.656
FTSVTTSR,DBWLZWNK,161467.05
FTSVTTSR,NZKBIBNU,201737.47
FTSVTTSR,OKMBFVKS,1766612.4
FTSVTTSR,VUAFAIYJ,426492.8
FTSVTTSR,CCLHWFWF,18773004.0
FTSVTTSR,OGAFEHLU,51.058918
FTSVTTSR,SDWAYPIK,4273045.0
FTSVTTSR,UIFPPCLR,4742.624
FTSVTTSR,KEUWZRKO,325360.06
FTSVTTSR,FQCLOEXA,1643620.0
FTSVTTSR,APQGTRMF,1434.0538
FTSVTTSR,ZCELVYQU,9703.709
FTSVTTSR,KAGJCHMR,5242.7725
FTSVTTSR,KJNSOAHR,8982543.0
FTSVTTSR,QKXNTIIB,1445956.5
FTSVTTSR,GKQIJYDH,12393888.0
FTSVTTSR,VBYCLTYZ,305595.28
FTSVTTSR,GYHKIVQT,12119953.0
FTSVTTSR,ROACSLMG,1982393.4
FTSVTTSR,VMAQSTJE,60060.035
FTSVTTSR,XIFHSOWQ,45663.367
FTSVTTSR,FITUEHWN,109298.664
FTSVTTSR,UGEQLMXM,128948.44
FTSVTTSR,BUZIIBYG,17380880.0
FTSVTTSR,JBVHSUWY,234494.45
FTSVTTSR,NAQIHUKZ,16.64072
FTSVTTSR,MIRCVAMV,952.8633
FTSVTTSR,AANGBULD,77153.03
FTSVTTSR,WHPUAOID,27148.115
FTSVTTSR,UQYUIVVR,3807726.2
FTSVTTSR,FWUCPMMW,69.467545
FTSVTTSR,IGDVVKUD,2400.3303
FTSVTTSR,FDXPMYGF,6609.3096
FTSVTTSR,QSDCUCLB,1.2526112
FTSVTTSR,YSYHGLQK,3939.2834
FTSVTTSR,PYZMVUWD,131.67528
FTSVTTSR,HCDTGMST,144740.92
FTSVTTSR,JSLXRQOK,144.65784
FTSVTTSR,XIIEJNEE,989.6102
FTSVTTSR,BLANHGYY,206.29831
FTSVTTSR,DJBLNPNC,25.806568
FTSVTTSR,ANWUJOKX,0.97776675
FTSVTTSR,GMBFCMIU,0.83065784
FTSVTTSR,TGOELCAG,50189.723
FTSVTTSR,RUVXNNVA,2.6523857
FTSVTTSR,TANNMIMB,22.587683
FTSVTTSR,GIKPEWTY,0.08341162
FTSVTTSR,PLMZALFA,0.83065784
FTSVTTSR,KFQSHBNH,20701.035
FTSVTTSR,RJCAXSGH,16363.418
XMKRPGLB,DEWLVASR,234316.73
XMKRPGLB,ELQGMQWE,455791.44
XMKRPGLB,AHMDUILJ,101240.96
XMKRPGLB,XIPPENFQ,116203.84
XMKRPGLB,FTSVTTSR,183787.52
XMKRPGLB,RCBZUSIM,7445.4097
XMKRPGLB,SUOYXCHP,337.76395
XMKRPGLB,ZKENOUDA,282616.7
XMKRPGLB,WQMVCOEM,2019.0895
XMKRPGLB,BSRMSVTC,129430.914
XMKRPGLB,DDEXPPXU,25851.73
XMKRPGLB,LLHREMKS,27777.152
XMKRPGLB,DNMPSKTB,4820786.0
XMKRPGLB,WPQXWHYO,10812451.0
XMKRPGLB,VWMBASNE,166416.97
XMKRPGLB,RJGPVEXX,579950.9
XMKRPGLB,ATLDMDBO,39914440.0
XMKRPGLB,SAHWCZNH,1991528.8
XMKRPGLB,LUENUFGA,3457745.2
XMKRPGLB,HXYSSRXE,5735842.5
XMKRPGLB,QRKRBYJL,1757377.0
XMKRPGLB,FRHNWLNI,1044640.44
XMKRPGLB,MBSBZBXA,4478079.0
XMKRPGLB,BJALXPFS,175531.03
XMKRPGLB,RAWUKQMJ,3338092.0
XMKRPGLB,ZGJXVMNI,2541516.5
XMKRPGLB,LRVGFDFM,4881372.0
XMKRPGLB,BTMOEMEP,12609033.0
XMKRPGLB,UXSPKBJR,310440.28
XMKRPGLB,BEZYMBBT,3461803.5
XMKRPGLB,SAAYMURU,25721.633
XMKRPGLB,QJQJSWFU,126179.67
XMKRPGLB,EVBVXETX,4933352.5
XMKRPGLB,DUCMGGNW,1171050.4
XMKRPGLB,OJIFIHMZ,1204559.1
XMKRPGLB,STZDBITS,40090920.0
XMKRPGLB,SNHYOVBM,469902.97
XMKRPGLB,LPHPPJUG,1316284.6
XMKRPGLB,FCYBOAXC,119851576.0
XMKRPGLB,JPBRUTWP,5251351.0
XMKRPGLB,LTOYKIML,346757.84
XMKRPGLB,QVLMOEYE,1243970.0
XMKRPGLB,JERHKLYW,5452.654
XMKRPGLB,ZXERAXWP,13629.774
XMKRPGLB,LSOIUSXD,96363.945
XMKRPGLB,XUOIQPFL,2383961.8
XMKRPGLB,WBLJNPZQ,151466.06
XMKRPGLB,OXKURKXR,103813.18
XMKRPGLB,AXULOHBQ,62644.316
XMKRPGLB,DBWLZWNK,161489.38
XMKRPGLB,NZKBIBNU,202368.92
XMKRPGLB,OKMBFVKS,1766546.6
XMKRPGLB,VUAFAIYJ,426138.28
XMKRPGLB,CCLHWFWF,18773828.0
XMKRPGLB,OGAFEHLU,51.675346
XMKRPGLB,SDWAYPIK,4273236.5
XMKRPGLB,UIFPPCLR,4683.1626
XMKRPGLB,KEUWZRKO,325405.06
XMKRPGLB,FQCLOEXA,1643789.2
XMKRPGLB,APQGTRMF,1435.5984
XMKRPGLB,ZCELVYQU,9710.866
XMKRPGLB,KAGJCHMR,5258.323
XMKRPGLB,KJNSOAHR,8982937.0
XMKRPGLB,QKXNTIIB,1442791.1
XMKRPGLB,GKQIJYDH,12389681.0
XMKRPGLB,VBYCLTYZ,305637.53
XMKRPGLB,GYHKIVQT,12114661.0
XMKRPGLB,ROACSLMG,1978383.8
XMKRPGLB,VMAQSTJE,60068.344
XMKRPGLB,XIFHSOWQ,45669.68
XMKRPGLB,FITUEHWN,109313.78
XMKRPGLB,UGEQLMXM,128966.27
XMKRPGLB,BUZIIBYG,17458428.0
XMKRPGLB,JBVHSUWY,234299.52
XMKRPGLB,NAQIHUKZ,16.87029
XMKRPGLB,MIRCVAMV,953.07935
XMKRPGLB,AANGBULD,77263.555
XMKRPGLB,WHPUAOID,27151.871
XMKRPGLB,UQYUIVVR,3807897.0
XMKRPGLB,FWUCPMMW,69.57636
XMKRPGLB,IGDVVKUD,2403.4893
XMKRPGLB,FDXPMYGF,6578.8433
XMKRPGLB,QSDCUCLB,1.8362293
XMKRPGLB,YSYHGLQK,3931.4224
XMKRPGLB,PYZMVUWD,131.81276
XMKRPGLB,HCDTGMST,144708.22
XMKRPGLB,JSLXRQOK,144.80544
XMKRPGLB,XIIEJNEE,988.84106
XMKRPGLB,BLANHGYY,206.68161
XMKRPGLB,DJBLNPNC,25.880226
XMKRPGLB,ANWUJOKX,1.0413971
XMKRPGLB,GMBFCMIU,1.074079
XMKRPGLB,TGOELCAG,50337.94
XMKRPGLB,RUVXNNVA,3.5563197
XMKRPGLB,TANNMIMB,23.475557
XMKRPGLB,GIKPEWTY,0.12121798
XMKRPGLB,PLMZALFA,1.074079
XMKRPGLB,KFQSHBNH,20712.371
XMKRPGLB,RJCAXSGH,16380.313
RCBZUSIM,DEWLVASR,234311.81
RCBZUSIM,ELQGMQWE,455781.88
RCBZUSIM,AHMDUILJ,101648.26
RCBZUSIM,XIPPENFQ,116201.41
RCBZUSIM,FTSVTTSR,183783.66
RCBZUSIM,XMKRPGLB,801421.75
RCBZUSIM,SUOYXCHP,337.41925
RCBZUSIM,ZKENOUDA,282631.5
RCBZUSIM,WQMVCOEM,2018.0542
RCBZUSIM,BSRMSVTC,129428.195
RCBZUSIM,DDEXPPXU,25847.145
RCBZUSIM,LLHREMKS,27511.793
RCBZUSIM,DNMPSKTB,4807485.5
RCBZUSIM,WPQXWHYO,10796479.0
RCBZUSIM,VWMBASNE,166413.48
RCBZUSIM,RJGPVEXX,579420.2
RCBZUSIM,ATLDMDBO,39910028.0
RCBZUSIM,SAHWCZNH,1991486.9
RCBZUSIM,LUENUFGA,3457672.8
RCBZUSIM,HXYSSRXE,5682187.0
RCBZUSIM,QRKRBYJL,1757340.1
RCBZUSIM,FRHNWLNI,1045388.9
RCBZUSIM,MBSBZBXA,4463097.0
RCBZUSIM,BJALXPFS,175527.34
RCBZUSIM,RAWUKQMJ,3340423.2
RCBZUSIM,ZGJXVMNI,2540952.0
RCBZUSIM,LRVGFDFM,4884487.5
RCBZUSIM,BTMOEMEP,12607854.0
RCBZUSIM,UXSPKBJR,310456.56
RCBZUSIM,BEZYMBBT,3461671.5
RCBZUSIM,SAAYMURU,25731.375
RCBZUSIM,QJQJSWFU,126260.56
RCBZUSIM,EVBVXETX,4926995.5
RCBZUSIM,DUCMGGNW,1171025.8
RCBZUSIM,OJIFIHMZ,1204533.9
RCBZUSIM,STZDBITS,40087176.0
RCBZUSIM,SNHYOVBM,468692.78
RCBZUSIM,LPHPPJUG,1310080.5
RCBZUSIM,FCYBOAXC,121985110.0
RCBZUSIM,JPBRUTWP,5261537.5
RCBZUSIM,LTOYKIML,346750.56
RCBZUSIM,QVLMOEYE,1240899.9
RCBZUSIM,JERHKLYW,5451.6865
RCBZUSIM,ZXERAXWP,13634.937
RCBZUSIM,LSOIUSXD,96361.92
RCBZUSIM,XUOIQPFL,2385851.8
RCBZUSIM,WBLJNPZQ,151462.89
RCBZUSIM,OXKURKXR,103811.0
RCBZUSIM,AXULOHBQ,62643.004
RCBZUSIM,DBWLZWNK,161485.98
RCBZUSIM,NZKBIBNU,201932.84
RCBZUSIM,OKMBFVKS,1766164.2
RCBZUSIM,VUAFAIYJ,426129.34
RCBZUSIM,CCLHWFWF,18772072.0
RCBZUSIM,OGAFEHLU,51.479996
RCBZUSIM,SDWAYPIK,4272817.0
RCBZUSIM,UIFPPCLR,4684.9365
RCBZUSIM,KEUWZRKO,325422.12
RCBZUSIM,FQCLOEXA,1643424.0
RCBZUSIM,APQGTRMF,1413.0077
RCBZUSIM,ZCELVYQU,9714.544
RCBZUSIM,KAGJCHMR,5254.092
RCBZUSIM,KJNSOAHR,8982097.0
RCBZUSIM,QKXNTIIB,1442760.9
RCBZUSIM,GKQIJYDH,12393273.0
RCBZUSIM,VBYCLTYZ,305631.12
RCBZUSIM,GYHKIVQT,12119352.0
RCBZUSIM,ROACSLMG,1976511.1
RCBZUSIM,VMAQSTJE,60067.082
RCBZUSIM,XIFHSOWQ,45668.723
RCBZUSIM,FITUEHWN,109311.484
RCBZUSIM,UGEQLMXM,128963.57
RCBZUSIM,BUZIIBYG,17410476.0
RCBZUSIM,JBVHSUWY,234294.61
RCBZUSIM,NAQIHUKZ,16.845984
RCBZUSIM,MIRCVAMV,953.13806
RCBZUSIM,AANGBULD,77218.766
RCBZUSIM,WHPUAOID,27151.3
RCBZUSIM,UQYUIVVR,3807817.0
RCBZUSIM,FWUCPMMW,69.56775
RCBZUSIM,IGDVVKUD,2403.063
RCBZUSIM,FDXPMYGF,6606.921
RCBZUSIM,QSDCUCLB,1.3665075
RCBZUSIM,YSYHGLQK,3928.2585
RCBZUSIM,PYZMVUWD,131.36357
RCBZUSIM,HCDTGMST,144834.81
RCBZUSIM,JSLXRQOK,144.81232
RCBZUSIM,XIIEJNEE,987.5713
RCBZUSIM,BLANHGYY,206.44516
RCBZUSIM,DJBLNPNC,25.77613
RCBZUSIM,ANWUJOKX,1.0213809
RCBZUSIM,GMBFCMIU,1.3127131
RCBZUSIM,TGOELCAG,50170.676
RCBZUSIM,RUVXNNVA,2.7748604
RCBZUSIM,TANNMIMB,25.597813
RCBZUSIM,GIKPEWTY,0.108454905
RCBZUSIM,PLMZALFA,1.3127131
RCBZUSIM,KFQSHBNH,20695.746
RCBZUSIM,RJCAXSGH,16335.46
SUOYXCHP,DEWLVASR,234325.89
SUOYXCHP,ELQGMQWE,455809.25
SUOYXCHP,AHMDUILJ,102487.13
SUOYXCHP,XIPPENFQ,116208.38
SUOYXCHP,FTSVTTSR,183794.7
SUOYXCHP,XMKRPGLB,801469.9
SUOYXCHP,RCBZUSIM,7444.536
SUOYXCHP,ZKENOUDA,281950.12
SUOYXCHP,WQMVCOEM,2016.9628
SUOYXCHP,BSRMSVTC,129435.98
SUOYXCHP,DDEXPPXU,25848.7
SUOYXCHP,LLHREMKS,27656.746
SUOYXCHP,DNMPSKTB,4992372.0
SUOYXCHP,WPQXWHYO,11147486.0
SUOYXCHP,VWMBASNE,166423.48
SUOYXCHP,RJGPVEXX,577803.4
SUOYXCHP,ATLDMDBO,39892444.0
SUOYXCHP,SAHWCZNH,1991606.6
SUOYXCHP,LUENUFGA,3457880.5
SUOYXCHP,HXYSSRXE,5945812.5
SUOYXCHP,QRKRBYJL,1757445.8
SUOYXCHP,FRHNWLNI,1044362.5
SUOYXCHP,MBSBZBXA,4463365.0
SUOYXCHP,BJALXPFS,175537.89
SUOYXCHP,RAWUKQMJ,3440827.2
SUOYXCHP,ZGJXVMNI,2538191.0
SUOYXCHP,LRVGFDFM,4884781.0
SUOYXCHP,BTMOEMEP,12608624.0
SUOYXCHP,UXSPKBJR,309708.1
SUOYXCHP,BEZYMBBT,3462242.8
SUOYXCHP,SAAYMURU,25732.92
SUOYXCHP,QJQJSWFU,126246.11
SUOYXCHP,EVBVXETX,5119553.0
SUOYXCHP,DUCMGGNW,1171096.1
SUOYXCHP,OJIFIHMZ,1204606.2
SUOYXCHP,STZDBITS,40089620.0
SUOYXCHP,SNHYOVBM,469428.66
SUOYXCHP,LPHPPJUG,1389148.5
SUOYXCHP,FCYBOAXC,175316820.0
SUOYXCHP,JPBRUTWP,5499213.5
SUOYXCHP,LTOYKIML,346771.4
SUOYXCHP,QVLMOEYE,1254618.8
SUOYXCHP,JERHKLYW,5452.014
SUOYXCHP,ZXERAXWP,13635.755
SUOYXCHP,LSOIUSXD,96367.71
SUOYXCHP,XUOIQPFL,2386245.5
SUOYXCHP,WBLJNPZQ,151471.98
SUOYXCHP,OXKURKXR,103817.234
SUOYXCHP,AXULOHBQ,62646.766
SUOYXCHP,DBWLZWNK,161495.69
SUOYXCHP,NZKBIBNU,203689.62
SUOYXCHP,OKMBFVKS,1819699.9
SUOYXCHP,VUAFAIYJ,426154.97
SUOYXCHP,CCLHWFWF,18773220.0
SUOYXCHP,OGAFEHLU,51.64051
SUOYXCHP,SDWAYPIK,4273073.5
SUOYXCHP,UIFPPCLR,4685.218
SUOYXCHP,KEUWZRKO,324637.6
SUOYXCHP,FQCLOEXA,1641810.5
SUOYXCHP,APQGTRMF,1433.168
SUOYXCHP,ZCELVYQU,9715.127
SUOYXCHP,KAGJCHMR,5255.886
SUOYXCHP,KJNSOAHR,8982646.0
SUOYXCHP,QKXNTIIB,1442847.5
SUOYXCHP,GKQIJYDH,12394030.0
SUOYXCHP,VBYCLTYZ,305649.5
SUOYXCHP,GYHKIVQT,12120092.0
SUOYXCHP,ROACSLMG,2052437.6
SUOYXCHP,VMAQSTJE,60070.69
SUOYXCHP,XIFHSOWQ,45671.465
SUOYXCHP,FITUEHWN,109318.055
SUOYXCHP,UGEQLMXM,128971.31
SUOYXCHP,BUZIIBYG,18048036.0
SUOYXCHP,JBVHSUWY,234308.69
SUOYXCHP,NAQIHUKZ,16.791372
SUOYXCHP,MIRCVAMV,952.46765
SUOYXCHP,AANGBULD,77336.24
SUOYXCHP,WHPUAOID,27152.932
SUOYXCHP,UQYUIVVR,3808046.0
SUOYXCHP,FWUCPMMW,69.57861
SUOYXCHP,IGDVVKUD,2403.206
SUOYXCHP,FDXPMYGF,6456.6006
SUOYXCHP,QSDCUCLB,1.5020549
SUOYXCHP,YSYHGLQK,3929.604
SUOYXCHP,PYZMVUWD,131.64131
SUOYXCHP,HCDTGMST,144784.14
SUOYXCHP,JSLXRQOK,144.73349
SUOYXCHP,XIIEJNEE,987.03687
SUOYXCHP,BLANHGYY,206.43318
SUOYXCHP,DJBLNPNC,25.890327
SUOYXCHP,ANWUJOKX,1.6804376
SUOYXCHP,GMBFCMIU,3.837057
SUOYXCHP,TGOELCAG,50261.14
SUOYXCHP,RUVXNNVA,4.0000033
SUOYXCHP,TANNMIMB,33.931953
SUOYXCHP,GIKPEWTY,0.46653587
SUOYXCHP,PLMZALFA,3.837057
SUOYXCHP,KFQSHBNH,20696.988
SUOYXCHP,RJCAXSGH,16377.704
ZKENOUDA,DEWLVASR,233507.62
ZKENOUDA,ELQGMQWE,455750.56
ZKENOUDA,AHMDUILJ,101914.32
ZKENOUDA,XIPPENFQ,116189.32
ZKENOUDA,FTSVTTSR,183764.56
ZKENOUDA,XMKRPGLB,801366.75
ZKENOUDA,RCBZUSIM,7443.1943
ZKENOUDA,SUOYXCHP,336.36407
ZKENOUDA,WQMVCOEM,2017.8116
ZKENOUDA,BSRMSVTC,129414.74
ZKENOUDA,DDEXPPXU,25879.877
ZKENOUDA,LLHREMKS,27739.852
ZKENOUDA,DNMPSKTB,5008251.5
ZKENOUDA,WPQXWHYO,10861811.0
ZKENOUDA,VWMBASNE,166396.19
ZKENOUDA,RJGPVEXX,580293.94
ZKENOUDA,ATLDMDBO,39913300.0
ZKENOUDA,SAHWCZNH,1991350.2
ZKENOUDA,LUENUFGA,3457636.5
ZKENOUDA,HXYSSRXE,5787057.0
ZKENOUDA,QRKRBYJL,1757219.5
ZKENOUDA,FRHNWLNI,1044546.8
ZKENOUDA,MBSBZBXA,4463395.0
ZKENOUDA,BJALXPFS,175509.1
ZKENOUDA,RAWUKQMJ,3345045.5
ZKENOUDA,ZGJXVMNI,2541436.5
ZKENOUDA,LRVGFDFM,4881847.0
ZKENOUDA,BTMOEMEP,12608672.0
ZKENOUDA,UXSPKBJR,309368.3
ZKENOUDA,BEZYMBBT,3461694.8
ZKENOUDA,SAAYMURU,25763.959
ZKENOUDA,QJQJSWFU,126325.84
ZKENOUDA,EVBVXETX,5185955.5
ZKENOUDA,DUCMGGNW,1170945.4
ZKENOUDA,OJIFIHMZ,1207218.0
ZKENOUDA,STZDBITS,40089776.0
ZKENOUDA,SNHYOVBM,471838.4
ZKENOUDA,LPHPPJUG,1388841.1
ZKENOUDA,FCYBOAXC,124812184.0
ZKENOUDA,JPBRUTWP,5525646.0
ZKENOUDA,LTOYKIML,346714.53
ZKENOUDA,QVLMOEYE,1256953.0
ZKENOUDA,JERHKLYW,5444.619
ZKENOUDA,ZXERAXWP,13624.5625
ZKENOUDA,LSOIUSXD,96351.91
ZKENOUDA,XUOIQPFL,2383886.8
ZKENOUDA,WBLJNPZQ,151447.14
ZKENOUDA,OXKURKXR,103800.21
ZKENOUDA,AXULOHBQ,62636.492
ZKENOUDA,DBWLZWNK,161469.2
ZKENOUDA,NZKBIBNU,202051.69
ZKENOUDA,OKMBFVKS,1769068.8
ZKENOUDA,VUAFAIYJ,426498.5
ZKENOUDA,CCLHWFWF,18773292.0
ZKENOUDA,OGAFEHLU,51.32929
ZKENOUDA,SDWAYPIK,4273102.0
ZKENOUDA,UIFPPCLR,4741.7827
ZKENOUDA,KEUWZRKO,325364.4
ZKENOUDA,FQCLOEXA,1643641.9
ZKENOUDA,APQGTRMF,1433.8574
ZKENOUDA,ZCELVYQU,9698.509
ZKENOUDA,KAGJCHMR,5240.8477
ZKENOUDA,KJNSOAHR,8982680.0
ZKENOUDA,QKXNTIIB,1445975.9
ZKENOUDA,GKQIJYDH,12394077.0
ZKENOUDA,VBYCLTYZ,305599.34
ZKENOUDA,GYHKIVQT,12120138.0
ZKENOUDA,ROACSLMG,2073138.6
ZKENOUDA,VMAQSTJE,60060.84
ZKENOUDA,XIFHSOWQ,45663.977
ZKENOUDA,FITUEHWN,109300.125
ZKENOUDA,UGEQLMXM,128950.164
ZKENOUDA,BUZIIBYG,18157528.0
ZKENOUDA,JBVHSUWY,234497.58
ZKENOUDA,NAQIHUKZ,16.732336
ZKENOUDA,MIRCVAMV,952.8087
ZKENOUDA,AANGBULD,77126.25
ZKENOUDA,WHPUAOID,27148.479
ZKENOUDA,UQYUIVVR,3807777.2
ZKENOUDA,FWUCPMMW,69.13363
ZKENOUDA,IGDVVKUD,2401.9465
ZKENOUDA,FDXPMYGF,6483.0933
ZKENOUDA,QSDCUCLB,1.4953501
ZKENOUDA,YSYHGLQK,3936.3008
ZKENOUDA,PYZMVUWD,131.9095
ZKENOUDA,HCDTGMST,144821.83
ZKENOUDA,JSLXRQOK,144.58452
ZKENOUDA,XIIEJNEE,993.2996
ZKENOUDA,BLANHGYY,206.28645
ZKENOUDA,DJBLNPNC,25.741234
ZKENOUDA,ANWUJOKX,1.0735002
ZKENOUDA,GMBFCMIU,2.4525871
ZKENOUDA,TGOELCAG,50296.242
ZKENOUDA,RUVXNNVA,2.9032404
ZKENOUDA,TANNMIMB,31.262577
ZKENOUDA,GIKPEWTY,0.1369851
ZKENOUDA,PLMZALFA,2.4525871
ZKENOUDA,KFQSHBNH,20693.89
ZKENOUDA,RJCAXSGH,16357.77
WQMVCOEM,DEWLVASR,234318.73
WQMVCOEM,ELQGMQWE,455795.34
WQMVCOEM,AHMDUILJ,101156.22
WQMVCOEM,XIPPENFQ,116204.836
WQMVCOEM,FTSVTTSR,183789.1
WQMVCOEM,XMKRPGLB,801445.44
WQMVCOEM,RCBZUSIM,7444.309
WQMVCOEM,SUOYXCHP,337.39923
WQMVCOEM,ZKENOUDA,282639.88
WQMVCOEM,BSRMSVTC,129432.02
WQMVCOEM,DDEXPPXU,25847.91
WQMVCOEM,LLHREMKS,27444.26
WQMVCOEM,DNMPSKTB,4796394.0
WQMVCOEM,WPQXWHYO,10805544.0
WQMVCOEM,VWMBASNE,166418.4
WQMVCOEM,RJGPVEXX,581537.1
WQMVCOEM,ATLDMDBO,39891910.0
WQMVCOEM,SAHWCZNH,1991545.9
WQMVCOEM,LUENUFGA,3457775.0
WQMVCOEM,HXYSSRXE,5699385.5
WQMVCOEM,QRKRBYJL,1757392.1
WQMVCOEM,FRHNWLNI,1049735.6
WQMVCOEM,MBSBZBXA,4463229.0
WQMVCOEM,BJALXPFS,175532.53
WQMVCOEM,RAWUKQMJ,3334251.8
WQMVCOEM,ZGJXVMNI,2540448.0
WQMVCOEM,LRVGFDFM,4884631.5
WQMVCOEM,BTMOEMEP,12608239.0
WQMVCOEM,UXSPKBJR,310465.75
WQMVCOEM,BEZYMBBT,3461833.2
WQMVCOEM,SAAYMURU,25732.135
WQMVCOEM,QJQJSWFU,126264.3
WQMVCOEM,EVBVXETX,4879887.0
WQMVCOEM,DUCMGGNW,1171060.4
WQMVCOEM,OJIFIHMZ,1204569.5
WQMVCOEM,STZDBITS,40088396.0
WQMVCOEM,SNHYOVBM,468526.1
WQMVCOEM,LPHPPJUG,1308496.0
WQMVCOEM,FCYBOAXC,109953880.0
WQMVCOEM,JPBRUTWP,5228524.0
WQMVCOEM,LTOYKIML,346760.8
WQMVCOEM,QVLMOEYE,1240993.4
WQMVCOEM,JERHKLYW,5451.8477
WQMVCOEM,ZXERAXWP,13635.339
WQMVCOEM,LSOIUSXD,96364.77
WQMVCOEM,XUOIQPFL,2383982.2
WQMVCOEM,WBLJNPZQ,151467.36
WQMVCOEM,OXKURKXR,103814.07
WQMVCOEM,AXULOHBQ,62644.855
WQMVCOEM,DBWLZWNK,161490.77
WQMVCOEM,NZKBIBNU,202772.48
WQMVCOEM,OKMBFVKS,1763355.2
WQMVCOEM,VUAFAIYJ,426141.94
WQMVCOEM,CCLHWFWF,18772648.0
WQMVCOEM,OGAFEHLU,50.873978
WQMVCOEM,SDWAYPIK,4272943.5
WQMVCOEM,UIFPPCLR,4685.075
WQMVCOEM,KEUWZRKO,325431.75
WQMVCOEM,FQCLOEXA,1643098.0
WQMVCOEM,APQGTRMF,1412.5074
WQMVCOEM,ZCELVYQU,9714.831
WQMVCOEM,KAGJCHMR,5254.247
WQMVCOEM,KJNSOAHR,8982372.0
WQMVCOEM,QKXNTIIB,1442803.5
WQMVCOEM,GKQIJYDH,12393652.0
WQMVCOEM,VBYCLTYZ,305640.16
WQMVCOEM,GYHKIVQT,12119722.0
WQMVCOEM,ROACSLMG,1966379.1
WQMVCOEM,VMAQSTJE,60068.86
WQMVCOEM,XIFHSOWQ,45670.074
WQMVCOEM,FITUEHWN,109314.72
WQMVCOEM,UGEQLMXM,128967.38
WQMVCOEM,BUZIIBYG,17343492.0
WQMVCOEM,JBVHSUWY,234301.53
WQMVCOEM,NAQIHUKZ,16.603127
WQMVCOEM,MIRCVAMV,952.80054
WQMVCOEM,AANGBULD,77221.05
WQMVCOEM,WHPUAOID,27152.104
WQMVCOEM,UQYUIVVR,3807929.8
WQMVCOEM,FWUCPMMW,69.43338
WQMVCOEM,IGDVVKUD,2403.134
WQMVCOEM,FDXPMYGF,6542.4546
WQMVCOEM,QSDCUCLB,1.6353047
WQMVCOEM,YSYHGLQK,3928.3748
WQMVCOEM,PYZMVUWD,131.30501
WQMVCOEM,HCDTGMST,143944.44
WQMVCOEM,JSLXRQOK,144.81664
WQMVCOEM,XIIEJNEE,987.6005
WQMVCOEM,BLANHGYY,206.37178
WQMVCOEM,DJBLNPNC,25.74356
WQMVCOEM,ANWUJOKX,1.0023968
WQMVCOEM,GMBFCMIU,0.8300625
WQMVCOEM,TGOELCAG,50172.16
WQMVCOEM,RUVXNNVA,2.432603
WQMVCOEM,TANNMIMB,24.989735
WQMVCOEM,GIKPEWTY,0.09405451
WQMVCOEM,PLMZALFA,0.8300625
WQMVCOEM,KFQSHBNH,20696.357
WQMVCOEM,RJCAXSGH,16344.312
BSRMSVTC,DEWLVASR,234316.73
BSRMSVTC,ELQGMQWE,455791.44
BSRMSVTC,AHMDUILJ,101883.414
BSRMSVTC,XIPPENFQ,116203.84
BSRMSVTC,FTSVTTSR,183787.52
BSRMSVTC,XMKRPGLB,801438.56
BSRMSVTC,RCBZUSIM,7445.4097
BSRMSVTC,SUOYXCHP,337.76395
BSRMSVTC,ZKENOUDA,282616.7
BSRMSVTC,WQMVCOEM,2019.0895
BSRMSVTC,DDEXPPXU,25851.73
BSRMSVTC,LLHREMKS,27800.713
BSRMSVTC,DNMPSKTB,4823306.0
BSRMSVTC,WPQXWHYO,10849305.0
BSRMSVTC,VWMBASNE,166416.97
BSRMSVTC,RJGPVEXX,578962.8
BSRMSVTC,ATLDMDBO,39914440.0
BSRMSVTC,SAHWCZNH,1991528.8
BSRMSVTC,LUENUFGA,3457745.2
BSRMSVTC,HXYSSRXE,5775021.5
BSRMSVTC,QRKRBYJL,1757377.0
BSRMSVTC,FRHNWLNI,1044640.44
BSRMSVTC,MBSBZBXA,4478079.0
BSRMSVTC,BJALXPFS,175531.03
BSRMSVTC,RAWUKQMJ,3338365.8
BSRMSVTC,ZGJXVMNI,2541516.5
BSRMSVTC,LRVGFDFM,4881372.0
BSRMSVTC,BTMOEMEP,12609033.0
BSRMSVTC,UXSPKBJR,310440.28
BSRMSVTC,BEZYMBBT,3461803.5
BSRMSVTC,SAAYMURU,25721.633
BSRMSVTC,QJQJSWFU,126179.67
BSRMSVTC,EVBVXETX,4997550.0
BSRMSVTC,DUCMGGNW,1171050.4
BSRMSVTC,OJIFIHMZ,1204559.1
BSRMSVTC,STZDBITS,40090920.0
BSRMSVTC,SNHYOVBM,469902.97
BSRMSVTC,LPHPPJUG,1338758.5
BSRMSVTC,FCYBOAXC,114879340.0
BSRMSVTC,JPBRUTWP,5471780.5
BSRMSVTC,LTOYKIML,346757.84
BSRMSVTC,QVLMOEYE,1278382.1
BSRMSVTC,JERHKLYW,5452.654
BSRMSVTC,ZXERAXWP,13629.774
BSRMSVTC,LSOIUSXD,96363.945
BSRMSVTC,XUOIQPFL,2383961.8
BSRMSVTC,WBLJNPZQ,151466.06
BSRMSVTC,OXKURKXR,103813.18
BSRMSVTC,AXULOHBQ,62644.316
BSRMSVTC,DBWLZWNK,161489.38
BSRMSVTC,NZKBIBNU,202368.92
BSRMSVTC,OKMBFVKS,1766691.5
BSRMSVTC,VUAFAIYJ,426138.28
BSRMSVTC,CCLHWFWF,18773828.0
BSRMSVTC,OGAFEHLU,51.675385
BSRMSVTC,SDWAYPIK,4273236.5
BSRMSVTC,UIFPPCLR,4683.1626
BSRMSVTC,KEUWZRKO,325405.06
BSRMSVTC,FQCLOEXA,1643789.2
BSRMSVTC,APQGTRMF,1435.5984
BSRMSVTC,ZCELVYQU,9710.866
BSRMSVTC,KAGJCHMR,5256.503
BSRMSVTC,KJNSOAHR,8982937.0
BSRMSVTC,QKXNTIIB,1442791.1
BSRMSVTC,GKQIJYDH,12389681.0
BSRMSVTC,VBYCLTYZ,305637.53
BSRMSVTC,GYHKIVQT,12114661.0
BSRMSVTC,ROACSLMG,2003558.8
BSRMSVTC,VMAQSTJE,60068.344
BSRMSVTC,XIFHSOWQ,45669.68
BSRMSVTC,FITUEHWN,109313.78
BSRMSVTC,UGEQLMXM,128966.27
BSRMSVTC,BUZIIBYG,17482584.0
BSRMSVTC,JBVHSUWY,234299.52
BSRMSVTC,NAQIHUKZ,16.8703
BSRMSVTC,MIRCVAMV,953.07935
BSRMSVTC,AANGBULD,77236.81
BSRMSVTC,WHPUAOID,27151.871
BSRMSVTC,UQYUIVVR,3807897.0
BSRMSVTC,FWUCPMMW,69.5519
BSRMSVTC,IGDVVKUD,2403.4893
BSRMSVTC,FDXPMYGF,6610.2236
BSRMSVTC,QSDCUCLB,2.1213596
BSRMSVTC,YSYHGLQK,3930.0652
BSRMSVTC,PYZMVUWD,131.81276
BSRMSVTC,HCDTGMST,144867.7
BSRMSVTC,JSLXRQOK,144.80544
BSRMSVTC,XIIEJNEE,988.84106
BSRMSVTC,BLANHGYY,206.68161
BSRMSVTC,DJBLNPNC,25.870914
BSRMSVTC,ANWUJOKX,1.2852199
BSRMSVTC,GMBFCMIU,1.2185266
BSRMSVTC,TGOELCAG,50320.52
BSRMSVTC,RUVXNNVA,4.064964
BSRMSVTC,TANNMIMB,27.309282
BSRMSVTC,GIKPEWTY,0.24086702
BSRMSVTC,PLMZALFA,1.2185266
BSRMSVTC,KFQSHBNH,20712.371
BSRMSVTC,RJCAXSGH,16380.313
DDEXPPXU,DEWLVASR,233512.97
DDEXPPXU,ELQGMQWE,455761.0
DDEXPPXU,AHMDUILJ,100981.85
DDEXPPXU,XIPPENFQ,116191.984
DDEXPPXU,FTSVTTSR,183768.77
DDEXPPXU,XMKRPGLB,801385.06
DDEXPPXU,RCBZUSIM,7448.777
DDEXPPXU,SUOYXCHP,336.13025
DDEXPPXU,ZKENOUDA,282862.06
DDEXPPXU,WQMVCOEM,2017.4324
DDEXPPXU,BSRMSVTC,129417.71
DDEXPPXU,LLHREMKS,27785.498
DDEXPPXU,DNMPSKTB,4814666.0
DDEXPPXU,WPQXWHYO,10805544.0
DDEXPPXU,VWMBASNE,166399.98
DDEXPPXU,RJGPVEXX,576957.6
DDEXPPXU,ATLDMDBO,39912844.0
DDEXPPXU,SAHWCZNH,1991479.4
DDEXPPXU,LUENUFGA,3457715.5
DDEXPPXU,HXYSSRXE,5715497.0
DDEXPPXU,QRKRBYJL,1757259.8
DDEXPPXU,FRHNWLNI,1041022.4
DDEXPPXU,MBSBZBXA,4463152.5
DDEXPPXU,BJALXPFS,175513.11
DDEXPPXU,RAWUKQMJ,3341506.5
DDEXPPXU,ZGJXVMNI,2541601.5
DDEXPPXU,LRVGFDFM,4881581.5
DDEXPPXU,BTMOEMEP,12608023.0
DDEXPPXU,UXSPKBJR,309375.4
DDEXPPXU,BEZYMBBT,3461919.2
DDEXPPXU,SAAYMURU,25747.576
DDEXPPXU,QJQJSWFU,126328.734
DDEXPPXU,EVBVXETX,4928885.0
DDEXPPXU,DUCMGGNW,1170972.2
DDEXPPXU,OJIFIHMZ,1207245.6
DDEXPPXU,STZDBITS,40087708.0
DDEXPPXU,SNHYOVBM,470644.78
DDEXPPXU,LPHPPJUG,1322552.1
DDEXPPXU,FCYBOAXC,103877120.0
DDEXPPXU,JPBRUTWP,5263926.5
DDEXPPXU,LTOYKIML,346722.47
DDEXPPXU,QVLMOEYE,1246621.9
DDEXPPXU,JERHKLYW,5457.488
DDEXPPXU,ZXERAXWP,13649.443
DDEXPPXU,LSOIUSXD,96354.12
DDEXPPXU,XUOIQPFL,2384041.2
DDEXPPXU,WBLJNPZQ,151450.61
DDEXPPXU,OXKURKXR,103802.586
DDEXPPXU,AXULOHBQ,62637.926
DDEXPPXU,DBWLZWNK,161472.9
DDEXPPXU,NZKBIBNU,201249.0
DDEXPPXU,OKMBFVKS,1767192.0
DDEXPPXU,VUAFAIYJ,426508.28
DDEXPPXU,CCLHWFWF,18772324.0
DDEXPPXU,OGAFEHLU,51.44506
DDEXPPXU,SDWAYPIK,4272870.0
DDEXPPXU,UIFPPCLR,4742.796
DDEXPPXU,KEUWZRKO,325371.88
DDEXPPXU,FQCLOEXA,1643748.5
DDEXPPXU,APQGTRMF,1431.335
DDEXPPXU,ZCELVYQU,9700.581
DDEXPPXU,KAGJCHMR,5242.9624
DDEXPPXU,KJNSOAHR,8982217.0
DDEXPPXU,QKXNTIIB,1446008.9
DDEXPPXU,GKQIJYDH,12393439.0
DDEXPPXU,VBYCLTYZ,305606.34
DDEXPPXU,GYHKIVQT,12119514.0
DDEXPPXU,ROACSLMG,1967324.5
DDEXPPXU,VMAQSTJE,60062.215
DDEXPPXU,XIFHSOWQ,45738.637
DDEXPPXU,FITUEHWN,109478.83
DDEXPPXU,UGEQLMXM,128953.12
DDEXPPXU,BUZIIBYG,17464156.0
DDEXPPXU,JBVHSUWY,234502.95
DDEXPPXU,NAQIHUKZ,16.817575
DDEXPPXU,MIRCVAMV,952.13403
DDEXPPXU,AANGBULD,77300.625
DDEXPPXU,WHPUAOID,27149.1
DDEXPPXU,UQYUIVVR,3807864.2
DDEXPPXU,FWUCPMMW,69.19215
DDEXPPXU,IGDVVKUD,2400.4175
DDEXPPXU,FDXPMYGF,6609.5493
DDEXPPXU,QSDCUCLB,1.3741059
DDEXPPXU,YSYHGLQK,3937.8933
DDEXPPXU,PYZMVUWD,132.01062
DDEXPPXU,HCDTGMST,144712.48
DDEXPPXU,JSLXRQOK,144.76733
DDEXPPXU,XIIEJNEE,991.84705
DDEXPPXU,BLANHGYY,206.13983
DDEXPPXU,DJBLNPNC,25.9601
DDEXPPXU,ANWUJOKX,1.0351584
DDEXPPXU,GMBFCMIU,0.6479826
DDEXPPXU,TGOELCAG,50237.996
DDEXPPXU,RUVXNNVA,3.2765737
DDEXPPXU,TANNMIMB,24.680674
DDEXPPXU,GIKPEWTY,0.121362895
DDEXPPXU,PLMZALFA,0.6479826
DDEXPPXU,KFQSHBNH,20668.17
DDEXPPXU,RJCAXSGH,16337.438
LLHREMKS,DEWLVASR,233509.4
LLHREMKS,ELQGMQWE,455754.06
LLHREMKS,AHMDUILJ,101231.305
LLHREMKS,XIPPENFQ,116190.21
LLHREMKS,FTSVTTSR,183765.97
LLHREMKS,XMKRPGLB,801372.8
LLHREMKS,RCBZUSIM,7448.663
LLHREMKS,SUOYXCHP,336.12494
LLHREMKS,ZKENOUDA,282857.75
LLHREMKS,WQMVCOEM,2017.4006
LLHREMKS,BSRMSVTC,129415.734
LLHREMKS,DDEXPPXU,25865.023
LLHREMKS,DNMPSKTB,4819080.5
LLHREMKS,WPQXWHYO,10832494.0
LLHREMKS,VWMBASNE,166397.45
LLHREMKS,RJGPVEXX,581411.75
LLHREMKS,ATLDMDBO,39905690.0
LLHREMKS,SAHWCZNH,1991365.4
LLHREMKS,LUENUFGA,3457662.8
LLHREMKS,HXYSSRXE,5756480.0
LLHREMKS,QRKRBYJL,1757232.9
LLHREMKS,FRHNWLNI,1042641.9
LLHREMKS,MBSBZBXA,4463084.0
LLHREMKS,BJALXPFS,175510.44
LLHREMKS,RAWUKQMJ,3340910.5
LLHREMKS,ZGJXVMNI,2540494.0
LLHREMKS,LRVGFDFM,4881507.0
LLHREMKS,BTMOEMEP,12607806.0
LLHREMKS,UXSPKBJR,309370.7
LLHREMKS,BEZYMBBT,3461301.8
LLHREMKS,SAAYMURU,25747.184
LLHREMKS,QJQJSWFU,126326.805
LLHREMKS,EVBVXETX,4981856.0
LLHREMKS,DUCMGGNW,1170954.4
LLHREMKS,OJIFIHMZ,1207227.2
LLHREMKS,STZDBITS,40087020.0
LLHREMKS,SNHYOVBM,471070.94
LLHREMKS,LPHPPJUG,1330641.5
LLHREMKS,FCYBOAXC,105821510.0
LLHREMKS,JPBRUTWP,5293547.5
LLHREMKS,LTOYKIML,346717.2
LLHREMKS,QVLMOEYE,1254128.4
LLHREMKS,JERHKLYW,5449.0405
LLHREMKS,ZXERAXWP,13628.318
LLHREMKS,LSOIUSXD,96352.64
LLHREMKS,XUOIQPFL,2385597.0
LLHREMKS,WBLJNPZQ,151448.3
LLHREMKS,OXKURKXR,103801.0
LLHREMKS,AXULOHBQ,62636.97
LLHREMKS,DBWLZWNK,161470.44
LLHREMKS,NZKBIBNU,201633.8
LLHREMKS,OKMBFVKS,1766427.0
LLHREMKS,VUAFAIYJ,426501.78
LLHREMKS,CCLHWFWF,18772004.0
LLHREMKS,OGAFEHLU,51.545887
LLHREMKS,SDWAYPIK,4272805.0
LLHREMKS,UIFPPCLR,4742.7236
LLHREMKS,KEUWZRKO,325366.9
LLHREMKS,FQCLOEXA,1643032.2
LLHREMKS,APQGTRMF,1432.6318
LLHREMKS,ZCELVYQU,9700.434
LLHREMKS,KAGJCHMR,5242.8823
LLHREMKS,KJNSOAHR,8982063.0
LLHREMKS,QKXNTIIB,1445986.9
LLHREMKS,GKQIJYDH,12393226.0
LLHREMKS,VBYCLTYZ,305601.7
LLHREMKS,GYHKIVQT,12119306.0
LLHREMKS,ROACSLMG,1984752.2
LLHREMKS,VMAQSTJE,60061.297
LLHREMKS,XIFHSOWQ,45667.85
LLHREMKS,FITUEHWN,109309.4
LLHREMKS,UGEQLMXM,128951.15
LLHREMKS,BUZIIBYG,17501836.0
LLHREMKS,JBVHSUWY,234499.38
LLHREMKS,NAQIHUKZ,16.805733
LLHREMKS,MIRCVAMV,952.997
LLHREMKS,AANGBULD,77196.38
LLHREMKS,WHPUAOID,27148.686
LLHREMKS,UQYUIVVR,3807806.2
LLHREMKS,FWUCPMMW,69.28164
LLHREMKS,IGDVVKUD,2400.3796
LLHREMKS,FDXPMYGF,6606.4546
LLHREMKS,QSDCUCLB,1.3040967
LLHREMKS,YSYHGLQK,3937.833
LLHREMKS,PYZMVUWD,132.13106
LLHREMKS,HCDTGMST,144737.2
LLHREMKS,JSLXRQOK,144.76505
LLHREMKS,XIIEJNEE,991.8314
LLHREMKS,BLANHGYY,206.32738
LLHREMKS,DJBLNPNC,25.841372
LLHREMKS,ANWUJOKX,0.99131656
LLHREMKS,GMBFCMIU,0.71653676
LLHREMKS,TGOELCAG,50217.926
LLHREMKS,RUVXNNVA,2.5165534
LLHREMKS,TANNMIMB,22.576324
LLHREMKS,GIKPEWTY,0.10200738
LLHREMKS,PLMZALFA,0.71653676
LLHREMKS,KFQSHBNH,20667.855
LLHREMKS,RJCAXSGH,16337.189
DNMPSKTB,DEWLVASR,233530.56
DNMPSKTB,ELQGMQWE,455795.34
DNMPSKTB,AHMDUILJ,102804.695
DNMPSKTB,XIPPENFQ,116200.734
DNMPSKTB,FTSVTTSR,183782.61
DNMPSKTB,XMKRPGLB,801445.44
DNMPSKTB,RCBZUSIM,7450.9155
DNMPSKTB,SUOYXCHP,336.1571
DNMPSKTB,ZKENOUDA,282883.38
DNMPSKTB,WQMVCOEM,2018.0071
DNMPSKTB,BSRMSVTC,129427.46
DNMPSKTB,DDEXPPXU,25904.25
DNMPSKTB,LLHREMKS,27730.965
DNMPSKTB,WPQXWHYO,10877090.0
DNMPSKTB,VWMBASNE,166412.53
DNMPSKTB,RJGPVEXX,580785.0
DNMPSKTB,ATLDMDBO,39914060.0
DNMPSKTB,SAHWCZNH,1991545.9
DNMPSKTB,LUENUFGA,3457976.0
DNMPSKTB,HXYSSRXE,5769115.0
DNMPSKTB,QRKRBYJL,1757392.1
DNMPSKTB,FRHNWLNI,1045430.75
DNMPSKTB,MBSBZBXA,4478377.5
DNMPSKTB,BJALXPFS,175526.34
DNMPSKTB,RAWUKQMJ,3337038.5
DNMPSKTB,ZGJXVMNI,2541490.0
DNMPSKTB,LRVGFDFM,4878733.0
DNMPSKTB,BTMOEMEP,12609875.0
DNMPSKTB,UXSPKBJR,309398.72
DNMPSKTB,BEZYMBBT,3461767.2
DNMPSKTB,SAAYMURU,25763.125
DNMPSKTB,QJQJSWFU,126276.695
DNMPSKTB,EVBVXETX,5142184.0
DNMPSKTB,DUCMGGNW,1171060.4
DNMPSKTB,OJIFIHMZ,1207336.6
DNMPSKTB,STZDBITS,40093596.0
DNMPSKTB,SNHYOVBM,471884.78
DNMPSKTB,LPHPPJUG,1331669.8
DNMPSKTB,FCYBOAXC,127548980.0
DNMPSKTB,JPBRUTWP,5477168.5
DNMPSKTB,LTOYKIML,346748.6
DNMPSKTB,QVLMOEYE,1249929.0
DNMPSKTB,JERHKLYW,5449.451
DNMPSKTB,ZXERAXWP,13625.174
DNMPSKTB,LSOIUSXD,96361.375
DNMPSKTB,XUOIQPFL,2383936.8
DNMPSKTB,WBLJNPZQ,151462.02
DNMPSKTB,OXKURKXR,103810.41
DNMPSKTB,AXULOHBQ,62642.645
DNMPSKTB,DBWLZWNK,161485.06
DNMPSKTB,NZKBIBNU,203622.81
DNMPSKTB,OKMBFVKS,1766745.4
DNMPSKTB,VUAFAIYJ,426540.4
DNMPSKTB,CCLHWFWF,18775080.0
DNMPSKTB,OGAFEHLU,51.297035
DNMPSKTB,SDWAYPIK,4273522.0
DNMPSKTB,UIFPPCLR,4730.344
DNMPSKTB,KEUWZRKO,325396.38
DNMPSKTB,FQCLOEXA,1643676.4
DNMPSKTB,APQGTRMF,1435.0176
DNMPSKTB,ZCELVYQU,9701.664
DNMPSKTB,KAGJCHMR,5244.408
DNMPSKTB,KJNSOAHR,8983537.0
DNMPSKTB,QKXNTIIB,1446117.9
DNMPSKTB,GKQIJYDH,12390508.0
DNMPSKTB,VBYCLTYZ,305629.38
DNMPSKTB,GYHKIVQT,12115469.0
DNMPSKTB,ROACSLMG,2057652.8
DNMPSKTB,VMAQSTJE,60066.74
DNMPSKTB,XIFHSOWQ,45671.99
DNMPSKTB,FITUEHWN,109319.305
DNMPSKTB,UGEQLMXM,128962.83
DNMPSKTB,BUZIIBYG,17485052.0
DNMPSKTB,JBVHSUWY,234520.61
DNMPSKTB,NAQIHUKZ,16.696133
DNMPSKTB,MIRCVAMV,955.3303
DNMPSKTB,AANGBULD,77155.09
DNMPSKTB,WHPUAOID,27151.146
DNMPSKTB,UQYUIVVR,3808151.2
DNMPSKTB,FWUCPMMW,69.32438
DNMPSKTB,IGDVVKUD,2403.7048
DNMPSKTB,FDXPMYGF,6530.646
DNMPSKTB,QSDCUCLB,1.2290184
DNMPSKTB,YSYHGLQK,3945.9326
DNMPSKTB,PYZMVUWD,131.99706
DNMPSKTB,HCDTGMST,144902.8
DNMPSKTB,JSLXRQOK,144.70222
DNMPSKTB,XIIEJNEE,992.10034
DNMPSKTB,BLANHGYY,206.79314
DNMPSKTB,DJBLNPNC,25.771765
DNMPSKTB,ANWUJOKX,1.1663492
DNMPSKTB,GMBFCMIU,1.7540033
DNMPSKTB,TGOELCAG,50315.05
DNMPSKTB,RUVXNNVA,2.7186089
DNMPSKTB,TANNMIMB,24.933784
DNMPSKTB,GIKPEWTY,0.18276814
DNMPSKTB,PLMZALFA,1.7540033
DNMPSKTB,KFQSHBNH,20697.207
DNMPSKTB,RJCAXSGH,16368.319
WPQXWHYO,DEWLVASR,233516.77
WPQXWHYO,ELQGMQWE,455768.4
WPQXWHYO,AHMDUILJ,104382.03
WPQXWHYO,XIPPENFQ,116215.92
WPQXWHYO,FTSVTTSR,183806.62
WPQXWHYO,XMKRPGLB,801398.06
WPQXWHYO,RCBZUSIM,7450.0913
WPQXWHYO,SUOYXCHP,336.11948
WPQXWHYO,ZKENOUDA,282866.66
WPQXWHYO,WQMVCOEM,2018.2709
WPQXWHYO,BSRMSVTC,129419.805
WPQXWHYO,DDEXPPXU,25899.383
WPQXWHYO,LLHREMKS,27785.736
WPQXWHYO,DNMPSKTB,4852932.5
WPQXWHYO,VWMBASNE,166434.27
WPQXWHYO,RJGPVEXX,580332.1
WPQXWHYO,ATLDMDBO,39915812.0
WPQXWHYO,SAHWCZNH,1991428.0
WPQXWHYO,LUENUFGA,3457771.5
WPQXWHYO,HXYSSRXE,5803958.5
WPQXWHYO,QRKRBYJL,1757288.2
WPQXWHYO,FRHNWLNI,1044615.56
WPQXWHYO,MBSBZBXA,4478113.0
WPQXWHYO,BJALXPFS,175549.27
WPQXWHYO,RAWUKQMJ,3337188.0
WPQXWHYO,ZGJXVMNI,2541603.8
WPQXWHYO,LRVGFDFM,4878444.5
WPQXWHYO,BTMOEMEP,12609105.0
WPQXWHYO,UXSPKBJR,309380.44
WPQXWHYO,BEZYMBBT,3461922.5
WPQXWHYO,SAAYMURU,25760.275
WPQXWHYO,QJQJSWFU,126262.73
WPQXWHYO,EVBVXETX,4986809.0
WPQXWHYO,DUCMGGNW,1170991.1
WPQXWHYO,OJIFIHMZ,1207265.2
WPQXWHYO,STZDBITS,40091150.0
WPQXWHYO,SNHYOVBM,471946.44
WPQXWHYO,LPHPPJUG,1327220.9
WPQXWHYO,FCYBOAXC,122827944.0
WPQXWHYO,JPBRUTWP,5316430.5
WPQXWHYO,LTOYKIML,346728.1
WPQXWHYO,QVLMOEYE,1254190.5
WPQXWHYO,JERHKLYW,5448.4272
WPQXWHYO,ZXERAXWP,13622.613
WPQXWHYO,LSOIUSXD,96429.125
WPQXWHYO,XUOIQPFL,2384043.5
WPQXWHYO,WBLJNPZQ,151481.81
WPQXWHYO,OXKURKXR,103798.92
WPQXWHYO,AXULOHBQ,62635.715
WPQXWHYO,DBWLZWNK,161475.52
WPQXWHYO,NZKBIBNU,202060.17
WPQXWHYO,OKMBFVKS,1765095.0
WPQXWHYO,VUAFAIYJ,426515.2
WPQXWHYO,CCLHWFWF,18773936.0
WPQXWHYO,OGAFEHLU,51.11601
WPQXWHYO,SDWAYPIK,4273269.5
WPQXWHYO,UIFPPCLR,4729.821
WPQXWHYO,KEUWZRKO,325377.16
WPQXWHYO,FQCLOEXA,1643750.0
WPQXWHYO,APQGTRMF,1435.2052
WPQXWHYO,ZCELVYQU,9700.591
WPQXWHYO,KAGJCHMR,5243.8276
WPQXWHYO,KJNSOAHR,8982988.0
WPQXWHYO,QKXNTIIB,1446032.4
WPQXWHYO,GKQIJYDH,12389752.0
WPQXWHYO,VBYCLTYZ,305611.3
WPQXWHYO,GYHKIVQT,12114730.0
WPQXWHYO,ROACSLMG,1988835.5
WPQXWHYO,VMAQSTJE,60060.094
WPQXWHYO,XIFHSOWQ,45663.41
WPQXWHYO,FITUEHWN,109298.766
WPQXWHYO,UGEQLMXM,128948.56
WPQXWHYO,BUZIIBYG,17582104.0
WPQXWHYO,JBVHSUWY,234506.75
WPQXWHYO,NAQIHUKZ,16.770367
WPQXWHYO,MIRCVAMV,955.22363
WPQXWHYO,AANGBULD,77165.17
WPQXWHYO,WHPUAOID,27154.693
WPQXWHYO,UQYUIVVR,3807926.0
WPQXWHYO,FWUCPMMW,69.31653
WPQXWHYO,IGDVVKUD,2403.4365
WPQXWHYO,FDXPMYGF,6471.9966
WPQXWHYO,QSDCUCLB,1.4939809
WPQXWHYO,YSYHGLQK,3945.496
WPQXWHYO,PYZMVUWD,131.98221
WPQXWHYO,HCDTGMST,144886.77
WPQXWHYO,JSLXRQOK,144.72127
WPQXWHYO,XIIEJNEE,991.9895
WPQXWHYO,BLANHGYY,206.76996
WPQXWHYO,DJBLNPNC,25.783194
WPQXWHYO,ANWUJOKX,1.1759543
WPQXWHYO,GMBFCMIU,1.2030094
WPQXWHYO,TGOELCAG,50321.625
WPQXWHYO,RUVXNNVA,3.5038552
WPQXWHYO,TANNMIMB,24.610401
WPQXWHYO,GIKPEWTY,0.1934951
WPQXWHYO,PLMZALFA,1.2030094
WPQXWHYO,KFQSHBNH,20686.432
WPQXWHYO,RJCAXSGH,16359.798
VWMBASNE,DEWLVASR,233516.77
VWMBASNE,ELQGMQWE,455768.4
VWMBASNE,AHMDUILJ,101316.98
VWMBASNE,XIPPENFQ,116193.87
VWMBASNE,FTSVTTSR,183771.75
VWMBASNE,XMKRPGLB,801398.06
VWMBASNE,RCBZUSIM,7448.8975
VWMBASNE,SUOYXCHP,336.23685
VWMBASNE,ZKENOUDA,282866.66
VWMBASNE,WQMVCOEM,2017.0503
VWMBASNE,BSRMSVTC,129419.805
VWMBASNE,DDEXPPXU,25863.84
VWMBASNE,LLHREMKS,27735.566
VWMBASNE,DNMPSKTB,4828695.5
VWMBASNE,WPQXWHYO,10801011.0
VWMBASNE,RJGPVEXX,576942.75
VWMBASNE,ATLDMDBO,39914748.0
VWMBASNE,SAHWCZNH,1991428.0
VWMBASNE,LUENUFGA,3457771.5
VWMBASNE,HXYSSRXE,5737193.5
VWMBASNE,QRKRBYJL,1757288.2
VWMBASNE,FRHNWLNI,1040995.56
VWMBASNE,MBSBZBXA,4478113.0
VWMBASNE,BJALXPFS,175515.95
VWMBASNE,RAWUKQMJ,3342988.5
VWMBASNE,ZGJXVMNI,2541536.0
VWMBASNE,LRVGFDFM,4878444.5
VWMBASNE,BTMOEMEP,12609129.0
VWMBASNE,UXSPKBJR,309380.44
VWMBASNE,BEZYMBBT,3461830.0
VWMBASNE,SAAYMURU,25747.994
VWMBASNE,QJQJSWFU,126168.84
VWMBASNE,EVBVXETX,5027268.0
VWMBASNE,DUCMGGNW,1170991.1
VWMBASNE,OJIFIHMZ,1207265.2
VWMBASNE,STZDBITS,40091228.0
VWMBASNE,SNHYOVBM,471184.16
VWMBASNE,LPHPPJUG,1328036.2
VWMBASNE,FCYBOAXC,121453930.0
VWMBASNE,JPBRUTWP,5370231.5
VWMBASNE,LTOYKIML,346728.1
VWMBASNE,QVLMOEYE,1236406.4
VWMBASNE,JERHKLYW,5448.791
VWMBASNE,ZXERAXWP,13627.694
VWMBASNE,LSOIUSXD,96355.68
VWMBASNE,XUOIQPFL,2383980.0
VWMBASNE,WBLJNPZQ,151453.06
VWMBASNE,OXKURKXR,103804.266
VWMBASNE,AXULOHBQ,62638.94
VWMBASNE,DBWLZWNK,161475.52
VWMBASNE,NZKBIBNU,201243.81
VWMBASNE,OKMBFVKS,1769137.9
VWMBASNE,VUAFAIYJ,426515.2
VWMBASNE,CCLHWFWF,18773972.0
VWMBASNE,OGAFEHLU,51.25541
VWMBASNE,SDWAYPIK,4273269.5
VWMBASNE,UIFPPCLR,4742.873
VWMBASNE,KEUWZRKO,325377.16
VWMBASNE,FQCLOEXA,1643706.1
VWMBASNE,APQGTRMF,1432.9764
VWMBASNE,ZCELVYQU,9704.218
VWMBASNE,KAGJCHMR,5243.0474
VWMBASNE,KJNSOAHR,8983006.0
VWMBASNE,QKXNTIIB,1446032.4
VWMBASNE,GKQIJYDH,12389775.0
VWMBASNE,VBYCLTYZ,305611.3
VWMBASNE,GYHKIVQT,12114753.0
VWMBASNE,ROACSLMG,2016488.2
VWMBASNE,VMAQSTJE,60063.188
VWMBASNE,XIFHSOWQ,45665.76
VWMBASNE,FITUEHWN,109304.4
VWMBASNE,UGEQLMXM,128955.2
VWMBASNE,BUZIIBYG,17458492.0
VWMBASNE,JBVHSUWY,234506.75
VWMBASNE,NAQIHUKZ,16.753143
VWMBASNE,MIRCVAMV,953.5968
VWMBASNE,AANGBULD,77309.99
VWMBASNE,WHPUAOID,27149.541
VWMBASNE,UQYUIVVR,3807926.0
VWMBASNE,FWUCPMMW,69.55496
VWMBASNE,IGDVVKUD,2400.4563
VWMBASNE,FDXPMYGF,6609.6562
VWMBASNE,QSDCUCLB,1.1909115
VWMBASNE,YSYHGLQK,3939.4863
VWMBASNE,PYZMVUWD,131.80327
VWMBASNE,HCDTGMST,144932.64
VWMBASNE,JSLXRQOK,144.69395
VWMBASNE,XIIEJNEE,988.10266
VWMBASNE,BLANHGYY,206.45772
VWMBASNE,DJBLNPNC,25.883507
VWMBASNE,ANWUJOKX,1.0832236
VWMBASNE,GMBFCMIU,1.0596609
VWMBASNE,TGOELCAG,50244.082
VWMBASNE,RUVXNNVA,2.735884
VWMBASNE,TANNMIMB,24.412537
VWMBASNE,GIKPEWTY,0.14957614
VWMBASNE,PLMZALFA,1.0596609
VWMBASNE,KFQSHBNH,20692.094
VWMBASNE,RJCAXSGH,16364.276
RJGPVEXX,DEWLVASR,233514.31
RJGPVEXX,ELQGMQWE,455763.62
RJGPVEXX,AHMDUILJ,101220.1
RJGPVEXX,XIPPENFQ,116192.65
RJGPVEXX,FTSVTTSR,183769.81
RJGPVEXX,XMKRPGLB,801389.6
RJGPVEXX,RCBZUSIM,7443.407
RJGPVEXX,SUOYXCHP,336.37357
RJGPVEXX,ZKENOUDA,282863.7
RJGPVEXX,WQMVCOEM,2017.8684
RJGPVEXX,BSRMSVTC,129418.445
RJGPVEXX,DDEXPPXU,25880.617
RJGPVEXX,LLHREMKS,27684.377
RJGPVEXX,DNMPSKTB,4817812.5
RJGPVEXX,WPQXWHYO,10851188.0
RJGPVEXX,VWMBASNE,166400.94
RJGPVEXX,ATLDMDBO,39914290.0
RJGPVEXX,SAHWCZNH,1991407.1
RJGPVEXX,LUENUFGA,3457735.2
RJGPVEXX,HXYSSRXE,5751322.0
RJGPVEXX,QRKRBYJL,1757269.8
RJGPVEXX,FRHNWLNI,1044576.7
RJGPVEXX,MBSBZBXA,4478066.0
RJGPVEXX,BJALXPFS,175514.12
RJGPVEXX,RAWUKQMJ,3338082.5
RJGPVEXX,ZGJXVMNI,2541509.2
RJGPVEXX,LRVGFDFM,4878393.5
RJGPVEXX,BTMOEMEP,12608985.0
RJGPVEXX,UXSPKBJR,309377.2
RJGPVEXX,BEZYMBBT,3461793.8
RJGPVEXX,SAAYMURU,25764.697
RJGPVEXX,QJQJSWFU,126267.91
RJGPVEXX,EVBVXETX,4932115.5
RJGPVEXX,DUCMGGNW,1170978.9
RJGPVEXX,OJIFIHMZ,1207252.6
RJGPVEXX,STZDBITS,40090770.0
RJGPVEXX,SNHYOVBM,471851.9
RJGPVEXX,LPHPPJUG,1331476.8
RJGPVEXX,FCYBOAXC,118587960.0
RJGPVEXX,JPBRUTWP,5327647.5
RJGPVEXX,LTOYKIML,346724.44
RJGPVEXX,QVLMOEYE,1254539.9
RJGPVEXX,JERHKLYW,5444.775
RJGPVEXX,ZXERAXWP,13624.952
RJGPVEXX,LSOIUSXD,96354.664
RJGPVEXX,XUOIQPFL,2383955.0
RJGPVEXX,WBLJNPZQ,151451.47
RJGPVEXX,OXKURKXR,103803.18
RJGPVEXX,AXULOHBQ,62638.285
RJGPVEXX,DBWLZWNK,161473.83
RJGPVEXX,NZKBIBNU,201957.69
RJGPVEXX,OKMBFVKS,1766541.5
RJGPVEXX,VUAFAIYJ,426510.72
RJGPVEXX,CCLHWFWF,18773756.0
RJGPVEXX,OGAFEHLU,51.198006
RJGPVEXX,SDWAYPIK,4273224.5
RJGPVEXX,UIFPPCLR,4741.9185
RJGPVEXX,KEUWZRKO,325373.72
RJGPVEXX,FQCLOEXA,1643688.9
RJGPVEXX,APQGTRMF,1433.8978
RJGPVEXX,ZCELVYQU,9698.786
RJGPVEXX,KAGJCHMR,5240.9976
RJGPVEXX,KJNSOAHR,8982903.0
RJGPVEXX,QKXNTIIB,1446017.2
RJGPVEXX,GKQIJYDH,12389634.0
RJGPVEXX,VBYCLTYZ,305608.1
RJGPVEXX,GYHKIVQT,12114614.0
RJGPVEXX,ROACSLMG,1989476.6
RJGPVEXX,VMAQSTJE,60062.56
RJGPVEXX,XIFHSOWQ,45665.28
RJGPVEXX,FITUEHWN,109303.25
RJGPVEXX,UGEQLMXM,128953.85
RJGPVEXX,BUZIIBYG,17409080.0
RJGPVEXX,JBVHSUWY,234504.3
RJGPVEXX,NAQIHUKZ,16.687853
RJGPVEXX,MIRCVAMV,952.8356
RJGPVEXX,AANGBULD,77128.46
RJGPVEXX,WHPUAOID,27149.256
RJGPVEXX,UQYUIVVR,3807886.0
RJGPVEXX,FWUCPMMW,69.135605
RJGPVEXX,IGDVVKUD,2402.0142
RJGPVEXX,FDXPMYGF,6512.6753
RJGPVEXX,QSDCUCLB,1.5514486
RJGPVEXX,YSYHGLQK,3936.4136
RJGPVEXX,PYZMVUWD,131.91324
RJGPVEXX,HCDTGMST,144825.98
RJGPVEXX,JSLXRQOK,144.58861
RJGPVEXX,XIIEJNEE,993.3276
RJGPVEXX,BLANHGYY,206.29228
RJGPVEXX,DJBLNPNC,25.741993
RJGPVEXX,ANWUJOKX,1.1523438
RJGPVEXX,GMBFCMIU,1.3882377
RJGPVEXX,TGOELCAG,50297.68
RJGPVEXX,RUVXNNVA,3.2571201
RJGPVEXX,TANNMIMB,26.473291
RJGPVEXX,GIKPEWTY,0.17120963
RJGPVEXX,PLMZALFA,1.3882377
RJGPVEXX,KFQSHBNH,20684.459
RJGPVEXX,RJCAXSGH,16358.238
ATLDMDBO,DEWLVASR,233482.02
ATLDMDBO,ELQGMQWE,455700.6
ATLDMDBO,AHMDUILJ,100953.734
ATLDMDBO,XIPPENFQ,116163.62
ATLDMDBO,FTSVTTSR,183723.9
ATLDMDBO,XMKRPGLB,801278.8
ATLDMDBO,RCBZUSIM,7446.5674
ATLDMDBO,SUOYXCHP,336.03543
ATLDMDBO,ZKENOUDA,282824.56
ATLDMDBO,WQMVCOEM,2016.5972
ATLDMDBO,BSRMSVTC,129361.56
ATLDMDBO,DDEXPPXU,25894.32
ATLDMDBO,LLHREMKS,27616.342
ATLDMDBO,DNMPSKTB,4782481.5
ATLDMDBO,WPQXWHYO,10831275.0
ATLDMDBO,VWMBASNE,166409.52
ATLDMDBO,RJGPVEXX,580590.06
ATLDMDBO,SAHWCZNH,1991131.8
ATLDMDBO,LUENUFGA,3457821.0
ATLDMDBO,HXYSSRXE,5688026.0
ATLDMDBO,QRKRBYJL,1757026.8
ATLDMDBO,FRHNWLNI,1045707.94
ATLDMDBO,MBSBZBXA,4478177.0
ATLDMDBO,BJALXPFS,175470.27
ATLDMDBO,RAWUKQMJ,3341551.0
ATLDMDBO,ZGJXVMNI,2541225.8
ATLDMDBO,LRVGFDFM,4877719.0
ATLDMDBO,BTMOEMEP,12609273.0
ATLDMDBO,UXSPKBJR,309334.4
ATLDMDBO,BEZYMBBT,3457702.2
ATLDMDBO,SAAYMURU,25708.365
ATLDMDBO,QJQJSWFU,126205.91
ATLDMDBO,EVBVXETX,4828580.5
ATLDMDBO,DUCMGGNW,1170817.0
ATLDMDBO,OJIFIHMZ,1205793.6
ATLDMDBO,STZDBITS,40065850.0
ATLDMDBO,SNHYOVBM,471950.94
ATLDMDBO,LPHPPJUG,1312709.4
ATLDMDBO,FCYBOAXC,112683160.0
ATLDMDBO,JPBRUTWP,5192587.0
ATLDMDBO,LTOYKIML,346676.5
ATLDMDBO,QVLMOEYE,1247321.1
ATLDMDBO,JERHKLYW,5451.796
ATLDMDBO,ZXERAXWP,13636.211
ATLDMDBO,LSOIUSXD,96385.73
ATLDMDBO,XUOIQPFL,2383689.0
ATLDMDBO,WBLJNPZQ,151413.64
ATLDMDBO,OXKURKXR,103752.21
ATLDMDBO,AXULOHBQ,62607.527
ATLDMDBO,DBWLZWNK,161451.5
ATLDMDBO,NZKBIBNU,202089.08
ATLDMDBO,OKMBFVKS,1767114.5
ATLDMDBO,VUAFAIYJ,426323.25
ATLDMDBO,CCLHWFWF,18762088.0
ATLDMDBO,OGAFEHLU,50.170017
ATLDMDBO,SDWAYPIK,4273330.5
ATLDMDBO,UIFPPCLR,4743.6147
ATLDMDBO,KEUWZRKO,325328.75
ATLDMDBO,FQCLOEXA,1643505.5
ATLDMDBO,APQGTRMF,1431.8213
ATLDMDBO,ZCELVYQU,9702.256
ATLDMDBO,KAGJCHMR,5246.2544
ATLDMDBO,KJNSOAHR,8983108.0
ATLDMDBO,QKXNTIIB,1445817.2
ATLDMDBO,GKQIJYDH,12389917.0
ATLDMDBO,VBYCLTYZ,305565.84
ATLDMDBO,GYHKIVQT,12114892.0
ATLDMDBO,ROACSLMG,1949287.5
ATLDMDBO,VMAQSTJE,60049.785
ATLDMDBO,XIFHSOWQ,45642.86
ATLDMDBO,FITUEHWN,109249.58
ATLDMDBO,UGEQLMXM,128890.53
ATLDMDBO,BUZIIBYG,17239272.0
ATLDMDBO,JBVHSUWY,234401.22
ATLDMDBO,NAQIHUKZ,16.56115
ATLDMDBO,MIRCVAMV,953.11487
ATLDMDBO,AANGBULD,77130.445
ATLDMDBO,WHPUAOID,27216.297
ATLDMDBO,UQYUIVVR,3812257.2
ATLDMDBO,FWUCPMMW,69.23936
ATLDMDBO,IGDVVKUD,2399.236
ATLDMDBO,FDXPMYGF,6512.3706
ATLDMDBO,QSDCUCLB,1.5379674
ATLDMDBO,YSYHGLQK,3931.6663
ATLDMDBO,PYZMVUWD,131.95343
ATLDMDBO,HCDTGMST,144749.06
ATLDMDBO,JSLXRQOK,144.94588
ATLDMDBO,XIIEJNEE,992.5939
ATLDMDBO,BLANHGYY,206.05835
ATLDMDBO,DJBLNPNC,25.758135
ATLDMDBO,ANWUJOKX,1.0129857
ATLDMDBO,GMBFCMIU,0.80220544
ATLDMDBO,TGOELCAG,50298.977
ATLDMDBO,RUVXNNVA,3.085188
ATLDMDBO,TANNMIMB,22.928137
ATLDMDBO,GIKPEWTY,0.102138996
ATLDMDBO,PLMZALFA,0.80220544
ATLDMDBO,KFQSHBNH,20704.215
ATLDMDBO,RJCAXSGH,16373.862
SAHWCZNH,DEWLVASR,233516.53
SAHWCZNH,ELQGMQWE,455767.97
SAHWCZNH,AHMDUILJ,101483.984
SAHWCZNH,XIPPENFQ,116193.76
SAHWCZNH,FTSVTTSR,183771.56
SAHWCZNH,XMKRPGLB,801397.3
SAHWCZNH,RCBZUSIM,7448.777
SAHWCZNH,SUOYXCHP,336.41187
SAHWCZNH,ZKENOUDA,282866.38
SAHWCZNH,WQMVCOEM,2018.0975
SAHWCZNH,BSRMSVTC,129419.68
SAHWCZNH,DDEXPPXU,25880.865
SAHWCZNH,LLHREMKS,27788.865
SAHWCZNH,DNMPSKTB,4794318.0
SAHWCZNH,WPQXWHYO,10808018.0
SAHWCZNH,VWMBASNE,166402.53
SAHWCZNH,RJGPVEXX,579967.5
SAHWCZNH,ATLDMDBO,39914590.0
SAHWCZNH,LUENUFGA,3457768.2
SAHWCZNH,HXYSSRXE,5703175.0
SAHWCZNH,QRKRBYJL,1757286.5
SAHWCZNH,FRHNWLNI,1044586.6
SAHWCZNH,MBSBZBXA,4478108.5
SAHWCZNH,BJALXPFS,175515.8
SAHWCZNH,RAWUKQMJ,3337255.0
SAHWCZNH,ZGJXVMNI,2541533.5
SAHWCZNH,LRVGFDFM,4878440.0
SAHWCZNH,BTMOEMEP,12609081.0
SAHWCZNH,UXSPKBJR,309380.12
SAHWCZNH,BEZYMBBT,3461826.8
SAHWCZNH,SAAYMURU,25764.943
SAHWCZNH,QJQJSWFU,126168.72
SAHWCZNH,EVBVXETX,4902197.0
SAHWCZNH,DUCMGGNW,1170990.1
SAHWCZNH,OJIFIHMZ,1207264.1
SAHWCZNH,STZDBITS,40091076.0
SAHWCZNH,SNHYOVBM,471856.4
SAHWCZNH,LPHPPJUG,1304973.0
SAHWCZNH,FCYBOAXC,111474920.0
SAHWCZNH,JPBRUTWP,5231906.0
SAHWCZNH,LTOYKIML,346727.75
SAHWCZNH,QVLMOEYE,1243764.8
SAHWCZNH,JERHKLYW,5448.7026
SAHWCZNH,ZXERAXWP,13625.082
SAHWCZNH,LSOIUSXD,96355.586
SAHWCZNH,XUOIQPFL,2383977.8
SAHWCZNH,WBLJNPZQ,151452.92
SAHWCZNH,OXKURKXR,103804.164
SAHWCZNH,AXULOHBQ,62638.883
SAHWCZNH,DBWLZWNK,161475.36
SAHWCZNH,NZKBIBNU,200698.16
SAHWCZNH,OKMBFVKS,1766103.6
SAHWCZNH,VUAFAIYJ,426514.78
SAHWCZNH,CCLHWFWF,18773900.0
SAHWCZNH,OGAFEHLU,51.321144
SAHWCZNH,SDWAYPIK,4273265.5
SAHWCZNH,UIFPPCLR,4741.964
SAHWCZNH,KEUWZRKO,325376.84
SAHWCZNH,FQCLOEXA,1643704.6
SAHWCZNH,APQGTRMF,1434.932
SAHWCZNH,ZCELVYQU,9702.357
SAHWCZNH,KAGJCHMR,5244.7783
SAHWCZNH,KJNSOAHR,8982971.0
SAHWCZNH,QKXNTIIB,1446031.0
SAHWCZNH,GKQIJYDH,12389728.0
SAHWCZNH,VBYCLTYZ,305611.0
SAHWCZNH,GYHKIVQT,12114707.0
SAHWCZNH,ROACSLMG,1973241.5
SAHWCZNH,VMAQSTJE,60063.13
SAHWCZNH,XIFHSOWQ,45665.72
SAHWCZNH,FITUEHWN,109304.3
SAHWCZNH,UGEQLMXM,128955.08
SAHWCZNH,BUZIIBYG,17377828.0
SAHWCZNH,JBVHSUWY,234506.53
SAHWCZNH,NAQIHUKZ,16.729578
SAHWCZNH,MIRCVAMV,953.8936
SAHWCZNH,AANGBULD,77218.03
SAHWCZNH,WHPUAOID,27149.514
SAHWCZNH,UQYUIVVR,3807922.5
SAHWCZNH,FWUCPMMW,69.57626
SAHWCZNH,IGDVVKUD,2402.036
SAHWCZNH,FDXPMYGF,6630.873
SAHWCZNH,QSDCUCLB,1.1699023
SAHWCZNH,YSYHGLQK,3940.7866
SAHWCZNH,PYZMVUWD,131.68117
SAHWCZNH,HCDTGMST,144907.62
SAHWCZNH,JSLXRQOK,144.66298
SAHWCZNH,XIIEJNEE,990.8855
SAHWCZNH,BLANHGYY,206.52223
SAHWCZNH,DJBLNPNC,25.816406
SAHWCZNH,ANWUJOKX,1.0286052
SAHWCZNH,GMBFCMIU,0.8420514
SAHWCZNH,TGOELCAG,50356.094
SAHWCZNH,RUVXNNVA,2.4367669
SAHWCZNH,TANNMIMB,23.53342
SAHWCZNH,GIKPEWTY,0.11565428
SAHWCZNH,PLMZALFA,0.8420514
SAHWCZNH,KFQSHBNH,20692.074
SAHWCZNH,RJCAXSGH,16364.261
LUENUFGA,DEWLVASR,233514.31
LUENUFGA,ELQGMQWE,455763.62
LUENUFGA,AHMDUILJ,100664.55
LUENUFGA,XIPPENFQ,116192.65
LUENUFGA,FTSVTTSR,183769.81
LUENUFGA,XMKRPGLB,801389.6
LUENUFGA,RCBZUSIM,7448.7056
LUENUFGA,SUOYXCHP,336.37357
LUENUFGA,ZKENOUDA,282863.7
LUENUFGA,WQMVCOEM,2017.8684
LUENUFGA,BSRMSVTC,129418.445
LUENUFGA,DDEXPPXU,25902.447
LUENUFGA,LLHREMKS,27634.705
LUENUFGA,DNMPSKTB,4796037.5
LUENUFGA,WPQXWHYO,10821962.0
LUENUFGA,VWMBASNE,166400.94
LUENUFGA,RJGPVEXX,580395.75
LUENUFGA,ATLDMDBO,39911244.0
LUENUFGA,SAHWCZNH,1991407.1
LUENUFGA,HXYSSRXE,5710522.5
LUENUFGA,QRKRBYJL,1757269.8
LUENUFGA,FRHNWLNI,1045358.0
LUENUFGA,MBSBZBXA,4478066.0
LUENUFGA,BJALXPFS,175514.12
LUENUFGA,RAWUKQMJ,3336943.0
LUENUFGA,ZGJXVMNI,2541313.0
LUENUFGA,LRVGFDFM,4878393.5
LUENUFGA,BTMOEMEP,12608985.0
LUENUFGA,UXSPKBJR,309377.2
LUENUFGA,BEZYMBBT,3461526.2
LUENUFGA,SAAYMURU,25764.697
LUENUFGA,QJQJSWFU,126267.91
LUENUFGA,EVBVXETX,4866730.0
LUENUFGA,DUCMGGNW,1170978.9
LUENUFGA,OJIFIHMZ,1207252.6
LUENUFGA,STZDBITS,40090770.0
LUENUFGA,SNHYOVBM,471851.9
LUENUFGA,LPHPPJUG,1305218.1
LUENUFGA,FCYBOAXC,107190690.0
LUENUFGA,JPBRUTWP,5238431.0
LUENUFGA,LTOYKIML,346724.44
LUENUFGA,QVLMOEYE,1247811.4
LUENUFGA,JERHKLYW,5449.072
LUENUFGA,ZXERAXWP,13626.005
LUENUFGA,LSOIUSXD,96354.664
LUENUFGA,XUOIQPFL,2383770.8
LUENUFGA,WBLJNPZQ,151451.47
LUENUFGA,OXKURKXR,103803.18
LUENUFGA,AXULOHBQ,62638.285
LUENUFGA,DBWLZWNK,161473.83
LUENUFGA,NZKBIBNU,201904.34
LUENUFGA,OKMBFVKS,1766694.9
LUENUFGA,VUAFAIYJ,426510.72
LUENUFGA,CCLHWFWF,18773756.0
LUENUFGA,OGAFEHLU,51.24294
LUENUFGA,SDWAYPIK,4273224.5
LUENUFGA,UIFPPCLR,4741.9185
LUENUFGA,KEUWZRKO,325373.72
LUENUFGA,FQCLOEXA,1643562.0
LUENUFGA,APQGTRMF,1434.919
LUENUFGA,ZCELVYQU,9698.786
LUENUFGA,KAGJCHMR,5244.728
LUENUFGA,KJNSOAHR,8982903.0
LUENUFGA,QKXNTIIB,1446017.2
LUENUFGA,GKQIJYDH,12389634.0
LUENUFGA,VBYCLTYZ,305608.1
LUENUFGA,GYHKIVQT,12114614.0
LUENUFGA,ROACSLMG,1971009.1
LUENUFGA,VMAQSTJE,60062.56
LUENUFGA,XIFHSOWQ,45668.81
LUENUFGA,FITUEHWN,109311.695
LUENUFGA,UGEQLMXM,128953.85
LUENUFGA,BUZIIBYG,17286520.0
LUENUFGA,JBVHSUWY,234504.3
LUENUFGA,NAQIHUKZ,16.703074
LUENUFGA,MIRCVAMV,953.5144
LUENUFGA,AANGBULD,77149.72
LUENUFGA,WHPUAOID,27149.256
LUENUFGA,UQYUIVVR,3807886.0
LUENUFGA,FWUCPMMW,69.2048
LUENUFGA,IGDVVKUD,2403.854
LUENUFGA,FDXPMYGF,6598.557
LUENUFGA,QSDCUCLB,1.1364267
LUENUFGA,YSYHGLQK,3939.2156
LUENUFGA,PYZMVUWD,132.00783
LUENUFGA,HCDTGMST,145316.98
LUENUFGA,JSLXRQOK,144.69223
LUENUFGA,XIIEJNEE,993.3276
LUENUFGA,BLANHGYY,206.43982
LUENUFGA,DJBLNPNC,25.787222
LUENUFGA,ANWUJOKX,0.9816052
LUENUFGA,GMBFCMIU,0.6766015
LUENUFGA,TGOELCAG,50311.547
LUENUFGA,RUVXNNVA,2.1914363
LUENUFGA,TANNMIMB,22.527647
LUENUFGA,GIKPEWTY,0.093952596
LUENUFGA,PLMZALFA,0.6766015
LUENUFGA,KFQSHBNH,20684.459
LUENUFGA,RJCAXSGH,16358.238
HXYSSRXE,DEWLVASR,233568.66
HXYSSRXE,ELQGMQWE,455869.7
HXYSSRXE,AHMDUILJ,101516.8
HXYSSRXE,XIPPENFQ,116219.69
HXYSSRXE,FTSVTTSR,183812.58
HXYSSRXE,XMKRPGLB,801576.1
HXYSSRXE,RCBZUSIM,7452.792
HXYSSRXE,SUOYXCHP,336.19168
HXYSSRXE,ZKENOUDA,282929.5
HXYSSRXE,WQMVCOEM,2017.9502
HXYSSRXE,BSRMSVTC,129448.57
HXYSSRXE,DDEXPPXU,25866.873
HXYSSRXE,LLHREMKS,27719.25
HXYSSRXE,DNMPSKTB,4808778.5
HXYSSRXE,WPQXWHYO,10832742.0
HXYSSRXE,VWMBASNE,166439.67
HXYSSRXE,RJGPVEXX,580879.75
HXYSSRXE,ATLDMDBO,39920610.0
HXYSSRXE,SAHWCZNH,1991870.6
HXYSSRXE,LUENUFGA,3458540.0
HXYSSRXE,QRKRBYJL,1757678.8
HXYSSRXE,FRHNWLNI,1045601.25
HXYSSRXE,MBSBZBXA,4479108.0
HXYSSRXE,BJALXPFS,175554.97
HXYSSRXE,RAWUKQMJ,3337582.8
HXYSSRXE,ZGJXVMNI,2541904.5
HXYSSRXE,LRVGFDFM,4879529.0
HXYSSRXE,BTMOEMEP,12611943.0
HXYSSRXE,UXSPKBJR,309449.2
HXYSSRXE,BEZYMBBT,3462331.8
HXYSSRXE,SAAYMURU,25770.693
HXYSSRXE,QJQJSWFU,126297.29
HXYSSRXE,EVBVXETX,4960257.0
HXYSSRXE,DUCMGGNW,1171251.4
HXYSSRXE,OJIFIHMZ,1207533.5
HXYSSRXE,STZDBITS,40100176.0
HXYSSRXE,SNHYOVBM,472151.72
HXYSSRXE,LPHPPJUG,1325002.6
HXYSSRXE,FCYBOAXC,109910900.0
HXYSSRXE,JPBRUTWP,5285890.0
HXYSSRXE,LTOYKIML,346805.12
HXYSSRXE,QVLMOEYE,1250095.9
HXYSSRXE,JERHKLYW,5441.4937
HXYSSRXE,ZXERAXWP,13629.177
HXYSSRXE,LSOIUSXD,96377.086
HXYSSRXE,XUOIQPFL,2384325.5
HXYSSRXE,WBLJNPZQ,151486.72
HXYSSRXE,OXKURKXR,103827.336
HXYSSRXE,AXULOHBQ,62652.863
HXYSSRXE,DBWLZWNK,161511.4
HXYSSRXE,NZKBIBNU,201764.78
HXYSSRXE,OKMBFVKS,1765303.8
HXYSSRXE,VUAFAIYJ,426609.97
HXYSSRXE,CCLHWFWF,18778160.0
HXYSSRXE,OGAFEHLU,51.571136
HXYSSRXE,SDWAYPIK,4274219.0
HXYSSRXE,UIFPPCLR,4731.734
HXYSSRXE,KEUWZRKO,325449.44
HXYSSRXE,FQCLOEXA,1643944.5
HXYSSRXE,APQGTRMF,1434.0284
HXYSSRXE,ZCELVYQU,9704.515
HXYSSRXE,KAGJCHMR,5245.729
HXYSSRXE,KJNSOAHR,8985010.0
HXYSSRXE,QKXNTIIB,1446353.8
HXYSSRXE,GKQIJYDH,12392541.0
HXYSSRXE,VBYCLTYZ,305679.22
HXYSSRXE,GYHKIVQT,12117457.0
HXYSSRXE,ROACSLMG,1985341.0
HXYSSRXE,VMAQSTJE,60076.535
HXYSSRXE,XIFHSOWQ,45679.438
HXYSSRXE,FITUEHWN,109337.13
HXYSSRXE,UGEQLMXM,128983.86
HXYSSRXE,BUZIIBYG,17374316.0
HXYSSRXE,JBVHSUWY,234558.86
HXYSSRXE,NAQIHUKZ,16.788881
HXYSSRXE,MIRCVAMV,954.67163
HXYSSRXE,AANGBULD,77164.44
HXYSSRXE,WHPUAOID,27178.166
HXYSSRXE,UQYUIVVR,3808772.2
HXYSSRXE,FWUCPMMW,69.29541
HXYSSRXE,IGDVVKUD,2400.5112
HXYSSRXE,FDXPMYGF,6532.291
HXYSSRXE,QSDCUCLB,1.1847341
HXYSSRXE,YSYHGLQK,3946.9302
HXYSSRXE,PYZMVUWD,131.94228
HXYSSRXE,HCDTGMST,144920.34
HXYSSRXE,JSLXRQOK,144.72008
HXYSSRXE,XIIEJNEE,992.69104
HXYSSRXE,BLANHGYY,206.89453
HXYSSRXE,DJBLNPNC,25.86989
HXYSSRXE,ANWUJOKX,1.0009077
HXYSSRXE,GMBFCMIU,0.8506162
HXYSSRXE,TGOELCAG,50321.145
HXYSSRXE,RUVXNNVA,2.563515
HXYSSRXE,TANNMIMB,23.117376
HXYSSRXE,GIKPEWTY,0.10161033
HXYSSRXE,PLMZALFA,0.8506162
HXYSSRXE,KFQSHBNH,20703.287
HXYSSRXE,RJCAXSGH,16373.128
QRKRBYJL,DEWLVASR,233518.55
QRKRBYJL,ELQGMQWE,455771.88
QRKRBYJL,AHMDUILJ,101906.25
QRKRBYJL,XIPPENFQ,116194.75
QRKRBYJL,FTSVTTSR,183773.14
QRKRBYJL,XMKRPGLB,801404.2
QRKRBYJL,RCBZUSIM,7450.1196
QRKRBYJL,SUOYXCHP,336.48074
QRKRBYJL,ZKENOUDA,282868.8
QRKRBYJL,WQMVCOEM,2018.5096
QRKRBYJL,BSRMSVTC,129420.79
QRKRBYJL,DDEXPPXU,25868.082
QRKRBYJL,LLHREMKS,27731.889
QRKRBYJL,DNMPSKTB,4818915.0
QRKRBYJL,WPQXWHYO,10830118.0
QRKRBYJL,VWMBASNE,166403.95
QRKRBYJL,RJGPVEXX,579926.0
QRKRBYJL,ATLDMDBO,39914976.0
QRKRBYJL,SAHWCZNH,1991443.2
QRKRBYJL,LUENUFGA,3457798.0
QRKRBYJL,HXYSSRXE,5728686.5
QRKRBYJL,FRHNWLNI,1044595.6
QRKRBYJL,MBSBZBXA,4478147.0
QRKRBYJL,BJALXPFS,175517.3
QRKRBYJL,RAWUKQMJ,3340592.0
QRKRBYJL,ZGJXVMNI,2541555.5
QRKRBYJL,LRVGFDFM,4878482.0
QRKRBYJL,BTMOEMEP,12609201.0
QRKRBYJL,UXSPKBJR,309382.78
QRKRBYJL,BEZYMBBT,3461856.5
QRKRBYJL,SAAYMURU,25737.902
QRKRBYJL,QJQJSWFU,126169.805
QRKRBYJL,EVBVXETX,4933616.0
QRKRBYJL,DUCMGGNW,1171000.1
QRKRBYJL,OJIFIHMZ,1207274.5
QRKRBYJL,STZDBITS,40091456.0
QRKRBYJL,SNHYOVBM,471327.97
QRKRBYJL,LPHPPJUG,1315962.0
QRKRBYJL,FCYBOAXC,113950560.0
QRKRBYJL,JPBRUTWP,5253881.0
QRKRBYJL,LTOYKIML,346730.72
QRKRBYJL,QVLMOEYE,1241986.8
QRKRBYJL,JERHKLYW,5449.685
QRKRBYJL,ZXERAXWP,13622.354
QRKRBYJL,LSOIUSXD,96356.414
QRKRBYJL,XUOIQPFL,2383998.0
QRKRBYJL,WBLJNPZQ,151454.22
QRKRBYJL,OXKURKXR,103805.06
QRKRBYJL,AXULOHBQ,62639.418
QRKRBYJL,DBWLZWNK,161476.75
QRKRBYJL,NZKBIBNU,201109.52
QRKRBYJL,OKMBFVKS,1767869.6
QRKRBYJL,VUAFAIYJ,426518.44
QRKRBYJL,CCLHWFWF,18774080.0
QRKRBYJL,OGAFEHLU,51.40054
QRKRBYJL,SDWAYPIK,4273302.0
QRKRBYJL,UIFPPCLR,4741.0137
QRKRBYJL,KEUWZRKO,325379.62
QRKRBYJL,FQCLOEXA,1643718.8
QRKRBYJL,APQGTRMF,1434.3932
QRKRBYJL,ZCELVYQU,9700.415
QRKRBYJL,KAGJCHMR,5245.7236
QRKRBYJL,KJNSOAHR,8983057.0
QRKRBYJL,QKXNTIIB,1446043.4
QRKRBYJL,GKQIJYDH,12389846.0
QRKRBYJL,VBYCLTYZ,305613.62
QRKRBYJL,GYHKIVQT,12114822.0
QRKRBYJL,ROACSLMG,1977325.6
QRKRBYJL,VMAQSTJE,60063.645
QRKRBYJL,XIFHSOWQ,45666.11
QRKRBYJL,FITUEHWN,109305.234
QRKRBYJL,UGEQLMXM,128956.19
QRKRBYJL,BUZIIBYG,17431144.0
QRKRBYJL,JBVHSUWY,234508.53
QRKRBYJL,NAQIHUKZ,16.756483
QRKRBYJL,MIRCVAMV,953.53534
QRKRBYJL,AANGBULD,77249.625
QRKRBYJL,WHPUAOID,27149.748
QRKRBYJL,UQYUIVVR,3807955.0
QRKRBYJL,FWUCPMMW,69.5108
QRKRBYJL,IGDVVKUD,2400.848
QRKRBYJL,FDXPMYGF,6579.3574
QRKRBYJL,QSDCUCLB,1.367063
QRKRBYJL,YSYHGLQK,3941.501
QRKRBYJL,PYZMVUWD,131.73103
QRKRBYJL,HCDTGMST,144821.14
QRKRBYJL,JSLXRQOK,144.71773
QRKRBYJL,XIIEJNEE,988.8345
QRKRBYJL,BLANHGYY,206.55963
QRKRBYJL,DJBLNPNC,25.866693
QRKRBYJL,ANWUJOKX,1.1105299
QRKRBYJL,GMBFCMIU,1.6940832
QRKRBYJL,TGOELCAG,50328.87
QRKRBYJL,RUVXNNVA,2.790341
QRKRBYJL,TANNMIMB,27.228054
QRKRBYJL,GIKPEWTY,0.14820783
QRKRBYJL,PLMZALFA,1.6940832
QRKRBYJL,KFQSHBNH,20692.252
QRKRBYJL,RJCAXSGH,16364.401
FRHNWLNI,DEWLVASR,233514.31
FRHNWLNI,ELQGMQWE,455763.62
FRHNWLNI,AHMDUILJ,100745.32
FRHNWLNI,XIPPENFQ,116192.65
FRHNWLNI,FTSVTTSR,183769.81
FRHNWLNI,XMKRPGLB,801389.6
FRHNWLNI,RCBZUSIM,7443.407
FRHNWLNI,SUOYXCHP,336.37357
FRHNWLNI,ZKENOUDA,282863.7
FRHNWLNI,WQMVCOEM,2017.8684
FRHNWLNI,BSRMSVTC,129418.445
FRHNWLNI,DDEXPPXU,25880.617
FRHNWLNI,LLHREMKS,27684.271
FRHNWLNI,DNMPSKTB,4799116.5
FRHNWLNI,WPQXWHYO,10801938.0
FRHNWLNI,VWMBASNE,166400.94
FRHNWLNI,RJGPVEXX,579961.94
FRHNWLNI,ATLDMDBO,39914290.0
FRHNWLNI,SAHWCZNH,1991407.1
FRHNWLNI,LUENUFGA,3457735.2
FRHNWLNI,HXYSSRXE,5720072.0
FRHNWLNI,QRKRBYJL,1757269.8
FRHNWLNI,MBSBZBXA,4478066.0
FRHNWLNI,BJALXPFS,175514.12
FRHNWLNI,RAWUKQMJ,3334776.5
FRHNWLNI,ZGJXVMNI,2541509.2
FRHNWLNI,LRVGFDFM,4878393.5
FRHNWLNI,BTMOEMEP,12608985.0
FRHNWLNI,UXSPKBJR,309377.2
FRHNWLNI,BEZYMBBT,3461793.8
FRHNWLNI,SAAYMURU,25764.697
FRHNWLNI,QJQJSWFU,126267.91
FRHNWLNI,EVBVXETX,4905892.0
FRHNWLNI,DUCMGGNW,1170978.9
FRHNWLNI,OJIFIHMZ,1207252.6
FRHNWLNI,STZDBITS,40090770.0
FRHNWLNI,SNHYOVBM,471851.9
FRHNWLNI,LPHPPJUG,1309427.2
FRHNWLNI,FCYBOAXC,105888950.0
FRHNWLNI,JPBRUTWP,5254261.5
FRHNWLNI,LTOYKIML,346724.44
FRHNWLNI,QVLMOEYE,1246544.6
FRHNWLNI,JERHKLYW,5444.775
FRHNWLNI,ZXERAXWP,13624.952
FRHNWLNI,LSOIUSXD,96354.664
FRHNWLNI,XUOIQPFL,2383955.0
FRHNWLNI,WBLJNPZQ,151451.47
FRHNWLNI,OXKURKXR,103803.18
FRHNWLNI,AXULOHBQ,62638.285
FRHNWLNI,DBWLZWNK,161473.83
FRHNWLNI,NZKBIBNU,201836.38
FRHNWLNI,OKMBFVKS,1764792.0
FRHNWLNI,VUAFAIYJ,426510.72
FRHNWLNI,CCLHWFWF,18773756.0
FRHNWLNI,OGAFEHLU,51.103447
FRHNWLNI,SDWAYPIK,4273224.5
FRHNWLNI,UIFPPCLR,4741.9185
FRHNWLNI,KEUWZRKO,325373.72
FRHNWLNI,FQCLOEXA,1643688.9
FRHNWLNI,APQGTRMF,1433.8978
FRHNWLNI,ZCELVYQU,9698.786
FRHNWLNI,KAGJCHMR,5240.9976
FRHNWLNI,KJNSOAHR,8982903.0
FRHNWLNI,QKXNTIIB,1446017.2
FRHNWLNI,GKQIJYDH,12389634.0
FRHNWLNI,VBYCLTYZ,305608.1
FRHNWLNI,GYHKIVQT,12114614.0
FRHNWLNI,ROACSLMG,1976070.1
FRHNWLNI,VMAQSTJE,60062.56
FRHNWLNI,XIFHSOWQ,45665.28
FRHNWLNI,FITUEHWN,109303.25
FRHNWLNI,UGEQLMXM,128953.85
FRHNWLNI,BUZIIBYG,17330000.0
FRHNWLNI,JBVHSUWY,234504.3
FRHNWLNI,NAQIHUKZ,16.65581
FRHNWLNI,MIRCVAMV,952.8356
FRHNWLNI,AANGBULD,77089.63
FRHNWLNI,WHPUAOID,27149.256
FRHNWLNI,UQYUIVVR,3807886.0
FRHNWLNI,FWUCPMMW,69.100266
FRHNWLNI,IGDVVKUD,2402.0142
FRHNWLNI,FDXPMYGF,6512.6753
FRHNWLNI,QSDCUCLB,1.4512799
FRHNWLNI,YSYHGLQK,3936.4136
FRHNWLNI,PYZMVUWD,131.91324
FRHNWLNI,HCDTGMST,144637.02
FRHNWLNI,JSLXRQOK,144.58861
FRHNWLNI,XIIEJNEE,993.3276
FRHNWLNI,BLANHGYY,206.29228
FRHNWLNI,DJBLNPNC,25.728518
FRHNWLNI,ANWUJOKX,0.9872035
FRHNWLNI,GMBFCMIU,0.6471857
FRHNWLNI,TGOELCAG,50272.36
FRHNWLNI,RUVXNNVA,2.9572618
FRHNWLNI,TANNMIMB,22.279913
FRHNWLNI,GIKPEWTY,0.09442682
FRHNWLNI,PLMZALFA,0.6471857
FRHNWLNI,KFQSHBNH,20684.459
FRHNWLNI,RJCAXSGH,16358.238
MBSBZBXA,DEWLVASR,234356.28
MBSBZBXA,ELQGMQWE,455868.38
MBSBZBXA,AHMDUILJ,100862.7
MBSBZBXA,XIPPENFQ,116223.46
MBSBZBXA,FTSVTTSR,183818.55
MBSBZBXA,XMKRPGLB,801573.9
MBSBZBXA,RCBZUSIM,7445.3887
MBSBZBXA,SUOYXCHP,337.82114
MBSBZBXA,ZKENOUDA,282664.4
MBSBZBXA,WQMVCOEM,2019.4304
MBSBZBXA,BSRMSVTC,129452.766
MBSBZBXA,DDEXPPXU,25888.912
MBSBZBXA,LLHREMKS,27812.646
MBSBZBXA,DNMPSKTB,4837951.5
MBSBZBXA,WPQXWHYO,10946876.0
MBSBZBXA,VWMBASNE,166445.06
MBSBZBXA,RJGPVEXX,580110.75
MBSBZBXA,ATLDMDBO,39922284.0
MBSBZBXA,SAHWCZNH,1991864.9
MBSBZBXA,LUENUFGA,3458329.0
MBSBZBXA,HXYSSRXE,5776437.0
MBSBZBXA,QRKRBYJL,1757673.8
MBSBZBXA,FRHNWLNI,1044844.7
MBSBZBXA,BJALXPFS,175560.66
MBSBZBXA,RAWUKQMJ,3337671.8
MBSBZBXA,ZGJXVMNI,2542013.5
MBSBZBXA,LRVGFDFM,4882196.0
MBSBZBXA,BTMOEMEP,12611149.0
MBSBZBXA,UXSPKBJR,310492.7
MBSBZBXA,BEZYMBBT,3462480.5
MBSBZBXA,SAAYMURU,25753.225
MBSBZBXA,QJQJSWFU,126200.97
MBSBZBXA,EVBVXETX,4960058.5
MBSBZBXA,DUCMGGNW,1171248.1
MBSBZBXA,OJIFIHMZ,1204762.5
MBSBZBXA,STZDBITS,40097652.0
MBSBZBXA,SNHYOVBM,470513.28
MBSBZBXA,LPHPPJUG,1324263.6
MBSBZBXA,FCYBOAXC,107275160.0
MBSBZBXA,JPBRUTWP,5291417.5
MBSBZBXA,LTOYKIML,346816.38
MBSBZBXA,QVLMOEYE,1245149.8
MBSBZBXA,JERHKLYW,5452.638
MBSBZBXA,ZXERAXWP,13634.923
MBSBZBXA,LSOIUSXD,96380.21
MBSBZBXA,XUOIQPFL,2384427.8
MBSBZBXA,WBLJNPZQ,151491.64
MBSBZBXA,OXKURKXR,103830.7
MBSBZBXA,AXULOHBQ,62654.895
MBSBZBXA,DBWLZWNK,161516.64
MBSBZBXA,NZKBIBNU,201945.16
MBSBZBXA,OKMBFVKS,1767080.8
MBSBZBXA,VUAFAIYJ,426210.22
MBSBZBXA,CCLHWFWF,18776980.0
MBSBZBXA,OGAFEHLU,51.716167
MBSBZBXA,SDWAYPIK,4273958.0
MBSBZBXA,UIFPPCLR,4684.932
MBSBZBXA,KEUWZRKO,325460.0
MBSBZBXA,FQCLOEXA,1644110.6
MBSBZBXA,APQGTRMF,1436.3926
MBSBZBXA,ZCELVYQU,9713.774
MBSBZBXA,KAGJCHMR,5258.308
MBSBZBXA,KJNSOAHR,8984445.0
MBSBZBXA,QKXNTIIB,1443034.6
MBSBZBXA,GKQIJYDH,12391761.0
MBSBZBXA,VBYCLTYZ,305689.12
MBSBZBXA,GYHKIVQT,12116694.0
MBSBZBXA,ROACSLMG,1996680.5
MBSBZBXA,VMAQSTJE,60078.484
MBSBZBXA,XIFHSOWQ,45677.39
MBSBZBXA,FITUEHWN,109332.234
MBSBZBXA,UGEQLMXM,128988.05
MBSBZBXA,BUZIIBYG,17551980.0
MBSBZBXA,JBVHSUWY,234339.08
MBSBZBXA,NAQIHUKZ,16.837961
MBSBZBXA,MIRCVAMV,953.6068
MBSBZBXA,AANGBULD,77186.74
MBSBZBXA,WHPUAOID,27156.455
MBSBZBXA,UQYUIVVR,3808539.8
MBSBZBXA,FWUCPMMW,69.65401
MBSBZBXA,IGDVVKUD,2406.9475
MBSBZBXA,FDXPMYGF,6602.265
MBSBZBXA,QSDCUCLB,2.323789
MBSBZBXA,YSYHGLQK,3933.6245
MBSBZBXA,PYZMVUWD,131.88719
MBSBZBXA,HCDTGMST,144890.62
MBSBZBXA,JSLXRQOK,144.80502
MBSBZBXA,XIIEJNEE,990.0643
MBSBZBXA,BLANHGYY,206.68102
MBSBZBXA,DJBLNPNC,25.880175
MBSBZBXA,ANWUJOKX,1.0685432
MBSBZBXA,GMBFCMIU,0.72213256
MBSBZBXA,TGOELCAG,50335.688
MBSBZBXA,RUVXNNVA,5.0318475
MBSBZBXA,TANNMIMB,23.103546
MBSBZBXA,GIKPEWTY,0.1417714
MBSBZBXA,PLMZALFA,0.72213256
MBSBZBXA,KFQSHBNH,20714.248
MBSBZBXA,RJCAXSGH,16381.797
BJALXPFS,DEWLVASR,233506.52
BJALXPFS,ELQGMQWE,455748.4
BJALXPFS,AHMDUILJ,101135.195
BJALXPFS,XIPPENFQ,116188.77
BJALXPFS,FTSVTTSR,183763.69
BJALXPFS,XMKRPGLB,801362.9
BJALXPFS,RCBZUSIM,7448.571
BJALXPFS,SUOYXCHP,336.22208
BJALXPFS,ZKENOUDA,282854.22
BJALXPFS,WQMVCOEM,2016.9618
BJALXPFS,BSRMSVTC,129414.125
BJALXPFS,DDEXPPXU,25862.705
BJALXPFS,LLHREMKS,27713.355
BJALXPFS,DNMPSKTB,4827839.0
BJALXPFS,WPQXWHYO,10851850.0
BJALXPFS,VWMBASNE,166395.39
BJALXPFS,RJGPVEXX,579396.44
BJALXPFS,ATLDMDBO,39913070.0
BJALXPFS,SAHWCZNH,1991340.8
BJALXPFS,LUENUFGA,3457620.0
BJALXPFS,HXYSSRXE,5797878.5
BJALXPFS,QRKRBYJL,1757211.1
BJALXPFS,FRHNWLNI,1043558.06
BJALXPFS,MBSBZBXA,4463373.5
BJALXPFS,RAWUKQMJ,3336621.8
BJALXPFS,ZGJXVMNI,2541424.5
BJALXPFS,LRVGFDFM,4881823.5
BJALXPFS,BTMOEMEP,12608600.0
BJALXPFS,UXSPKBJR,309366.84
BJALXPFS,BEZYMBBT,3461678.2
BJALXPFS,SAAYMURU,25746.863
BJALXPFS,QJQJSWFU,126224.805
BJALXPFS,EVBVXETX,4999227.5
BJALXPFS,DUCMGGNW,1170939.9
BJALXPFS,OJIFIHMZ,1207212.2
BJALXPFS,STZDBITS,40089544.0
BJALXPFS,SNHYOVBM,471730.44
BJALXPFS,LPHPPJUG,1332641.6
BJALXPFS,FCYBOAXC,112299310.0
BJALXPFS,JPBRUTWP,5342657.0
BJALXPFS,LTOYKIML,346712.88
BJALXPFS,QVLMOEYE,1243588.0
BJALXPFS,JERHKLYW,5448.552
BJALXPFS,ZXERAXWP,13627.097
BJALXPFS,LSOIUSXD,96351.445
BJALXPFS,XUOIQPFL,2383875.2
BJALXPFS,WBLJNPZQ,151446.42
BJALXPFS,OXKURKXR,103799.71
BJALXPFS,AXULOHBQ,62636.19
BJALXPFS,DBWLZWNK,161468.44
BJALXPFS,NZKBIBNU,201739.19
BJALXPFS,OKMBFVKS,1764613.6
BJALXPFS,VUAFAIYJ,426496.47
BJALXPFS,CCLHWFWF,18773184.0
BJALXPFS,OGAFEHLU,51.383865
BJALXPFS,SDWAYPIK,4273082.0
BJALXPFS,UIFPPCLR,4742.6646
BJALXPFS,KEUWZRKO,325362.88
BJALXPFS,FQCLOEXA,1643634.0
BJALXPFS,APQGTRMF,1434.6404
BJALXPFS,ZCELVYQU,9703.792
BJALXPFS,KAGJCHMR,5242.8174
BJALXPFS,KJNSOAHR,8982629.0
BJALXPFS,QKXNTIIB,1445968.9
BJALXPFS,GKQIJYDH,12394006.0
BJALXPFS,VBYCLTYZ,305597.9
BJALXPFS,GYHKIVQT,12120069.0
BJALXPFS,ROACSLMG,2002065.1
BJALXPFS,VMAQSTJE,60060.55
BJALXPFS,XIFHSOWQ,45663.758
BJALXPFS,FITUEHWN,109299.6
BJALXPFS,UGEQLMXM,128949.55
BJALXPFS,BUZIIBYG,17476252.0
BJALXPFS,JBVHSUWY,234496.47
BJALXPFS,NAQIHUKZ,16.750832
BJALXPFS,MIRCVAMV,953.2532
BJALXPFS,AANGBULD,77153.695
BJALXPFS,WHPUAOID,27148.35
BJALXPFS,UQYUIVVR,3807759.0
BJALXPFS,FWUCPMMW,69.51013
BJALXPFS,IGDVVKUD,2400.351
BJALXPFS,FDXPMYGF,6609.366
BJALXPFS,QSDCUCLB,0.9516678
BJALXPFS,YSYHGLQK,3939.3135
BJALXPFS,PYZMVUWD,131.75546
BJALXPFS,HCDTGMST,144742.17
BJALXPFS,JSLXRQOK,144.68756
BJALXPFS,XIIEJNEE,988.05927
BJALXPFS,BLANHGYY,206.38304
BJALXPFS,DJBLNPNC,25.836853
BJALXPFS,ANWUJOKX,1.0430288
BJALXPFS,GMBFCMIU,1.0020945
BJALXPFS,TGOELCAG,50190.156
BJALXPFS,RUVXNNVA,2.2525237
BJALXPFS,TANNMIMB,23.534245
BJALXPFS,GIKPEWTY,0.11788724
BJALXPFS,PLMZALFA,1.0020945
BJALXPFS,KFQSHBNH,20701.213
BJALXPFS,RJCAXSGH,16363.559
RAWUKQMJ,DEWLVASR,233529.02
RAWUKQMJ,ELQGMQWE,455792.3
RAWUKQMJ,AHMDUILJ,101094.69
RAWUKQMJ,XIPPENFQ,116199.96
RAWUKQMJ,FTSVTTSR,183781.39
RAWUKQMJ,XMKRPGLB,801440.1
RAWUKQMJ,RCBZUSIM,7451.8394
RAWUKQMJ,SUOYXCHP,336.1989
RAWUKQMJ,ZKENOUDA,282881.47
RAWUKQMJ,WQMVCOEM,2017.9935
RAWUKQMJ,BSRMSVTC,129426.59
RAWUKQMJ,DDEXPPXU,25902.076
RAWUKQMJ,LLHREMKS,27765.63
RAWUKQMJ,DNMPSKTB,4789889.5
RAWUKQMJ,WPQXWHYO,10791188.0
RAWUKQMJ,VWMBASNE,166411.42
RAWUKQMJ,RJGPVEXX,580362.56
RAWUKQMJ,ATLDMDBO,39917944.0
RAWUKQMJ,SAHWCZNH,1991532.5
RAWUKQMJ,LUENUFGA,3457953.0
RAWUKQMJ,HXYSSRXE,5715121.0
RAWUKQMJ,QRKRBYJL,1757380.4
RAWUKQMJ,FRHNWLNI,1044670.3
RAWUKQMJ,MBSBZBXA,4478348.0
RAWUKQMJ,BJALXPFS,175525.17
RAWUKQMJ,ZGJXVMNI,2541737.2
RAWUKQMJ,LRVGFDFM,4878700.5
RAWUKQMJ,BTMOEMEP,12609778.0
RAWUKQMJ,UXSPKBJR,309396.66
RAWUKQMJ,BEZYMBBT,3462104.0
RAWUKQMJ,SAAYMURU,25766.318
RAWUKQMJ,QJQJSWFU,126275.85
RAWUKQMJ,EVBVXETX,4916200.5
RAWUKQMJ,DUCMGGNW,1171052.6
RAWUKQMJ,OJIFIHMZ,1207328.6
RAWUKQMJ,STZDBITS,40093292.0
RAWUKQMJ,SNHYOVBM,471881.62
RAWUKQMJ,LPHPPJUG,1317571.9
RAWUKQMJ,FCYBOAXC,103195030.0
RAWUKQMJ,JPBRUTWP,5217665.0
RAWUKQMJ,LTOYKIML,346746.28
RAWUKQMJ,QVLMOEYE,1248541.0
RAWUKQMJ,JERHKLYW,5448.9937
RAWUKQMJ,ZXERAXWP,13625.811
RAWUKQMJ,LSOIUSXD,96360.73
RAWUKQMJ,XUOIQPFL,2384168.8
RAWUKQMJ,WBLJNPZQ,151461.0
RAWUKQMJ,OXKURKXR,103809.71
RAWUKQMJ,AXULOHBQ,62642.227
RAWUKQMJ,DBWLZWNK,161483.98
RAWUKQMJ,NZKBIBNU,202133.03
RAWUKQMJ,OKMBFVKS,1766917.2
RAWUKQMJ,VUAFAIYJ,426537.56
RAWUKQMJ,CCLHWFWF,18774940.0
RAWUKQMJ,OGAFEHLU,51.57946
RAWUKQMJ,SDWAYPIK,4273493.5
RAWUKQMJ,UIFPPCLR,4730.9307
RAWUKQMJ,KEUWZRKO,325394.22
RAWUKQMJ,FQCLOEXA,1643836.2
RAWUKQMJ,APQGTRMF,1435.008
RAWUKQMJ,ZCELVYQU,9702.867
RAWUKQMJ,KAGJCHMR,5245.058
RAWUKQMJ,KJNSOAHR,8983468.0
RAWUKQMJ,QKXNTIIB,1446108.2
RAWUKQMJ,GKQIJYDH,12390413.0
RAWUKQMJ,VBYCLTYZ,305627.34
RAWUKQMJ,GYHKIVQT,12115377.0
RAWUKQMJ,ROACSLMG,1966330.4
RAWUKQMJ,VMAQSTJE,60066.34
RAWUKQMJ,XIFHSOWQ,45668.156
RAWUKQMJ,FITUEHWN,109310.13
RAWUKQMJ,UGEQLMXM,128961.97
RAWUKQMJ,BUZIIBYG,17346436.0
RAWUKQMJ,JBVHSUWY,234519.05
RAWUKQMJ,NAQIHUKZ,16.817112
RAWUKQMJ,MIRCVAMV,955.324
RAWUKQMJ,AANGBULD,77154.58
RAWUKQMJ,WHPUAOID,27150.965
RAWUKQMJ,UQYUIVVR,3808125.8
RAWUKQMJ,FWUCPMMW,69.3331
RAWUKQMJ,IGDVVKUD,2404.0032
RAWUKQMJ,FDXPMYGF,6473.5156
RAWUKQMJ,QSDCUCLB,1.7251596
RAWUKQMJ,YSYHGLQK,3946.4219
RAWUKQMJ,PYZMVUWD,132.01355
RAWUKQMJ,HCDTGMST,145326.14
RAWUKQMJ,JSLXRQOK,144.70125
RAWUKQMJ,XIIEJNEE,992.22345
RAWUKQMJ,BLANHGYY,206.81891
RAWUKQMJ,DJBLNPNC,25.769526
RAWUKQMJ,ANWUJOKX,1.0638845
RAWUKQMJ,GMBFCMIU,0.77617013
RAWUKQMJ,TGOELCAG,50314.715
RAWUKQMJ,RUVXNNVA,3.882513
RAWUKQMJ,TANNMIMB,23.37267
RAWUKQMJ,GIKPEWTY,0.13251956
RAWUKQMJ,PLMZALFA,0.77617013
RAWUKQMJ,KFQSHBNH,20699.771
RAWUKQMJ,RJCAXSGH,16370.349
ZGJXVMNI,DEWLVASR,233514.31
ZGJXVMNI,ELQGMQWE,455763.62
ZGJXVMNI,AHMDUILJ,101566.57
ZGJXVMNI,XIPPENFQ,116192.65
ZGJXVMNI,FTSVTTSR,183769.81
ZGJXVMNI,XMKRPGLB,801389.6
ZGJXVMNI,RCBZUSIM,7448.7056
ZGJXVMNI,SUOYXCHP,336.37357
ZGJXVMNI,ZKENOUDA,282863.7
ZGJXVMNI,WQMVCOEM,2017.8684
ZGJXVMNI,BSRMSVTC,129418.445
ZGJXVMNI,DDEXPPXU,25882.617
ZGJXVMNI,LLHREMKS,27633.914
ZGJXVMNI,DNMPSKTB,4822915.0
ZGJXVMNI,WPQXWHYO,10851437.0
ZGJXVMNI,VWMBASNE,166400.94
ZGJXVMNI,RJGPVEXX,580729.06
ZGJXVMNI,ATLDMDBO,39910104.0
ZGJXVMNI,SAHWCZNH,1991407.1
ZGJXVMNI,LUENUFGA,3457735.2
ZGJXVMNI,HXYSSRXE,5747286.5
ZGJXVMNI,QRKRBYJL,1757269.8
ZGJXVMNI,FRHNWLNI,1045330.06
ZGJXVMNI,MBSBZBXA,4478066.0
ZGJXVMNI,BJALXPFS,175514.12
ZGJXVMNI,RAWUKQMJ,3336685.2
ZGJXVMNI,LRVGFDFM,4878393.5
ZGJXVMNI,BTMOEMEP,12608985.0
ZGJXVMNI,UXSPKBJR,309377.2
ZGJXVMNI,BEZYMBBT,3461433.8
ZGJXVMNI,SAAYMURU,25764.697
ZGJXVMNI,QJQJSWFU,126267.91
ZGJXVMNI,EVBVXETX,4961336.0
ZGJXVMNI,DUCMGGNW,1170978.9
ZGJXVMNI,OJIFIHMZ,1207252.6
ZGJXVMNI,STZDBITS,40090770.0
ZGJXVMNI,SNHYOVBM,471851.9
ZGJXVMNI,LPHPPJUG,1316558.2
ZGJXVMNI,FCYBOAXC,110526856.0
ZGJXVMNI,JPBRUTWP,5281601.5
ZGJXVMNI,LTOYKIML,346724.44
ZGJXVMNI,QVLMOEYE,1244632.1
ZGJXVMNI,JERHKLYW,5449.072
ZGJXVMNI,ZXERAXWP,13626.005
ZGJXVMNI,LSOIUSXD,96354.664
ZGJXVMNI,XUOIQPFL,2383707.0
ZGJXVMNI,WBLJNPZQ,151451.47
ZGJXVMNI,OXKURKXR,103803.18
ZGJXVMNI,AXULOHBQ,62638.285
ZGJXVMNI,DBWLZWNK,161473.83
ZGJXVMNI,NZKBIBNU,202332.64
ZGJXVMNI,OKMBFVKS,1765802.1
ZGJXVMNI,VUAFAIYJ,426510.72
ZGJXVMNI,CCLHWFWF,18773756.0
ZGJXVMNI,OGAFEHLU,51.298958
ZGJXVMNI,SDWAYPIK,4273224.5
ZGJXVMNI,UIFPPCLR,4741.9185
ZGJXVMNI,KEUWZRKO,325373.72
ZGJXVMNI,FQCLOEXA,1643518.1
ZGJXVMNI,APQGTRMF,1434.919
ZGJXVMNI,ZCELVYQU,9698.786
ZGJXVMNI,KAGJCHMR,5244.728
ZGJXVMNI,KJNSOAHR,8982903.0
ZGJXVMNI,QKXNTIIB,1446017.2
ZGJXVMNI,GKQIJYDH,12389634.0
ZGJXVMNI,VBYCLTYZ,305608.1
ZGJXVMNI,GYHKIVQT,12114614.0
ZGJXVMNI,ROACSLMG,1989757.5
ZGJXVMNI,VMAQSTJE,60062.56
ZGJXVMNI,XIFHSOWQ,45668.81
ZGJXVMNI,FITUEHWN,109311.695
ZGJXVMNI,UGEQLMXM,128953.85
ZGJXVMNI,BUZIIBYG,17382968.0
ZGJXVMNI,JBVHSUWY,234504.3
ZGJXVMNI,NAQIHUKZ,16.696781
ZGJXVMNI,MIRCVAMV,953.5144
ZGJXVMNI,AANGBULD,77217.3
ZGJXVMNI,WHPUAOID,27149.256
ZGJXVMNI,UQYUIVVR,3807886.0
ZGJXVMNI,FWUCPMMW,69.26632
ZGJXVMNI,IGDVVKUD,2402.0142
ZGJXVMNI,FDXPMYGF,6546.6245
ZGJXVMNI,QSDCUCLB,1.148886
ZGJXVMNI,YSYHGLQK,3939.2156
ZGJXVMNI,PYZMVUWD,132.00783
ZGJXVMNI,HCDTGMST,144873.22
ZGJXVMNI,JSLXRQOK,144.69223
ZGJXVMNI,XIIEJNEE,993.3276
ZGJXVMNI,BLANHGYY,206.43982
ZGJXVMNI,DJBLNPNC,25.81069
ZGJXVMNI,ANWUJOKX,1.0277679
ZGJXVMNI,GMBFCMIU,1.0232613
ZGJXVMNI,TGOELCAG,50355.613
ZGJXVMNI,RUVXNNVA,2.3739865
ZGJXVMNI,TANNMIMB,23.953243
ZGJXVMNI,GIKPEWTY,0.11450953
ZGJXVMNI,PLMZALFA,1.0232613
ZGJXVMNI,KFQSHBNH,20684.459
ZGJXVMNI,RJCAXSGH,16358.238
LRVGFDFM,DEWLVASR,234320.3
LRVGFDFM,ELQGMQWE,455798.38
LRVGFDFM,AHMDUILJ,100441.59
LRVGFDFM,XIPPENFQ,116205.62
LRVGFDFM,FTSVTTSR,183790.33
LRVGFDFM,XMKRPGLB,801450.8
LRVGFDFM,RCBZUSIM,7445.5234
LRVGFDFM,SUOYXCHP,337.67383
LRVGFDFM,ZKENOUDA,282641.75
LRVGFDFM,WQMVCOEM,2018.552
LRVGFDFM,BSRMSVTC,129432.89
LRVGFDFM,DDEXPPXU,25871.932
LRVGFDFM,LLHREMKS,27595.332
LRVGFDFM,DNMPSKTB,4873985.0
LRVGFDFM,WPQXWHYO,10962777.0
LRVGFDFM,VWMBASNE,166419.52
LRVGFDFM,RJGPVEXX,579336.75
LRVGFDFM,ATLDMDBO,39917640.0
LRVGFDFM,SAHWCZNH,1991559.1
LRVGFDFM,LUENUFGA,3458088.2
LRVGFDFM,HXYSSRXE,5785269.0
LRVGFDFM,QRKRBYJL,1757403.9
LRVGFDFM,FRHNWLNI,1043457.56
LRVGFDFM,MBSBZBXA,4478523.0
LRVGFDFM,BJALXPFS,175533.7
LRVGFDFM,RAWUKQMJ,3333368.0
LRVGFDFM,ZGJXVMNI,2541810.0
LRVGFDFM,BTMOEMEP,12610284.0
LRVGFDFM,UXSPKBJR,310467.8
LRVGFDFM,BEZYMBBT,3460275.2
LRVGFDFM,SAAYMURU,25722.025
LRVGFDFM,QJQJSWFU,126109.17
LRVGFDFM,EVBVXETX,4974829.5
LRVGFDFM,DUCMGGNW,1171068.2
LRVGFDFM,OJIFIHMZ,1203995.2
LRVGFDFM,STZDBITS,40069056.0
LRVGFDFM,SNHYOVBM,469276.47
LRVGFDFM,LPHPPJUG,1318313.5
LRVGFDFM,FCYBOAXC,142501940.0
LRVGFDFM,JPBRUTWP,5279990.0
LRVGFDFM,LTOYKIML,346763.12
LRVGFDFM,QVLMOEYE,1238948.9
LRVGFDFM,JERHKLYW,5452.7373
LRVGFDFM,ZXERAXWP,13629.982
LRVGFDFM,LSOIUSXD,96365.414
LRVGFDFM,XUOIQPFL,2384061.8
LRVGFDFM,WBLJNPZQ,151468.38
LRVGFDFM,OXKURKXR,103814.76
LRVGFDFM,AXULOHBQ,62645.273
LRVGFDFM,DBWLZWNK,161491.84
LRVGFDFM,NZKBIBNU,200669.83
LRVGFDFM,OKMBFVKS,1762171.8
LRVGFDFM,VUAFAIYJ,426144.78
LRVGFDFM,CCLHWFWF,18763588.0
LRVGFDFM,OGAFEHLU,53.25039
LRVGFDFM,SDWAYPIK,4273660.5
LRVGFDFM,UIFPPCLR,4683.234
LRVGFDFM,KEUWZRKO,325433.94
LRVGFDFM,FQCLOEXA,1643979.0
LRVGFDFM,APQGTRMF,1415.7363
LRVGFDFM,ZCELVYQU,9711.014
LRVGFDFM,KAGJCHMR,5256.924
LRVGFDFM,KJNSOAHR,8983828.0
LRVGFDFM,QKXNTIIB,1442813.1
LRVGFDFM,GKQIJYDH,12390910.0
LRVGFDFM,VBYCLTYZ,305642.2
LRVGFDFM,GYHKIVQT,12115862.0
LRVGFDFM,ROACSLMG,1993005.0
LRVGFDFM,VMAQSTJE,60069.258
LRVGFDFM,XIFHSOWQ,45670.38
LRVGFDFM,FITUEHWN,109315.445
LRVGFDFM,UGEQLMXM,128968.24
LRVGFDFM,BUZIIBYG,17702808.0
LRVGFDFM,JBVHSUWY,234303.1
LRVGFDFM,NAQIHUKZ,17.589748
LRVGFDFM,MIRCVAMV,953.9742
LRVGFDFM,AANGBULD,77240.86
LRVGFDFM,WHPUAOID,27152.285
LRVGFDFM,UQYUIVVR,3812551.8
LRVGFDFM,FWUCPMMW,69.66331
LRVGFDFM,IGDVVKUD,2405.3657
LRVGFDFM,FDXPMYGF,6480.6694
LRVGFDFM,QSDCUCLB,2.4035912
LRVGFDFM,YSYHGLQK,3930.3801
LRVGFDFM,PYZMVUWD,131.44899
LRVGFDFM,HCDTGMST,145355.52
LRVGFDFM,JSLXRQOK,144.76665
LRVGFDFM,XIIEJNEE,988.5777
LRVGFDFM,BLANHGYY,206.74232
LRVGFDFM,DJBLNPNC,25.762754
LRVGFDFM,ANWUJOKX,1.3618646
LRVGFDFM,GMBFCMIU,2.6163712
LRVGFDFM,TGOELCAG,50309.004
LRVGFDFM,RUVXNNVA,4.8396115
LRVGFDFM,TANNMIMB,30.385202
LRVGFDFM,GIKPEWTY,0.23128343
LRVGFDFM,PLMZALFA,2.6163712
LRVGFDFM,KFQSHBNH,20714.426
LRVGFDFM,RJCAXSGH,16358.129
BTMOEMEP,DEWLVASR,234300.86
BTMOEMEP,ELQGMQWE,455760.56
BTMOEMEP,AHMDUILJ,101051.51
BTMOEMEP,XIPPENFQ,116218.02
BTMOEMEP,FTSVTTSR,183809.95
BTMOEMEP,XMKRPGLB,801384.3
BTMOEMEP,RCBZUSIM,7442.2715
BTMOEMEP,SUOYXCHP,337.67883
BTMOEMEP,ZKENOUDA,282597.56
BTMOEMEP,WQMVCOEM,2019.3351
BTMOEMEP,BSRMSVTC,129422.15
BTMOEMEP,DDEXPPXU,25881.457
BTMOEMEP,LLHREMKS,27740.115
BTMOEMEP,DNMPSKTB,4809164.0
BTMOEMEP,WPQXWHYO,10864442.0
BTMOEMEP,VWMBASNE,166437.28
BTMOEMEP,RJGPVEXX,580666.5
BTMOEMEP,ATLDMDBO,39912770.0
BTMOEMEP,SAHWCZNH,1991393.9
BTMOEMEP,LUENUFGA,3457511.0
BTMOEMEP,HXYSSRXE,5734721.0
BTMOEMEP,QRKRBYJL,1757258.0
BTMOEMEP,FRHNWLNI,1045845.6
BTMOEMEP,MBSBZBXA,4477775.5
BTMOEMEP,BJALXPFS,175552.45
BTMOEMEP,RAWUKQMJ,3336882.5
BTMOEMEP,ZGJXVMNI,2541412.5
BTMOEMEP,LRVGFDFM,4881041.5
BTMOEMEP,UXSPKBJR,310419.25
BTMOEMEP,BEZYMBBT,3461661.8
BTMOEMEP,SAAYMURU,25742.445
BTMOEMEP,QJQJSWFU,126164.625
BTMOEMEP,EVBVXETX,4910282.5
BTMOEMEP,DUCMGGNW,1170971.1
BTMOEMEP,OJIFIHMZ,1204477.6
BTMOEMEP,STZDBITS,40088092.0
BTMOEMEP,SNHYOVBM,470491.3
BTMOEMEP,LPHPPJUG,1311290.5
BTMOEMEP,FCYBOAXC,108508840.0
BTMOEMEP,JPBRUTWP,5251481.5
BTMOEMEP,LTOYKIML,346734.38
BTMOEMEP,QVLMOEYE,1243837.1
BTMOEMEP,JERHKLYW,5451.068
BTMOEMEP,ZXERAXWP,13629.216
BTMOEMEP,LSOIUSXD,96430.875
BTMOEMEP,XUOIQPFL,2383864.0
BTMOEMEP,WBLJNPZQ,151484.55
BTMOEMEP,OXKURKXR,103800.805
BTMOEMEP,AXULOHBQ,62636.85
BTMOEMEP,DBWLZWNK,161478.45
BTMOEMEP,NZKBIBNU,202284.8
BTMOEMEP,OKMBFVKS,1764933.4
BTMOEMEP,VUAFAIYJ,426109.44
BTMOEMEP,CCLHWFWF,18772504.0
BTMOEMEP,OGAFEHLU,51.096527
BTMOEMEP,SDWAYPIK,4272947.5
BTMOEMEP,UIFPPCLR,4682.9707
BTMOEMEP,KEUWZRKO,325383.03
BTMOEMEP,FQCLOEXA,1643721.9
BTMOEMEP,APQGTRMF,1436.3247
BTMOEMEP,ZCELVYQU,9709.708
BTMOEMEP,KAGJCHMR,5256.1064
BTMOEMEP,KJNSOAHR,8982303.0
BTMOEMEP,QKXNTIIB,1442693.4
BTMOEMEP,GKQIJYDH,12388806.0
BTMOEMEP,VBYCLTYZ,305616.84
BTMOEMEP,GYHKIVQT,12113806.0
BTMOEMEP,ROACSLMG,1979999.5
BTMOEMEP,VMAQSTJE,60061.184
BTMOEMEP,XIFHSOWQ,45664.24
BTMOEMEP,FITUEHWN,109300.75
BTMOEMEP,UGEQLMXM,128950.9
BTMOEMEP,BUZIIBYG,17419676.0
BTMOEMEP,JBVHSUWY,234283.66
BTMOEMEP,NAQIHUKZ,16.763723
BTMOEMEP,MIRCVAMV,953.3305
BTMOEMEP,AANGBULD,77183.13
BTMOEMEP,WHPUAOID,27155.186
BTMOEMEP,UQYUIVVR,3807639.2
BTMOEMEP,FWUCPMMW,69.62434
BTMOEMEP,IGDVVKUD,2405.9363
BTMOEMEP,FDXPMYGF,6579.0
BTMOEMEP,QSDCUCLB,1.8730307
BTMOEMEP,YSYHGLQK,3931.9775
BTMOEMEP,PYZMVUWD,131.83138
BTMOEMEP,HCDTGMST,144848.9
BTMOEMEP,JSLXRQOK,144.79814
BTMOEMEP,XIIEJNEE,989.648
BTMOEMEP,BLANHGYY,206.59378
BTMOEMEP,DJBLNPNC,25.84546
BTMOEMEP,ANWUJOKX,1.0424697
BTMOEMEP,GMBFCMIU,0.72801805
BTMOEMEP,TGOELCAG,50333.336
BTMOEMEP,RUVXNNVA,3.5358138
BTMOEMEP,TANNMIMB,23.764894
BTMOEMEP,GIKPEWTY,0.12543486
BTMOEMEP,PLMZALFA,0.72801805
BTMOEMEP,KFQSHBNH,20697.088
BTMOEMEP,RJCAXSGH,16368.226
UXSPKBJR,DEWLVASR,233514.31
UXSPKBJR,ELQGMQWE,455763.62
UXSPKBJR,AHMDUILJ,101117.836
UXSPKBJR,XIPPENFQ,116192.65
UXSPKBJR,FTSVTTSR,183769.81
UXSPKBJR,XMKRPGLB,801389.6
UXSPKBJR,RCBZUSIM,7443.407
UXSPKBJR,SUOYXCHP,336.37357
UXSPKBJR,ZKENOUDA,282863.7
UXSPKBJR,WQMVCOEM,2017.8684
UXSPKBJR,BSRMSVTC,129418.445
UXSPKBJR,DDEXPPXU,25882.617
UXSPKBJR,LLHREMKS,27635.574
UXSPKBJR,DNMPSKTB,4798297.5
UXSPKBJR,WPQXWHYO,10824150.0
UXSPKBJR,VWMBASNE,166400.94
UXSPKBJR,RJGPVEXX,580729.06
UXSPKBJR,ATLDMDBO,39910104.0
UXSPKBJR,SAHWCZNH,1991407.1
UXSPKBJR,LUENUFGA,3457735.2
UXSPKBJR,HXYSSRXE,5728025.5
UXSPKBJR,QRKRBYJL,1757269.8
UXSPKBJR,FRHNWLNI,1045330.06
UXSPKBJR,MBSBZBXA,4478066.0
UXSPKBJR,BJALXPFS,175514.12
UXSPKBJR,RAWUKQMJ,3340885.0
UXSPKBJR,ZGJXVMNI,2541245.2
UXSPKBJR,LRVGFDFM,4878393.5
UXSPKBJR,BTMOEMEP,12608985.0
UXSPKBJR,BEZYMBBT,3461433.8
UXSPKBJR,SAAYMURU,25764.697
UXSPKBJR,QJQJSWFU,126267.91
UXSPKBJR,EVBVXETX,4911804.5
UXSPKBJR,DUCMGGNW,1170978.9
UXSPKBJR,OJIFIHMZ,1207252.6
UXSPKBJR,STZDBITS,40090770.0
UXSPKBJR,SNHYOVBM,471851.9
UXSPKBJR,LPHPPJUG,1332233.8
UXSPKBJR,FCYBOAXC,106973576.0
UXSPKBJR,JPBRUTWP,5276351.0
UXSPKBJR,LTOYKIML,346724.44
UXSPKBJR,QVLMOEYE,1250705.2
UXSPKBJR,JERHKLYW,5445.1953
UXSPKBJR,ZXERAXWP,13626.005
UXSPKBJR,LSOIUSXD,96354.664
UXSPKBJR,XUOIQPFL,2383707.0
UXSPKBJR,WBLJNPZQ,151451.47
UXSPKBJR,OXKURKXR,103803.18
UXSPKBJR,AXULOHBQ,62638.285
UXSPKBJR,DBWLZWNK,161473.83
UXSPKBJR,NZKBIBNU,202275.14
UXSPKBJR,OKMBFVKS,1768024.8
UXSPKBJR,VUAFAIYJ,426510.72
UXSPKBJR,CCLHWFWF,18773756.0
UXSPKBJR,OGAFEHLU,51.138626
UXSPKBJR,SDWAYPIK,4273224.5
UXSPKBJR,UIFPPCLR,4741.9185
UXSPKBJR,KEUWZRKO,325373.72
UXSPKBJR,FQCLOEXA,1643518.1
UXSPKBJR,APQGTRMF,1433.8978
UXSPKBJR,ZCELVYQU,9698.786
UXSPKBJR,KAGJCHMR,5240.9976
UXSPKBJR,KJNSOAHR,8982903.0
UXSPKBJR,QKXNTIIB,1446017.2
UXSPKBJR,GKQIJYDH,12389634.0
UXSPKBJR,VBYCLTYZ,305608.1
UXSPKBJR,GYHKIVQT,12114614.0
UXSPKBJR,ROACSLMG,1979763.5
UXSPKBJR,VMAQSTJE,60062.56
UXSPKBJR,XIFHSOWQ,45668.81
UXSPKBJR,FITUEHWN,109311.695
UXSPKBJR,UGEQLMXM,128953.85
UXSPKBJR,BUZIIBYG,17306612.0
UXSPKBJR,JBVHSUWY,234504.3
UXSPKBJR,NAQIHUKZ,16.667727
UXSPKBJR,MIRCVAMV,952.8356
UXSPKBJR,AANGBULD,77128.46
UXSPKBJR,WHPUAOID,27149.256
UXSPKBJR,UQYUIVVR,3807886.0
UXSPKBJR,FWUCPMMW,69.135605
UXSPKBJR,IGDVVKUD,2402.0142
UXSPKBJR,FDXPMYGF,6543.74
UXSPKBJR,QSDCUCLB,1.0984721
UXSPKBJR,YSYHGLQK,3936.4136
UXSPKBJR,PYZMVUWD,131.91324
UXSPKBJR,HCDTGMST,144825.98
UXSPKBJR,JSLXRQOK,144.58861
UXSPKBJR,XIIEJNEE,993.3276
UXSPKBJR,BLANHGYY,206.29228
UXSPKBJR,DJBLNPNC,25.760815
UXSPKBJR,ANWUJOKX,0.98545957
UXSPKBJR,GMBFCMIU,0.704448
UXSPKBJR,TGOELCAG,50297.68
UXSPKBJR,RUVXNNVA,2.0682464
UXSPKBJR,TANNMIMB,23.171701
UXSPKBJR,GIKPEWTY,0.09640435
UXSPKBJR,PLMZALFA,0.704448
UXSPKBJR,KFQSHBNH,20684.459
UXSPKBJR,RJCAXSGH,16358.238
BEZYMBBT,DEWLVASR,233514.31
BEZYMBBT,ELQGMQWE,455763.62
BEZYMBBT,AHMDUILJ,100972.03
BEZYMBBT,XIPPENFQ,116192.65
BEZYMBBT,FTSVTTSR,183769.81
BEZYMBBT,XMKRPGLB,801389.6
BEZYMBBT,RCBZUSIM,7448.7056
BEZYMBBT,SUOYXCHP,336.37357
BEZYMBBT,ZKENOUDA,282863.7
BEZYMBBT,WQMVCOEM,2017.8684
BEZYMBBT,BSRMSVTC,129418.445
BEZYMBBT,DDEXPPXU,25900.445
BEZYMBBT,LLHREMKS,27715.734
BEZYMBBT,DNMPSKTB,4805029.0
BEZYMBBT,WPQXWHYO,10825306.0
BEZYMBBT,VWMBASNE,166400.94
BEZYMBBT,RJGPVEXX,579977.44
BEZYMBBT,ATLDMDBO,39915430.0
BEZYMBBT,SAHWCZNH,1991407.1
BEZYMBBT,LUENUFGA,3457735.2
BEZYMBBT,HXYSSRXE,5732441.0
BEZYMBBT,QRKRBYJL,1757269.8
BEZYMBBT,FRHNWLNI,1044604.56
BEZYMBBT,MBSBZBXA,4478066.0
BEZYMBBT,BJALXPFS,175514.12
BEZYMBBT,RAWUKQMJ,3337121.2
BEZYMBBT,ZGJXVMNI,2541577.2
BEZYMBBT,LRVGFDFM,4878393.5
BEZYMBBT,BTMOEMEP,12608985.0
BEZYMBBT,UXSPKBJR,309377.2
BEZYMBBT,SAAYMURU,25764.697
BEZYMBBT,QJQJSWFU,126267.91
BEZYMBBT,EVBVXETX,4906809.0
BEZYMBBT,DUCMGGNW,1170978.9
BEZYMBBT,OJIFIHMZ,1207252.6
BEZYMBBT,STZDBITS,40090770.0
BEZYMBBT,SNHYOVBM,471851.9
BEZYMBBT,LPHPPJUG,1311040.4
BEZYMBBT,FCYBOAXC,110111290.0
BEZYMBBT,JPBRUTWP,5252583.5
BEZYMBBT,LTOYKIML,346724.44
BEZYMBBT,QVLMOEYE,1249050.8
BEZYMBBT,JERHKLYW,5448.6504
BEZYMBBT,ZXERAXWP,13624.952
BEZYMBBT,LSOIUSXD,96354.664
BEZYMBBT,XUOIQPFL,2384018.5
BEZYMBBT,WBLJNPZQ,151451.47
BEZYMBBT,OXKURKXR,103803.18
BEZYMBBT,AXULOHBQ,62638.285
BEZYMBBT,DBWLZWNK,161473.83
BEZYMBBT,NZKBIBNU,201998.9
BEZYMBBT,OKMBFVKS,1766032.9
BEZYMBBT,VUAFAIYJ,426510.72
BEZYMBBT,CCLHWFWF,18773756.0
BEZYMBBT,OGAFEHLU,51.362923
BEZYMBBT,SDWAYPIK,4273224.5
BEZYMBBT,UIFPPCLR,4741.9185
BEZYMBBT,KEUWZRKO,325373.72
BEZYMBBT,FQCLOEXA,1643732.8
BEZYMBBT,APQGTRMF,1434.919
BEZYMBBT,ZCELVYQU,9698.786
BEZYMBBT,KAGJCHMR,5244.728
BEZYMBBT,KJNSOAHR,8982903.0
BEZYMBBT,QKXNTIIB,1446017.2
BEZYMBBT,GKQIJYDH,12389634.0
BEZYMBBT,VBYCLTYZ,305608.1
BEZYMBBT,GYHKIVQT,12114614.0
BEZYMBBT,ROACSLMG,1974195.9
BEZYMBBT,VMAQSTJE,60062.56
BEZYMBBT,XIFHSOWQ,45665.28
BEZYMBBT,FITUEHWN,109303.25
BEZYMBBT,UGEQLMXM,128953.85
BEZYMBBT,BUZIIBYG,17371136.0
BEZYMBBT,JBVHSUWY,234504.3
BEZYMBBT,NAQIHUKZ,16.743736
BEZYMBBT,MIRCVAMV,953.5144
BEZYMBBT,AANGBULD,77217.3
BEZYMBBT,WHPUAOID,27149.256
BEZYMBBT,UQYUIVVR,3807886.0
BEZYMBBT,FWUCPMMW,69.26632
BEZYMBBT,IGDVVKUD,2403.854
BEZYMBBT,FDXPMYGF,6488.5493
BEZYMBBT,QSDCUCLB,1.504561
BEZYMBBT,YSYHGLQK,3939.2156
BEZYMBBT,PYZMVUWD,132.00783
BEZYMBBT,HCDTGMST,144849.19
BEZYMBBT,JSLXRQOK,144.69223
BEZYMBBT,XIIEJNEE,993.3276
BEZYMBBT,BLANHGYY,206.43982
BEZYMBBT,DJBLNPNC,25.791834
BEZYMBBT,ANWUJOKX,1.0388417
BEZYMBBT,GMBFCMIU,0.9548142
BEZYMBBT,TGOELCAG,50355.613
BEZYMBBT,RUVXNNVA,3.32296
BEZYMBBT,TANNMIMB,23.927847
BEZYMBBT,GIKPEWTY,0.118628114
BEZYMBBT,PLMZALFA,0.9548142
BEZYMBBT,KFQSHBNH,20684.459
BEZYMBBT,RJCAXSGH,16358.238
SAAYMURU,DEWLVASR,234311.81
SAAYMURU,ELQGMQWE,455781.88
SAAYMURU,AHMDUILJ,101601.06
SAAYMURU,XIPPENFQ,116201.41
SAAYMURU,FTSVTTSR,183783.66
SAAYMURU,XMKRPGLB,801421.75
SAAYMURU,RCBZUSIM,7444.089
SAAYMURU,SUOYXCHP,337.5143
SAAYMURU,ZKENOUDA,282610.75
SAAYMURU,WQMVCOEM,2018.6213
SAAYMURU,BSRMSVTC,129428.195
SAAYMURU,DDEXPPXU,25847.145
SAAYMURU,LLHREMKS,27765.34
SAAYMURU,DNMPSKTB,4813651.5
SAAYMURU,WPQXWHYO,10793967.0
SAAYMURU,VWMBASNE,166413.48
SAAYMURU,RJGPVEXX,577473.94
SAAYMURU,ATLDMDBO,39910028.0
SAAYMURU,SAHWCZNH,1991486.9
SAAYMURU,LUENUFGA,3457672.8
SAAYMURU,HXYSSRXE,5689474.5
SAAYMURU,QRKRBYJL,1757340.1
SAAYMURU,FRHNWLNI,1041954.06
SAAYMURU,MBSBZBXA,4463097.0
SAAYMURU,BJALXPFS,175527.34
SAAYMURU,RAWUKQMJ,3341267.5
SAAYMURU,ZGJXVMNI,2540765.2
SAAYMURU,LRVGFDFM,4884487.5
SAAYMURU,BTMOEMEP,12607854.0
SAAYMURU,UXSPKBJR,310433.78
SAAYMURU,BEZYMBBT,3461671.5
SAAYMURU,QJQJSWFU,126238.53
SAAYMURU,EVBVXETX,4909758.0
SAAYMURU,DUCMGGNW,1171025.8
SAAYMURU,OJIFIHMZ,1204533.9
SAAYMURU,STZDBITS,40087176.0
SAAYMURU,SNHYOVBM,469655.22
SAAYMURU,LPHPPJUG,1314639.9
SAAYMURU,FCYBOAXC,107422780.0
SAAYMURU,JPBRUTWP,5230199.5
SAAYMURU,LTOYKIML,346750.56
SAAYMURU,QVLMOEYE,1239834.1
SAAYMURU,JERHKLYW,5451.6865
SAAYMURU,ZXERAXWP,13634.937
SAAYMURU,LSOIUSXD,96361.92
SAAYMURU,XUOIQPFL,2385851.8
SAAYMURU,WBLJNPZQ,151462.89
SAAYMURU,OXKURKXR,103811.0
SAAYMURU,AXULOHBQ,62643.004
SAAYMURU,DBWLZWNK,161485.98
SAAYMURU,NZKBIBNU,201848.5
SAAYMURU,OKMBFVKS,1766615.6
SAAYMURU,VUAFAIYJ,426129.34
SAAYMURU,CCLHWFWF,18772072.0
SAAYMURU,OGAFEHLU,51.565285
SAAYMURU,SDWAYPIK,4272817.0
SAAYMURU,UIFPPCLR,4684.9365
SAAYMURU,KEUWZRKO,325398.25
SAAYMURU,FQCLOEXA,1643303.4
SAAYMURU,APQGTRMF,1433.8608
SAAYMURU,ZCELVYQU,9714.544
SAAYMURU,KAGJCHMR,5255.5703
SAAYMURU,KJNSOAHR,8982097.0
SAAYMURU,QKXNTIIB,1442760.9
SAAYMURU,GKQIJYDH,12393273.0
SAAYMURU,VBYCLTYZ,305631.12
SAAYMURU,GYHKIVQT,12119352.0
SAAYMURU,ROACSLMG,1961952.9
SAAYMURU,VMAQSTJE,60067.082
SAAYMURU,XIFHSOWQ,45668.723
SAAYMURU,FITUEHWN,109311.484
SAAYMURU,UGEQLMXM,128963.57
SAAYMURU,BUZIIBYG,17459624.0
SAAYMURU,JBVHSUWY,234294.61
SAAYMURU,NAQIHUKZ,16.832952
SAAYMURU,MIRCVAMV,952.92834
SAAYMURU,AANGBULD,77331.59
SAAYMURU,WHPUAOID,27151.3
SAAYMURU,UQYUIVVR,3807817.0
SAAYMURU,FWUCPMMW,69.66088
SAAYMURU,IGDVVKUD,2403.063
SAAYMURU,FDXPMYGF,6609.0513
SAAYMURU,QSDCUCLB,2.0061924
SAAYMURU,YSYHGLQK,3929.368
SAAYMURU,PYZMVUWD,131.913
SAAYMURU,HCDTGMST,144754.17
SAAYMURU,JSLXRQOK,144.85327
SAAYMURU,XIIEJNEE,987.84894
SAAYMURU,BLANHGYY,206.53342
SAAYMURU,DJBLNPNC,25.905706
SAAYMURU,ANWUJOKX,1.0433981
SAAYMURU,GMBFCMIU,0.90563524
SAAYMURU,TGOELCAG,50258.12
SAAYMURU,RUVXNNVA,4.009531
SAAYMURU,TANNMIMB,24.193243
SAAYMURU,GIKPEWTY,0.1260182
SAAYMURU,PLMZALFA,0.90563524
SAAYMURU,KFQSHBNH,20695.746
SAAYMURU,RJCAXSGH,16359.236
QJQJSWFU,DEWLVASR,233502.28
QJQJSWFU,ELQGMQWE,455740.12
QJQJSWFU,AHMDUILJ,101945.04
QJQJSWFU,XIPPENFQ,116186.664
QJQJSWFU,FTSVTTSR,183760.36
QJQJSWFU,XMKRPGLB,801348.4
QJQJSWFU,RCBZUSIM,7448.4355
QJQJSWFU,SUOYXCHP,336.115
QJQJSWFU,ZKENOUDA,282849.1
QJQJSWFU,WQMVCOEM,2016.321
QJQJSWFU,BSRMSVTC,129411.78
QJQJSWFU,DDEXPPXU,25864.234
QJQJSWFU,LLHREMKS,27715.47
QJQJSWFU,DNMPSKTB,4828488.5
QJQJSWFU,WPQXWHYO,10853631.0
QJQJSWFU,VWMBASNE,166392.38
QJQJSWFU,RJGPVEXX,579803.8
QJQJSWFU,ATLDMDBO,39908200.0
QJQJSWFU,SAHWCZNH,1991304.6
QJQJSWFU,LUENUFGA,3457557.2
QJQJSWFU,HXYSSRXE,5749413.5
QJQJSWFU,QRKRBYJL,1757179.2
QJQJSWFU,FRHNWLNI,1044291.8
QJQJSWFU,MBSBZBXA,4463292.5
QJQJSWFU,BJALXPFS,175505.08
QJQJSWFU,RAWUKQMJ,3340866.0
QJQJSWFU,ZGJXVMNI,2541114.2
QJQJSWFU,LRVGFDFM,4881735.0
QJQJSWFU,BTMOEMEP,12608384.0
QJQJSWFU,UXSPKBJR,309361.25
QJQJSWFU,BEZYMBBT,3461255.5
QJQJSWFU,SAAYMURU,25746.396
QJQJSWFU,EVBVXETX,4971040.0
QJQJSWFU,DUCMGGNW,1170918.6
QJQJSWFU,OJIFIHMZ,1207190.4
QJQJSWFU,STZDBITS,40088856.0
QJQJSWFU,SNHYOVBM,471434.97
QJQJSWFU,LPHPPJUG,1320840.5
QJQJSWFU,FCYBOAXC,111458130.0
QJQJSWFU,JPBRUTWP,5303598.5
QJQJSWFU,LTOYKIML,346706.6
QJQJSWFU,QVLMOEYE,1249806.1
QJQJSWFU,JERHKLYW,5448.874
QJQJSWFU,ZXERAXWP,13627.902
QJQJSWFU,LSOIUSXD,96349.7
QJQJSWFU,XUOIQPFL,2383584.2
QJQJSWFU,WBLJNPZQ,151443.67
QJQJSWFU,OXKURKXR,103797.836
QJQJSWFU,AXULOHBQ,62635.06
QJQJSWFU,DBWLZWNK,161465.52
QJQJSWFU,NZKBIBNU,201952.86
QJQJSWFU,OKMBFVKS,1766858.2
QJQJSWFU,VUAFAIYJ,426488.75
QJQJSWFU,CCLHWFWF,18772860.0
QJQJSWFU,OGAFEHLU,51.548832
QJQJSWFU,SDWAYPIK,4273004.5
QJQJSWFU,UIFPPCLR,4742.5786
QJQJSWFU,KEUWZRKO,325356.97
QJQJSWFU,FQCLOEXA,1643433.4
QJQJSWFU,APQGTRMF,1433.7418
QJQJSWFU,ZCELVYQU,9700.138
QJQJSWFU,KAGJCHMR,5242.7227
QJQJSWFU,KJNSOAHR,8982474.0
QJQJSWFU,QKXNTIIB,1445942.8
QJQJSWFU,GKQIJYDH,12393793.0
QJQJSWFU,VBYCLTYZ,305592.34
QJQJSWFU,GYHKIVQT,12119861.0
QJQJSWFU,ROACSLMG,1987688.2
QJQJSWFU,VMAQSTJE,60059.465
QJQJSWFU,XIFHSOWQ,45666.457
QJQJSWFU,FITUEHWN,109306.06
QJQJSWFU,UGEQLMXM,128947.21
QJQJSWFU,BUZIIBYG,17489488.0
QJQJSWFU,JBVHSUWY,234492.22
QJQJSWFU,NAQIHUKZ,16.80673
QJQJSWFU,MIRCVAMV,952.2858
QJQJSWFU,AANGBULD,77194.02
QJQJSWFU,WHPUAOID,27147.857
QJQJSWFU,UQYUIVVR,3807690.0
QJQJSWFU,FWUCPMMW,69.22924
QJQJSWFU,IGDVVKUD,2400.3086
QJQJSWFU,FDXPMYGF,6543.5156
QJQJSWFU,QSDCUCLB,1.2395909
QJQJSWFU,YSYHGLQK,3937.713
QJQJSWFU,PYZMVUWD,132.06493
QJQJSWFU,HCDTGMST,144739.55
QJQJSWFU,JSLXRQOK,144.68709
QJQJSWFU,XIIEJNEE,992.0492
QJQJSWFU,BLANHGYY,206.17282
QJQJSWFU,DJBLNPNC,25.828032
QJQJSWFU,ANWUJOKX,1.0143766
QJQJSWFU,GMBFCMIU,0.9407009
QJQJSWFU,TGOELCAG,50216.39
QJQJSWFU,RUVXNNVA,2.2517607
QJQJSWFU,TANNMIMB,23.711576
QJQJSWFU,GIKPEWTY,0.10712679
QJQJSWFU,PLMZALFA,0.9407009
QJQJSWFU,KFQSHBNH,20693.416
QJQJSWFU,RJCAXSGH,16357.3955
EVBVXETX,DEWLVASR,233572.0
EVBVXETX,ELQGMQWE,455876.2
EVBVXETX,AHMDUILJ,103290.76
EVBVXETX,XIPPENFQ,116221.35
EVBVXETX,FTSVTTSR,183815.22
EVBVXETX,XMKRPGLB,801587.6
EVBVXETX,RCBZUSIM,7453.2114
EVBVXETX,SUOYXCHP,336.26114
EVBVXETX,ZKENOUDA,282933.56
EVBVXETX,WQMVCOEM,2018.3662
EVBVXETX,BSRMSVTC,129450.42
EVBVXETX,DDEXPPXU,25908.846
EVBVXETX,LLHREMKS,27756.709
EVBVXETX,DNMPSKTB,4813339.5
EVBVXETX,WPQXWHYO,10823159.0
EVBVXETX,VWMBASNE,166442.05
EVBVXETX,RJGPVEXX,580888.06
EVBVXETX,ATLDMDBO,39921140.0
EVBVXETX,SAHWCZNH,1991899.1
EVBVXETX,LUENUFGA,3458589.5
EVBVXETX,HXYSSRXE,5740510.5
EVBVXETX,QRKRBYJL,1757703.9
EVBVXETX,FRHNWLNI,1045616.25
EVBVXETX,MBSBZBXA,4479172.0
EVBVXETX,BJALXPFS,175557.47
EVBVXETX,RAWUKQMJ,3337630.5
EVBVXETX,ZGJXVMNI,2541940.8
EVBVXETX,LRVGFDFM,4879598.5
EVBVXETX,BTMOEMEP,12612112.0
EVBVXETX,UXSPKBJR,309453.6
EVBVXETX,BEZYMBBT,3462381.5
EVBVXETX,SAAYMURU,25771.062
EVBVXETX,QJQJSWFU,126299.1
EVBVXETX,DUCMGGNW,1171268.1
EVBVXETX,OJIFIHMZ,1207550.8
EVBVXETX,STZDBITS,40100710.0
EVBVXETX,SNHYOVBM,471968.47
EVBVXETX,LPHPPJUG,1324341.9
EVBVXETX,FCYBOAXC,178158510.0
EVBVXETX,JPBRUTWP,5315528.0
EVBVXETX,LTOYKIML,346810.1
EVBVXETX,QVLMOEYE,1250156.6
EVBVXETX,JERHKLYW,5450.418
EVBVXETX,ZXERAXWP,13682.511
EVBVXETX,LSOIUSXD,96378.47
EVBVXETX,XUOIQPFL,2384359.8
EVBVXETX,WBLJNPZQ,151488.89
EVBVXETX,OXKURKXR,103828.82
EVBVXETX,AXULOHBQ,62653.758
EVBVXETX,DBWLZWNK,161513.72
EVBVXETX,NZKBIBNU,203658.94
EVBVXETX,OKMBFVKS,1767058.9
EVBVXETX,VUAFAIYJ,426616.1
EVBVXETX,CCLHWFWF,18778412.0
EVBVXETX,OGAFEHLU,51.21701
EVBVXETX,SDWAYPIK,4274280.0
EVBVXETX,UIFPPCLR,4731.802
EVBVXETX,KEUWZRKO,325454.1
EVBVXETX,FQCLOEXA,1643968.0
EVBVXETX,APQGTRMF,1435.2731
EVBVXETX,ZCELVYQU,9704.653
EVBVXETX,KAGJCHMR,5246.024
EVBVXETX,KJNSOAHR,8985130.0
EVBVXETX,QKXNTIIB,1446374.4
EVBVXETX,GKQIJYDH,12392706.0
EVBVXETX,VBYCLTYZ,305683.6
EVBVXETX,GYHKIVQT,12117619.0
EVBVXETX,ROACSLMG,1999695.2
EVBVXETX,VMAQSTJE,60077.395
EVBVXETX,XIFHSOWQ,45680.09
EVBVXETX,FITUEHWN,109338.695
EVBVXETX,UGEQLMXM,128985.71
EVBVXETX,BUZIIBYG,17401412.0
EVBVXETX,JBVHSUWY,234562.22
EVBVXETX,NAQIHUKZ,16.804802
EVBVXETX,MIRCVAMV,955.5004
EVBVXETX,AANGBULD,77168.78
EVBVXETX,WHPUAOID,27155.963
EVBVXETX,UQYUIVVR,3808826.8
EVBVXETX,FWUCPMMW,69.34608
EVBVXETX,IGDVVKUD,2404.447
EVBVXETX,FDXPMYGF,6529.6997
EVBVXETX,QSDCUCLB,1.8859968
EVBVXETX,YSYHGLQK,3947.1487
EVBVXETX,PYZMVUWD,132.03809
EVBVXETX,HCDTGMST,144928.5
EVBVXETX,JSLXRQOK,144.72815
EVBVXETX,XIIEJNEE,992.40674
EVBVXETX,BLANHGYY,206.85725
EVBVXETX,DJBLNPNC,25.889257
EVBVXETX,ANWUJOKX,1.445508
EVBVXETX,GMBFCMIU,4.8487277
EVBVXETX,TGOELCAG,50323.977
EVBVXETX,RUVXNNVA,4.478095
EVBVXETX,TANNMIMB,34.861385
EVBVXETX,GIKPEWTY,0.29845637
EVBVXETX,PLMZALFA,4.8487277
EVBVXETX,KFQSHBNH,20703.582
EVBVXETX,RJCAXSGH,16373.362
DUCMGGNW,DEWLVASR,233518.55
DUCMGGNW,ELQGMQWE,455771.88
DUCMGGNW,AHMDUILJ,101474.305
DUCMGGNW,XIPPENFQ,116194.75
DUCMGGNW,FTSVTTSR,183773.14
DUCMGGNW,XMKRPGLB,801404.2
DUCMGGNW,RCBZUSIM,7443.5425
DUCMGGNW,SUOYXCHP,336.48074
DUCMGGNW,ZKENOUDA,282868.8
DUCMGGNW,WQMVCOEM,2018.5096
DUCMGGNW,BSRMSVTC,129420.79
DUCMGGNW,DDEXPPXU,25881.086
DUCMGGNW,LLHREMKS,27710.818
DUCMGGNW,DNMPSKTB,4819149.5
DUCMGGNW,WPQXWHYO,10830614.0
DUCMGGNW,VWMBASNE,166403.95
DUCMGGNW,RJGPVEXX,579926.0
DUCMGGNW,ATLDMDBO,39914976.0
DUCMGGNW,SAHWCZNH,1991443.2
DUCMGGNW,LUENUFGA,3457798.0
DUCMGGNW,HXYSSRXE,5720797.5
DUCMGGNW,QRKRBYJL,1757301.6
DUCMGGNW,FRHNWLNI,1044595.6
DUCMGGNW,MBSBZBXA,4478147.0
DUCMGGNW,BJALXPFS,175517.3
DUCMGGNW,RAWUKQMJ,3334837.0
DUCMGGNW,ZGJXVMNI,2541555.5
DUCMGGNW,LRVGFDFM,4878482.0
DUCMGGNW,BTMOEMEP,12609201.0
DUCMGGNW,UXSPKBJR,309382.78
DUCMGGNW,BEZYMBBT,3461856.5
DUCMGGNW,SAAYMURU,25765.164
DUCMGGNW,QJQJSWFU,126169.805
DUCMGGNW,EVBVXETX,4902337.5
DUCMGGNW,OJIFIHMZ,1207274.5
DUCMGGNW,STZDBITS,40091456.0
DUCMGGNW,SNHYOVBM,471860.47
DUCMGGNW,LPHPPJUG,1312946.0
DUCMGGNW,FCYBOAXC,106087064.0
DUCMGGNW,JPBRUTWP,5236668.0
DUCMGGNW,LTOYKIML,346730.72
DUCMGGNW,QVLMOEYE,1242683.4
DUCMGGNW,JERHKLYW,5444.8735
DUCMGGNW,ZXERAXWP,13625.199
DUCMGGNW,LSOIUSXD,96356.414
DUCMGGNW,XUOIQPFL,2383998.0
DUCMGGNW,WBLJNPZQ,151454.22
DUCMGGNW,OXKURKXR,103805.06
DUCMGGNW,AXULOHBQ,62639.418
DUCMGGNW,DBWLZWNK,161476.75
DUCMGGNW,NZKBIBNU,201939.77
DUCMGGNW,OKMBFVKS,1764824.0
DUCMGGNW,VUAFAIYJ,426518.44
DUCMGGNW,CCLHWFWF,18774080.0
DUCMGGNW,OGAFEHLU,51.24547
DUCMGGNW,SDWAYPIK,4273302.0
DUCMGGNW,UIFPPCLR,4742.0044
DUCMGGNW,KEUWZRKO,325379.62
DUCMGGNW,FQCLOEXA,1643718.8
DUCMGGNW,APQGTRMF,1433.9231
DUCMGGNW,ZCELVYQU,9702.441
DUCMGGNW,KAGJCHMR,5241.0923
DUCMGGNW,KJNSOAHR,8983057.0
DUCMGGNW,QKXNTIIB,1446043.4
DUCMGGNW,GKQIJYDH,12389846.0
DUCMGGNW,VBYCLTYZ,305613.62
DUCMGGNW,GYHKIVQT,12114822.0
DUCMGGNW,ROACSLMG,1969857.1
DUCMGGNW,VMAQSTJE,60063.645
DUCMGGNW,XIFHSOWQ,45666.11
DUCMGGNW,FITUEHWN,109305.234
DUCMGGNW,UGEQLMXM,128956.19
DUCMGGNW,BUZIIBYG,17418680.0
DUCMGGNW,JBVHSUWY,234508.53
DUCMGGNW,NAQIHUKZ,16.703936
DUCMGGNW,MIRCVAMV,953.22266
DUCMGGNW,AANGBULD,77202.49
DUCMGGNW,WHPUAOID,27149.748
DUCMGGNW,UQYUIVVR,3807955.0
DUCMGGNW,FWUCPMMW,69.40554
DUCMGGNW,IGDVVKUD,2402.0566
DUCMGGNW,FDXPMYGF,6573.549
DUCMGGNW,QSDCUCLB,1.1394875
DUCMGGNW,YSYHGLQK,3938.021
DUCMGGNW,PYZMVUWD,131.61386
DUCMGGNW,HCDTGMST,144774.33
DUCMGGNW,JSLXRQOK,144.5891
DUCMGGNW,XIIEJNEE,989.3325
DUCMGGNW,BLANHGYY,206.37642
DUCMGGNW,DJBLNPNC,25.826586
DUCMGGNW,ANWUJOKX,1.0079119
DUCMGGNW,GMBFCMIU,0.6924106
DUCMGGNW,TGOELCAG,50298.16
DUCMGGNW,RUVXNNVA,2.5069432
DUCMGGNW,TANNMIMB,22.209696
DUCMGGNW,GIKPEWTY,0.10220337
DUCMGGNW,PLMZALFA,0.6924106
DUCMGGNW,KFQSHBNH,20692.252
DUCMGGNW,RJCAXSGH,16364.401
OJIFIHMZ,DEWLVASR,234313.16
OJIFIHMZ,ELQGMQWE,455784.47
OJIFIHMZ,AHMDUILJ,101525.31
OJIFIHMZ,XIPPENFQ,116202.07
OJIFIHMZ,FTSVTTSR,183784.72
OJIFIHMZ,XMKRPGLB,801426.3
OJIFIHMZ,RCBZUSIM,7445.2964
OJIFIHMZ,SUOYXCHP,337.7586
OJIFIHMZ,ZKENOUDA,282612.38
OJIFIHMZ,WQMVCOEM,2019.0576
OJIFIHMZ,BSRMSVTC,129428.94
OJIFIHMZ,DDEXPPXU,25851.336
OJIFIHMZ,LLHREMKS,27804.055
OJIFIHMZ,DNMPSKTB,4819319.5
OJIFIHMZ,WPQXWHYO,10821425.0
OJIFIHMZ,VWMBASNE,166414.44
OJIFIHMZ,RJGPVEXX,579942.06
OJIFIHMZ,ATLDMDBO,39913756.0
OJIFIHMZ,SAHWCZNH,1991498.4
OJIFIHMZ,LUENUFGA,3457692.5
OJIFIHMZ,HXYSSRXE,5726982.0
OJIFIHMZ,QRKRBYJL,1757350.2
OJIFIHMZ,FRHNWLNI,1044624.5
OJIFIHMZ,MBSBZBXA,4478010.5
OJIFIHMZ,BJALXPFS,175528.34
OJIFIHMZ,RAWUKQMJ,3332722.8
OJIFIHMZ,ZGJXVMNI,2541477.8
OJIFIHMZ,LRVGFDFM,4881297.5
OJIFIHMZ,BTMOEMEP,12608816.0
OJIFIHMZ,UXSPKBJR,310435.53
OJIFIHMZ,BEZYMBBT,3461750.8
OJIFIHMZ,SAAYMURU,25721.24
OJIFIHMZ,QJQJSWFU,126177.74
OJIFIHMZ,EVBVXETX,4934623.0
OJIFIHMZ,DUCMGGNW,1171032.5
OJIFIHMZ,STZDBITS,40090230.0
OJIFIHMZ,SNHYOVBM,469895.8
OJIFIHMZ,LPHPPJUG,1311137.9
OJIFIHMZ,FCYBOAXC,109817650.0
OJIFIHMZ,JPBRUTWP,5247541.5
OJIFIHMZ,LTOYKIML,346752.56
OJIFIHMZ,QVLMOEYE,1245174.6
OJIFIHMZ,JERHKLYW,5452.571
OJIFIHMZ,ZXERAXWP,13629.566
OJIFIHMZ,LSOIUSXD,96362.48
OJIFIHMZ,XUOIQPFL,2383925.2
OJIFIHMZ,WBLJNPZQ,151463.75
OJIFIHMZ,OXKURKXR,103811.59
OJIFIHMZ,AXULOHBQ,62643.363
OJIFIHMZ,DBWLZWNK,161486.92
OJIFIHMZ,NZKBIBNU,202523.38
OJIFIHMZ,OKMBFVKS,1763705.1
OJIFIHMZ,VUAFAIYJ,426131.78
OJIFIHMZ,CCLHWFWF,18773504.0
OJIFIHMZ,OGAFEHLU,51.77317
OJIFIHMZ,SDWAYPIK,4273171.5
OJIFIHMZ,UIFPPCLR,4683.0913
OJIFIHMZ,KEUWZRKO,325400.1
OJIFIHMZ,FQCLOEXA,1643764.1
OJIFIHMZ,APQGTRMF,1435.5758
OJIFIHMZ,ZCELVYQU,9710.718
OJIFIHMZ,KAGJCHMR,5258.2427
OJIFIHMZ,KJNSOAHR,8982783.0
OJIFIHMZ,QKXNTIIB,1442769.1
OJIFIHMZ,GKQIJYDH,12389468.0
OJIFIHMZ,VBYCLTYZ,305632.88
OJIFIHMZ,GYHKIVQT,12114453.0
OJIFIHMZ,ROACSLMG,1977593.4
OJIFIHMZ,VMAQSTJE,60067.426
OJIFIHMZ,XIFHSOWQ,45668.984
OJIFIHMZ,FITUEHWN,109312.11
OJIFIHMZ,UGEQLMXM,128964.305
OJIFIHMZ,BUZIIBYG,17470284.0
OJIFIHMZ,JBVHSUWY,234295.95
OJIFIHMZ,NAQIHUKZ,16.85725
OJIFIHMZ,MIRCVAMV,953.06433
OJIFIHMZ,AANGBULD,77271.07
OJIFIHMZ,WHPUAOID,27151.457
OJIFIHMZ,UQYUIVVR,3807839.0
OJIFIHMZ,FWUCPMMW,69.58313
OJIFIHMZ,IGDVVKUD,2403.4514
OJIFIHMZ,FDXPMYGF,6610.123
OJIFIHMZ,QSDCUCLB,1.9646146
OJIFIHMZ,YSYHGLQK,3931.3625
OJIFIHMZ,PYZMVUWD,131.81067
OJIFIHMZ,HCDTGMST,144844.48
OJIFIHMZ,JSLXRQOK,144.80315
OJIFIHMZ,XIIEJNEE,988.8255
OJIFIHMZ,BLANHGYY,206.67834
OJIFIHMZ,DJBLNPNC,25.882801
OJIFIHMZ,ANWUJOKX,1.0258942
OJIFIHMZ,GMBFCMIU,0.7642615
OJIFIHMZ,TGOELCAG,50342.84
OJIFIHMZ,RUVXNNVA,3.7936926
OJIFIHMZ,TANNMIMB,22.789108
OJIFIHMZ,GIKPEWTY,0.10746848
OJIFIHMZ,PLMZALFA,0.7642615
OJIFIHMZ,KFQSHBNH,20712.055
OJIFIHMZ,RJCAXSGH,16380.063
STZDBITS,DEWLVASR,233382.73
STZDBITS,ELQGMQWE,455506.8
STZDBITS,AHMDUILJ,100651.4
STZDBITS,XIPPENFQ,116290.76
STZDBITS,FTSVTTSR,183456.9
STZDBITS,XMKRPGLB,800632.6
STZDBITS,RCBZUSIM,7450.3257
STZDBITS,SUOYXCHP,336.01422
STZDBITS,ZKENOUDA,282704.28
STZDBITS,WQMVCOEM,2016.7097
STZDBITS,BSRMSVTC,129257.234
STZDBITS,DDEXPPXU,25856.688
STZDBITS,LLHREMKS,27712.748
STZDBITS,DNMPSKTB,4808343.0
STZDBITS,WPQXWHYO,10808492.0
STZDBITS,VWMBASNE,166167.67
STZDBITS,RJGPVEXX,580343.2
STZDBITS,ATLDMDBO,39894196.0
STZDBITS,SAHWCZNH,1990285.1
STZDBITS,LUENUFGA,3456077.0
STZDBITS,HXYSSRXE,5714396.0
STZDBITS,QRKRBYJL,1756279.6
STZDBITS,FRHNWLNI,1045263.25
STZDBITS,MBSBZBXA,4474211.5
STZDBITS,BJALXPFS,175215.25
STZDBITS,RAWUKQMJ,3339082.2
STZDBITS,ZGJXVMNI,2540145.0
STZDBITS,LRVGFDFM,4867700.0
STZDBITS,BTMOEMEP,12602878.0
STZDBITS,UXSPKBJR,309202.84
STZDBITS,BEZYMBBT,3458263.0
STZDBITS,SAAYMURU,25736.504
STZDBITS,QJQJSWFU,125922.3
STZDBITS,EVBVXETX,4986219.5
STZDBITS,DUCMGGNW,1170319.1
STZDBITS,OJIFIHMZ,1205529.1
STZDBITS,SNHYOVBM,470843.22
STZDBITS,LPHPPJUG,1320923.6
STZDBITS,FCYBOAXC,110355600.0
STZDBITS,JPBRUTWP,5302177.0
STZDBITS,LTOYKIML,346529.1
STZDBITS,QVLMOEYE,1244308.1
STZDBITS,JERHKLYW,5457.7637
STZDBITS,ZXERAXWP,13616.392
STZDBITS,LSOIUSXD,96491.22
STZDBITS,XUOIQPFL,2382675.2
STZDBITS,WBLJNPZQ,151193.6
STZDBITS,OXKURKXR,103601.42
STZDBITS,AXULOHBQ,62516.54
STZDBITS,DBWLZWNK,161321.3
STZDBITS,NZKBIBNU,201483.86
STZDBITS,OKMBFVKS,1765948.6
STZDBITS,VUAFAIYJ,425979.44
STZDBITS,CCLHWFWF,18752572.0
STZDBITS,OGAFEHLU,50.48978
STZDBITS,SDWAYPIK,4271175.0
STZDBITS,UIFPPCLR,4748.7036
STZDBITS,KEUWZRKO,325190.4
STZDBITS,FQCLOEXA,1642806.6
STZDBITS,APQGTRMF,1430.8801
STZDBITS,ZCELVYQU,9685.586
STZDBITS,KAGJCHMR,5235.476
STZDBITS,KJNSOAHR,8978552.0
STZDBITS,QKXNTIIB,1442847.5
STZDBITS,GKQIJYDH,12378910.0
STZDBITS,VBYCLTYZ,304938.2
STZDBITS,GYHKIVQT,12104129.0
STZDBITS,ROACSLMG,1997779.5
STZDBITS,VMAQSTJE,59962.51
STZDBITS,XIFHSOWQ,45692.812
STZDBITS,FITUEHWN,109090.805
STZDBITS,UGEQLMXM,129031.6
STZDBITS,BUZIIBYG,17420172.0
STZDBITS,JBVHSUWY,234060.56
STZDBITS,NAQIHUKZ,16.700829
STZDBITS,MIRCVAMV,952.57544
STZDBITS,AANGBULD,77099.85
STZDBITS,WHPUAOID,27246.084
STZDBITS,UQYUIVVR,3804125.8
STZDBITS,FWUCPMMW,69.60443
STZDBITS,IGDVVKUD,2401.864
STZDBITS,FDXPMYGF,6624.64
STZDBITS,QSDCUCLB,1.0228198
STZDBITS,YSYHGLQK,3930.5112
STZDBITS,PYZMVUWD,131.19194
STZDBITS,HCDTGMST,144691.66
STZDBITS,JSLXRQOK,144.21303
STZDBITS,XIIEJNEE,988.834
STZDBITS,BLANHGYY,205.96715
STZDBITS,DJBLNPNC,25.805508
STZDBITS,ANWUJOKX,1.0211396
STZDBITS,GMBFCMIU,0.6824759
STZDBITS,TGOELCAG,50279.023
STZDBITS,RUVXNNVA,2.1802442
STZDBITS,TANNMIMB,22.479853
STZDBITS,GIKPEWTY,0.124107465
STZDBITS,PLMZALFA,0.6824759
STZDBITS,KFQSHBNH,20669.254
STZDBITS,RJCAXSGH,16346.214
SNHYOVBM,DEWLVASR,234316.73
SNHYOVBM,ELQGMQWE,455791.44
SNHYOVBM,AHMDUILJ,100667.72
SNHYOVBM,XIPPENFQ,116203.84
SNHYOVBM,FTSVTTSR,183787.52
SNHYOVBM,XMKRPGLB,801438.56
SNHYOVBM,RCBZUSIM,7445.4097
SNHYOVBM,SUOYXCHP,337.66882
SNHYOVBM,ZKENOUDA,282637.44
SNHYOVBM,WQMVCOEM,2018.5222
SNHYOVBM,BSRMSVTC,129430.914
SNHYOVBM,DDEXPPXU,25851.73
SNHYOVBM,LLHREMKS,27516.123
SNHYOVBM,DNMPSKTB,4778957.0
SNHYOVBM,WPQXWHYO,10756952.0
SNHYOVBM,VWMBASNE,166416.97
SNHYOVBM,RJGPVEXX,579336.75
SNHYOVBM,ATLDMDBO,39916040.0
SNHYOVBM,SAHWCZNH,1991612.2
SNHYOVBM,LUENUFGA,3457745.2
SNHYOVBM,HXYSSRXE,5734108.5
SNHYOVBM,QRKRBYJL,1757377.0
SNHYOVBM,FRHNWLNI,1043457.56
SNHYOVBM,MBSBZBXA,4478079.0
SNHYOVBM,BJALXPFS,175531.03
SNHYOVBM,RAWUKQMJ,3334515.8
SNHYOVBM,ZGJXVMNI,2541810.0
SNHYOVBM,LRVGFDFM,4881372.0
SNHYOVBM,BTMOEMEP,12609033.0
SNHYOVBM,UXSPKBJR,310463.06
SNHYOVBM,BEZYMBBT,3461948.8
SNHYOVBM,SAAYMURU,25721.633
SNHYOVBM,QJQJSWFU,126107.25
SNHYOVBM,EVBVXETX,4955982.5
SNHYOVBM,DUCMGGNW,1171050.4
SNHYOVBM,OJIFIHMZ,1204559.1
SNHYOVBM,STZDBITS,40090920.0
SNHYOVBM,LPHPPJUG,1316845.9
SNHYOVBM,FCYBOAXC,122431950.0
SNHYOVBM,JPBRUTWP,5280675.0
SNHYOVBM,LTOYKIML,346757.84
SNHYOVBM,QVLMOEYE,1237045.6
SNHYOVBM,JERHKLYW,5452.654
SNHYOVBM,ZXERAXWP,13629.774
SNHYOVBM,LSOIUSXD,96363.945
SNHYOVBM,XUOIQPFL,2384061.8
SNHYOVBM,WBLJNPZQ,151466.06
SNHYOVBM,OXKURKXR,103813.18
SNHYOVBM,AXULOHBQ,62644.316
SNHYOVBM,DBWLZWNK,161489.38
SNHYOVBM,NZKBIBNU,201130.22
SNHYOVBM,OKMBFVKS,1764654.0
SNHYOVBM,VUAFAIYJ,426138.28
SNHYOVBM,CCLHWFWF,18773828.0
SNHYOVBM,OGAFEHLU,51.24362
SNHYOVBM,SDWAYPIK,4273236.5
SNHYOVBM,UIFPPCLR,4683.1626
SNHYOVBM,KEUWZRKO,325428.97
SNHYOVBM,FQCLOEXA,1643979.0
SNHYOVBM,APQGTRMF,1413.4319
SNHYOVBM,ZCELVYQU,9710.866
SNHYOVBM,KAGJCHMR,5256.8438
SNHYOVBM,KJNSOAHR,8982937.0
SNHYOVBM,QKXNTIIB,1442791.1
SNHYOVBM,GKQIJYDH,12389681.0
SNHYOVBM,VBYCLTYZ,305637.53
SNHYOVBM,GYHKIVQT,12114661.0
SNHYOVBM,ROACSLMG,1992191.6
SNHYOVBM,VMAQSTJE,60068.344
SNHYOVBM,XIFHSOWQ,45669.68
SNHYOVBM,FITUEHWN,109313.78
SNHYOVBM,UGEQLMXM,128966.27
SNHYOVBM,BUZIIBYG,17283916.0
SNHYOVBM,JBVHSUWY,234299.52
SNHYOVBM,NAQIHUKZ,16.728569
SNHYOVBM,MIRCVAMV,953.87085
SNHYOVBM,AANGBULD,77184.45
SNHYOVBM,WHPUAOID,27151.871
SNHYOVBM,UQYUIVVR,3807897.0
SNHYOVBM,FWUCPMMW,69.60518
SNHYOVBM,IGDVVKUD,2403.4893
SNHYOVBM,FDXPMYGF,6606.845
SNHYOVBM,QSDCUCLB,1.916332
SNHYOVBM,YSYHGLQK,3930.32
SNHYOVBM,PYZMVUWD,131.43465
SNHYOVBM,HCDTGMST,144368.42
SNHYOVBM,JSLXRQOK,144.7645
SNHYOVBM,XIIEJNEE,988.5631
SNHYOVBM,BLANHGYY,206.71983
SNHYOVBM,DJBLNPNC,25.780365
SNHYOVBM,ANWUJOKX,1.3397658
SNHYOVBM,GMBFCMIU,1.4025381
SNHYOVBM,TGOELCAG,50272.266
SNHYOVBM,RUVXNNVA,3.4334416
SNHYOVBM,TANNMIMB,30.15464
SNHYOVBM,GIKPEWTY,0.24312931
SNHYOVBM,PLMZALFA,1.4025381
SNHYOVBM,KFQSHBNH,20712.371
SNHYOVBM,RJCAXSGH,16356.506
LPHPPJUG,DEWLVASR,233529.02
LPHPPJUG,ELQGMQWE,455792.3
LPHPPJUG,AHMDUILJ,101377.67
LPHPPJUG,XIPPENFQ,116199.96
LPHPPJUG,FTSVTTSR,183781.39
LPHPPJUG,XMKRPGLB,801440.1
LPHPPJUG,RCBZUSIM,7446.539
LPHPPJUG,SUOYXCHP,336.1989
LPHPPJUG,ZKENOUDA,282881.47
LPHPPJUG,WQMVCOEM,2017.9935
LPHPPJUG,BSRMSVTC,129426.59
LPHPPJUG,DDEXPPXU,25884.246
LPHPPJUG,LLHREMKS,27648.096
LPHPPJUG,DNMPSKTB,4808953.0
LPHPPJUG,WPQXWHYO,10831606.0
LPHPPJUG,VWMBASNE,166411.42
LPHPPJUG,RJGPVEXX,580765.6
LPHPPJUG,ATLDMDBO,39912616.0
LPHPPJUG,SAHWCZNH,1991532.5
LPHPPJUG,LUENUFGA,3457953.0
LPHPPJUG,HXYSSRXE,5717563.0
LPHPPJUG,QRKRBYJL,1757380.4
LPHPPJUG,FRHNWLNI,1045395.9
LPHPPJUG,MBSBZBXA,4478348.0
LPHPPJUG,BJALXPFS,175525.17
LPHPPJUG,RAWUKQMJ,3334693.8
LPHPPJUG,ZGJXVMNI,2541405.0
LPHPPJUG,LRVGFDFM,4878700.5
LPHPPJUG,BTMOEMEP,12609778.0
LPHPPJUG,UXSPKBJR,309396.66
LPHPPJUG,BEZYMBBT,3461651.8
LPHPPJUG,SAAYMURU,25766.318
LPHPPJUG,QJQJSWFU,126275.85
LPHPPJUG,EVBVXETX,4929251.5
LPHPPJUG,DUCMGGNW,1171052.6
LPHPPJUG,OJIFIHMZ,1207328.6
LPHPPJUG,STZDBITS,40093292.0
LPHPPJUG,SNHYOVBM,471881.62
LPHPPJUG,FCYBOAXC,109210640.0
LPHPPJUG,JPBRUTWP,5270803.5
LPHPPJUG,LTOYKIML,346746.28
LPHPPJUG,QVLMOEYE,1244725.9
LPHPPJUG,JERHKLYW,5445.5386
LPHPPJUG,ZXERAXWP,13626.863
LPHPPJUG,LSOIUSXD,96360.73
LPHPPJUG,XUOIQPFL,2383857.2
LPHPPJUG,WBLJNPZQ,151461.0
LPHPPJUG,OXKURKXR,103809.71
LPHPPJUG,AXULOHBQ,62642.227
LPHPPJUG,DBWLZWNK,161483.98
LPHPPJUG,NZKBIBNU,202187.97
LPHPPJUG,OKMBFVKS,1764748.2
LPHPPJUG,VUAFAIYJ,426537.56
LPHPPJUG,CCLHWFWF,18774940.0
LPHPPJUG,OGAFEHLU,51.13159
LPHPPJUG,SDWAYPIK,4273493.5
LPHPPJUG,UIFPPCLR,4730.9307
LPHPPJUG,KEUWZRKO,325394.22
LPHPPJUG,FQCLOEXA,1643621.5
LPHPPJUG,APQGTRMF,1433.9867
LPHPPJUG,ZCELVYQU,9702.867
LPHPPJUG,KAGJCHMR,5241.327
LPHPPJUG,KJNSOAHR,8983468.0
LPHPPJUG,QKXNTIIB,1446108.2
LPHPPJUG,GKQIJYDH,12390413.0
LPHPPJUG,VBYCLTYZ,305627.34
LPHPPJUG,GYHKIVQT,12115377.0
LPHPPJUG,ROACSLMG,1978751.8
LPHPPJUG,VMAQSTJE,60066.34
LPHPPJUG,XIFHSOWQ,45671.684
LPHPPJUG,FITUEHWN,109318.58
LPHPPJUG,UGEQLMXM,128961.97
LPHPPJUG,BUZIIBYG,17320616.0
LPHPPJUG,JBVHSUWY,234519.05
LPHPPJUG,NAQIHUKZ,16.64015
LPHPPJUG,MIRCVAMV,954.6438
LPHPPJUG,AANGBULD,77094.484
LPHPPJUG,WHPUAOID,27150.965
LPHPPJUG,UQYUIVVR,3808125.8
LPHPPJUG,FWUCPMMW,69.22837
LPHPPJUG,IGDVVKUD,2402.163
LPHPPJUG,FDXPMYGF,6552.772
LPHPPJUG,QSDCUCLB,0.9973699
LPHPPJUG,YSYHGLQK,3943.6147
LPHPPJUG,PYZMVUWD,131.91895
LPHPPJUG,HCDTGMST,144689.58
LPHPPJUG,JSLXRQOK,144.59764
LPHPPJUG,XIIEJNEE,992.22345
LPHPPJUG,BLANHGYY,206.67111
LPHPPJUG,DJBLNPNC,25.748472
LPHPPJUG,ANWUJOKX,1.0423477
LPHPPJUG,GMBFCMIU,0.95607436
LPHPPJUG,TGOELCAG,50275.523
LPHPPJUG,RUVXNNVA,2.0748436
LPHPPJUG,TANNMIMB,23.456345
LPHPPJUG,GIKPEWTY,0.103076614
LPHPPJUG,PLMZALFA,0.95607436
LPHPPJUG,KFQSHBNH,20699.771
LPHPPJUG,RJCAXSGH,16370.349
FCYBOAXC,DEWLVASR,233563.98
FCYBOAXC,ELQGMQWE,455860.56
FCYBOAXC,AHMDUILJ,102308.33
FCYBOAXC,XIPPENFQ,116204.4
FCYBOAXC,FTSVTTSR,183788.39
FCYBOAXC,XMKRPGLB,801560.1
FCYBOAXC,RCBZUSIM,7467.0864
FCYBOAXC,SUOYXCHP,334.37665
FCYBOAXC,ZKENOUDA,282933.56
FCYBOAXC,WQMVCOEM,2015.544
FCYBOAXC,BSRMSVTC,129406.97
FCYBOAXC,DDEXPPXU,25896.568
FCYBOAXC,LLHREMKS,27852.969
FCYBOAXC,DNMPSKTB,4864261.5
FCYBOAXC,WPQXWHYO,10959912.0
FCYBOAXC,VWMBASNE,166467.92
FCYBOAXC,RJGPVEXX,583700.75
FCYBOAXC,ATLDMDBO,40029564.0
FCYBOAXC,SAHWCZNH,1991830.8
FCYBOAXC,LUENUFGA,3457148.5
FCYBOAXC,HXYSSRXE,5919882.0
FCYBOAXC,QRKRBYJL,1754936.9
FCYBOAXC,FRHNWLNI,1046865.44
FCYBOAXC,MBSBZBXA,4477306.0
FCYBOAXC,BJALXPFS,175531.86
FCYBOAXC,RAWUKQMJ,3348381.0
FCYBOAXC,ZGJXVMNI,2548973.2
FCYBOAXC,LRVGFDFM,4884138.0
FCYBOAXC,BTMOEMEP,12606820.0
FCYBOAXC,UXSPKBJR,309453.6
FCYBOAXC,BEZYMBBT,3461159.8
FCYBOAXC,SAAYMURU,25717.39
FCYBOAXC,QJQJSWFU,126254.54
FCYBOAXC,EVBVXETX,5259746.5
FCYBOAXC,DUCMGGNW,1171228.0
FCYBOAXC,OJIFIHMZ,1207509.4
FCYBOAXC,STZDBITS,40058052.0
FCYBOAXC,SNHYOVBM,476055.03
FCYBOAXC,LPHPPJUG,1357635.5
FCYBOAXC,JPBRUTWP,5555956.0
FCYBOAXC,LTOYKIML,346798.2
FCYBOAXC,QVLMOEYE,1252968.8
FCYBOAXC,JERHKLYW,5445.279
FCYBOAXC,ZXERAXWP,13642.051
FCYBOAXC,LSOIUSXD,96419.56
FCYBOAXC,XUOIQPFL,2384430.0
FCYBOAXC,WBLJNPZQ,151466.78
FCYBOAXC,OXKURKXR,103788.625
FCYBOAXC,AXULOHBQ,62629.504
FCYBOAXC,DBWLZWNK,161508.17
FCYBOAXC,NZKBIBNU,201444.08
FCYBOAXC,OKMBFVKS,1774210.1
FCYBOAXC,VUAFAIYJ,426472.9
FCYBOAXC,CCLHWFWF,18758436.0
FCYBOAXC,OGAFEHLU,51.097572
FCYBOAXC,SDWAYPIK,4272499.0
FCYBOAXC,UIFPPCLR,4733.883
FCYBOAXC,KEUWZRKO,325454.1
FCYBOAXC,FQCLOEXA,1648564.9
FCYBOAXC,APQGTRMF,1444.9105
FCYBOAXC,ZCELVYQU,9704.061
FCYBOAXC,KAGJCHMR,5254.9487
FCYBOAXC,KJNSOAHR,8981669.0
FCYBOAXC,QKXNTIIB,1446324.8
FCYBOAXC,GKQIJYDH,12387507.0
FCYBOAXC,VBYCLTYZ,305673.1
FCYBOAXC,GYHKIVQT,12112535.0
FCYBOAXC,ROACSLMG,2089017.9
FCYBOAXC,VMAQSTJE,60070.863
FCYBOAXC,XIFHSOWQ,45662.406
FCYBOAXC,FITUEHWN,109296.37
FCYBOAXC,UGEQLMXM,128935.77
FCYBOAXC,BUZIIBYG,17738972.0
FCYBOAXC,JBVHSUWY,234483.48
FCYBOAXC,NAQIHUKZ,16.915785
FCYBOAXC,MIRCVAMV,964.294
FCYBOAXC,AANGBULD,77155.31
FCYBOAXC,WHPUAOID,27248.502
FCYBOAXC,UQYUIVVR,3812370.0
FCYBOAXC,FWUCPMMW,70.019485
FCYBOAXC,IGDVVKUD,2396.181
FCYBOAXC,FDXPMYGF,6537.876
FCYBOAXC,QSDCUCLB,2.6072273
FCYBOAXC,YSYHGLQK,3950.5652
FCYBOAXC,PYZMVUWD,132.92625
FCYBOAXC,HCDTGMST,144811.2
FCYBOAXC,JSLXRQOK,145.03415
FCYBOAXC,XIIEJNEE,990.60693
FCYBOAXC,BLANHGYY,208.71558
FCYBOAXC,DJBLNPNC,26.196321
FCYBOAXC,ANWUJOKX,1.8624899
FCYBOAXC,GMBFCMIU,11.019936
FCYBOAXC,TGOELCAG,50315.19
FCYBOAXC,RUVXNNVA,6.084152
FCYBOAXC,TANNMIMB,47.13016
FCYBOAXC,GIKPEWTY,0.39144617
FCYBOAXC,PLMZALFA,11.019936
FCYBOAXC,KFQSHBNH,20658.297
FCYBOAXC,RJCAXSGH,16337.548
JPBRUTWP,DEWLVASR,233513.42
JPBRUTWP,ELQGMQWE,455761.88
JPBRUTWP,AHMDUILJ,102484.59
JPBRUTWP,XIPPENFQ,116214.26
JPBRUTWP,FTSVTTSR,183804.0
JPBRUTWP,XMKRPGLB,801386.6
JPBRUTWP,RCBZUSIM,7449.672
JPBRUTWP,SUOYXCHP,336.05005
JPBRUTWP,ZKENOUDA,282862.6
JPBRUTWP,WQMVCOEM,2017.855
JPBRUTWP,BSRMSVTC,129417.95
JPBRUTWP,DDEXPPXU,25859.424
JPBRUTWP,LLHREMKS,27727.5
JPBRUTWP,DNMPSKTB,4836064.5
JPBRUTWP,WPQXWHYO,10897108.0
JPBRUTWP,VWMBASNE,166431.89
JPBRUTWP,RJGPVEXX,580742.4
JPBRUTWP,ATLDMDBO,39911092.0
JPBRUTWP,SAHWCZNH,1991399.6
JPBRUTWP,LUENUFGA,3457722.0
JPBRUTWP,HXYSSRXE,5779738.0
JPBRUTWP,QRKRBYJL,1757263.0
JPBRUTWP,FRHNWLNI,1045354.0
JPBRUTWP,MBSBZBXA,4478049.0
JPBRUTWP,BJALXPFS,175546.77
JPBRUTWP,RAWUKQMJ,3336793.5
JPBRUTWP,ZGJXVMNI,2541303.2
JPBRUTWP,LRVGFDFM,4878375.0
JPBRUTWP,BTMOEMEP,12608937.0
JPBRUTWP,UXSPKBJR,309376.0
JPBRUTWP,BEZYMBBT,3461513.0
JPBRUTWP,SAAYMURU,25759.906
JPBRUTWP,QJQJSWFU,126260.92
JPBRUTWP,EVBVXETX,5008428.0
JPBRUTWP,DUCMGGNW,1170974.4
JPBRUTWP,OJIFIHMZ,1207248.0
JPBRUTWP,STZDBITS,40090616.0
JPBRUTWP,SNHYOVBM,472129.66
JPBRUTWP,LPHPPJUG,1330594.5
JPBRUTWP,FCYBOAXC,104568710.0
JPBRUTWP,LTOYKIML,346723.12
JPBRUTWP,QVLMOEYE,1246516.1
JPBRUTWP,JERHKLYW,5439.9263
JPBRUTWP,ZXERAXWP,13676.587
JPBRUTWP,LSOIUSXD,96427.75
JPBRUTWP,XUOIQPFL,2383761.8
JPBRUTWP,WBLJNPZQ,151479.64
JPBRUTWP,OXKURKXR,103797.44
JPBRUTWP,AXULOHBQ,62634.82
JPBRUTWP,DBWLZWNK,161473.2
JPBRUTWP,NZKBIBNU,202337.27
JPBRUTWP,OKMBFVKS,1766615.6
JPBRUTWP,VUAFAIYJ,426509.1
JPBRUTWP,CCLHWFWF,18773684.0
JPBRUTWP,OGAFEHLU,50.72574
JPBRUTWP,SDWAYPIK,4273208.0
JPBRUTWP,UIFPPCLR,4729.753
JPBRUTWP,KEUWZRKO,325372.5
JPBRUTWP,FQCLOEXA,1643555.6
JPBRUTWP,APQGTRMF,1433.9607
JPBRUTWP,ZCELVYQU,9700.452
JPBRUTWP,KAGJCHMR,5243.5327
JPBRUTWP,KJNSOAHR,8982868.0
JPBRUTWP,QKXNTIIB,1446011.6
JPBRUTWP,GKQIJYDH,12389586.0
JPBRUTWP,VBYCLTYZ,305606.94
JPBRUTWP,GYHKIVQT,12114568.0
JPBRUTWP,ROACSLMG,2004323.2
JPBRUTWP,VMAQSTJE,60059.234
JPBRUTWP,XIFHSOWQ,45666.285
JPBRUTWP,FITUEHWN,109305.65
JPBRUTWP,UGEQLMXM,128946.72
JPBRUTWP,BUZIIBYG,17489356.0
JPBRUTWP,JBVHSUWY,234503.39
JPBRUTWP,NAQIHUKZ,16.637293
JPBRUTWP,MIRCVAMV,954.395
JPBRUTWP,AANGBULD,77160.83
JPBRUTWP,WHPUAOID,27176.896
JPBRUTWP,UQYUIVVR,3807871.5
JPBRUTWP,FWUCPMMW,69.265884
JPBRUTWP,IGDVVKUD,2399.5027
JPBRUTWP,FDXPMYGF,6526.5986
JPBRUTWP,QSDCUCLB,1.1437018
JPBRUTWP,YSYHGLQK,3945.2778
JPBRUTWP,PYZMVUWD,131.88643
JPBRUTWP,HCDTGMST,144878.61
JPBRUTWP,JSLXRQOK,144.71321
JPBRUTWP,XIIEJNEE,992.2737
JPBRUTWP,BLANHGYY,206.80722
JPBRUTWP,DJBLNPNC,25.762735
JPBRUTWP,ANWUJOKX,0.9450575
JPBRUTWP,GMBFCMIU,0.71697176
JPBRUTWP,TGOELCAG,50318.793
JPBRUTWP,RUVXNNVA,2.2316103
JPBRUTWP,TANNMIMB,22.100641
JPBRUTWP,GIKPEWTY,0.08500887
JPBRUTWP,PLMZALFA,0.71697176
JPBRUTWP,KFQSHBNH,20686.135
JPBRUTWP,RJCAXSGH,16359.564
LTOYKIML,DEWLVASR,233518.55
LTOYKIML,ELQGMQWE,455771.88
LTOYKIML,AHMDUILJ,101474.305
LTOYKIML,XIPPENFQ,116194.75
LTOYKIML,FTSVTTSR,183773.14
LTOYKIML,XMKRPGLB,801404.2
LTOYKIML,RCBZUSIM,7443.5425
LTOYKIML,SUOYXCHP,336.48074
LTOYKIML,ZKENOUDA,282868.8
LTOYKIML,WQMVCOEM,2018.5096
LTOYKIML,BSRMSVTC,129420.79
LTOYKIML,DDEXPPXU,25881.086
LTOYKIML,LLHREMKS,27863.463
LTOYKIML,DNMPSKTB,4842964.5
LTOYKIML,WPQXWHYO,10862930.0
LTOYKIML,VWMBASNE,166403.95
LTOYKIML,RJGPVEXX,579972.5
LTOYKIML,ATLDMDBO,39914976.0
LTOYKIML,SAHWCZNH,1991443.2
LTOYKIML,LUENUFGA,3457798.0
LTOYKIML,HXYSSRXE,5799355.0
LTOYKIML,QRKRBYJL,1757301.6
LTOYKIML,FRHNWLNI,1044595.6
LTOYKIML,MBSBZBXA,4478147.0
LTOYKIML,BJALXPFS,175517.3
LTOYKIML,RAWUKQMJ,3339550.5
LTOYKIML,ZGJXVMNI,2541555.5
LTOYKIML,LRVGFDFM,4878482.0
LTOYKIML,BTMOEMEP,12609201.0
LTOYKIML,UXSPKBJR,309382.78
LTOYKIML,BEZYMBBT,3461856.5
LTOYKIML,SAAYMURU,25765.164
LTOYKIML,QJQJSWFU,126169.805
LTOYKIML,EVBVXETX,5038398.5
LTOYKIML,DUCMGGNW,1171000.1
LTOYKIML,OJIFIHMZ,1207274.5
LTOYKIML,STZDBITS,40091456.0
LTOYKIML,SNHYOVBM,471860.47
LTOYKIML,LPHPPJUG,1334648.6
LTOYKIML,FCYBOAXC,111575330.0
LTOYKIML,JPBRUTWP,5313521.0
LTOYKIML,QVLMOEYE,1244193.0
LTOYKIML,JERHKLYW,5444.8735
LTOYKIML,ZXERAXWP,13625.199
LTOYKIML,LSOIUSXD,96356.414
LTOYKIML,XUOIQPFL,2383998.0
LTOYKIML,WBLJNPZQ,151454.22
LTOYKIML,OXKURKXR,103805.06
LTOYKIML,AXULOHBQ,62639.418
LTOYKIML,DBWLZWNK,161476.75
LTOYKIML,NZKBIBNU,201939.77
LTOYKIML,OKMBFVKS,1767318.4
LTOYKIML,VUAFAIYJ,426518.44
LTOYKIML,CCLHWFWF,18774080.0
LTOYKIML,OGAFEHLU,51.53896
LTOYKIML,SDWAYPIK,4273302.0
LTOYKIML,UIFPPCLR,4742.0044
LTOYKIML,KEUWZRKO,325379.62
LTOYKIML,FQCLOEXA,1643718.8
LTOYKIML,APQGTRMF,1433.9231
LTOYKIML,ZCELVYQU,9702.441
LTOYKIML,KAGJCHMR,5241.0923
LTOYKIML,KJNSOAHR,8983057.0
LTOYKIML,QKXNTIIB,1446043.4
LTOYKIML,GKQIJYDH,12389846.0
LTOYKIML,VBYCLTYZ,305613.62
LTOYKIML,GYHKIVQT,12114822.0
LTOYKIML,ROACSLMG,1997743.4
LTOYKIML,VMAQSTJE,60063.645
LTOYKIML,XIFHSOWQ,45666.11
LTOYKIML,FITUEHWN,109305.234
LTOYKIML,UGEQLMXM,128956.19
LTOYKIML,BUZIIBYG,17590756.0
LTOYKIML,JBVHSUWY,234508.53
LTOYKIML,NAQIHUKZ,16.803385
LTOYKIML,MIRCVAMV,953.22266
LTOYKIML,AANGBULD,77129.86
LTOYKIML,WHPUAOID,27149.748
LTOYKIML,UQYUIVVR,3807955.0
LTOYKIML,FWUCPMMW,69.45934
LTOYKIML,IGDVVKUD,2402.0566
LTOYKIML,FDXPMYGF,6604.9043
LTOYKIML,QSDCUCLB,1.6004884
LTOYKIML,YSYHGLQK,3938.021
LTOYKIML,PYZMVUWD,131.61386
LTOYKIML,HCDTGMST,144855.95
LTOYKIML,JSLXRQOK,144.5891
LTOYKIML,XIIEJNEE,989.3325
LTOYKIML,BLANHGYY,206.37642
LTOYKIML,DJBLNPNC,25.774172
LTOYKIML,ANWUJOKX,1.1263425
LTOYKIML,GMBFCMIU,1.0887816
LTOYKIML,TGOELCAG,50298.594
LTOYKIML,RUVXNNVA,3.2407942
LTOYKIML,TANNMIMB,24.939425
LTOYKIML,GIKPEWTY,0.16481973
LTOYKIML,PLMZALFA,1.0887816
LTOYKIML,KFQSHBNH,20692.252
LTOYKIML,RJCAXSGH,16364.401
QVLMOEYE,DEWLVASR,233525.67
QVLMOEYE,ELQGMQWE,455785.78
QVLMOEYE,AHMDUILJ,101703.43
QVLMOEYE,XIPPENFQ,116198.3
QVLMOEYE,FTSVTTSR,183778.75
QVLMOEYE,XMKRPGLB,801428.6
QVLMOEYE,RCBZUSIM,7446.12
QVLMOEYE,SUOYXCHP,336.12946
QVLMOEYE,ZKENOUDA,282877.44
QVLMOEYE,WQMVCOEM,2017.5776
QVLMOEYE,BSRMSVTC,129424.74
QVLMOEYE,DDEXPPXU,25875.041
QVLMOEYE,LLHREMKS,27638.686
QVLMOEYE,DNMPSKTB,4850873.5
QVLMOEYE,WPQXWHYO,10909586.0
QVLMOEYE,VWMBASNE,166409.03
QVLMOEYE,RJGPVEXX,580757.3
QVLMOEYE,ATLDMDBO,39912080.0
QVLMOEYE,SAHWCZNH,1991504.0
QVLMOEYE,LUENUFGA,3457903.5
QVLMOEYE,HXYSSRXE,5769483.5
QVLMOEYE,QRKRBYJL,1757355.2
QVLMOEYE,FRHNWLNI,1045380.94
QVLMOEYE,MBSBZBXA,4478284.0
QVLMOEYE,BJALXPFS,175522.66
QVLMOEYE,RAWUKQMJ,3334592.0
QVLMOEYE,ZGJXVMNI,2541368.8
QVLMOEYE,LRVGFDFM,4878631.0
QVLMOEYE,BTMOEMEP,12609610.0
QVLMOEYE,UXSPKBJR,309392.22
QVLMOEYE,BEZYMBBT,3461602.2
QVLMOEYE,SAAYMURU,25765.951
QVLMOEYE,QJQJSWFU,126274.05
QVLMOEYE,EVBVXETX,4981732.5
QVLMOEYE,DUCMGGNW,1171035.9
QVLMOEYE,OJIFIHMZ,1207311.2
QVLMOEYE,STZDBITS,40092756.0
QVLMOEYE,SNHYOVBM,471381.9
QVLMOEYE,LPHPPJUG,1332648.0
QVLMOEYE,FCYBOAXC,112779270.0
QVLMOEYE,JPBRUTWP,5323457.5
QVLMOEYE,LTOYKIML,346741.3
QVLMOEYE,JERHKLYW,5436.622
QVLMOEYE,ZXERAXWP,13626.668
QVLMOEYE,LSOIUSXD,96359.35
QVLMOEYE,XUOIQPFL,2383823.0
QVLMOEYE,WBLJNPZQ,151458.84
QVLMOEYE,OXKURKXR,103808.23
QVLMOEYE,AXULOHBQ,62641.332
QVLMOEYE,DBWLZWNK,161481.67
QVLMOEYE,NZKBIBNU,202185.08
QVLMOEYE,OKMBFVKS,1764694.4
QVLMOEYE,VUAFAIYJ,426531.47
QVLMOEYE,CCLHWFWF,18774688.0
QVLMOEYE,OGAFEHLU,50.996338
QVLMOEYE,SDWAYPIK,4273432.5
QVLMOEYE,UIFPPCLR,4730.863
QVLMOEYE,KEUWZRKO,325389.56
QVLMOEYE,FQCLOEXA,1643598.0
QVLMOEYE,APQGTRMF,1430.6686
QVLMOEYE,ZCELVYQU,9702.729
QVLMOEYE,KAGJCHMR,5241.032
QVLMOEYE,KJNSOAHR,8983348.0
QVLMOEYE,QKXNTIIB,1446087.5
QVLMOEYE,GKQIJYDH,12390248.0
QVLMOEYE,VBYCLTYZ,305622.97
QVLMOEYE,GYHKIVQT,12115215.0
QVLMOEYE,ROACSLMG,1996444.4
QVLMOEYE,VMAQSTJE,60065.48
QVLMOEYE,XIFHSOWQ,45671.03
QVLMOEYE,FITUEHWN,109317.01
QVLMOEYE,UGEQLMXM,128960.125
QVLMOEYE,BUZIIBYG,17500532.0
QVLMOEYE,JBVHSUWY,234515.69
QVLMOEYE,NAQIHUKZ,16.625427
QVLMOEYE,MIRCVAMV,952.434
QVLMOEYE,AANGBULD,77090.15
QVLMOEYE,WHPUAOID,27173.164
QVLMOEYE,UQYUIVVR,3808071.2
QVLMOEYE,FWUCPMMW,69.151054
QVLMOEYE,IGDVVKUD,2398.2312
QVLMOEYE,FDXPMYGF,6552.4033
QVLMOEYE,QSDCUCLB,1.0393059
QVLMOEYE,YSYHGLQK,3943.3965
QVLMOEYE,PYZMVUWD,131.77261
QVLMOEYE,HCDTGMST,144681.44
QVLMOEYE,JSLXRQOK,144.58958
QVLMOEYE,XIIEJNEE,992.5077
QVLMOEYE,BLANHGYY,206.40778
QVLMOEYE,DJBLNPNC,25.71903
QVLMOEYE,ANWUJOKX,1.089848
QVLMOEYE,GMBFCMIU,1.2069869
QVLMOEYE,TGOELCAG,50272.695
QVLMOEYE,RUVXNNVA,2.1905653
QVLMOEYE,TANNMIMB,24.522833
QVLMOEYE,GIKPEWTY,0.1426226
QVLMOEYE,PLMZALFA,1.2069869
QVLMOEYE,KFQSHBNH,20699.477
QVLMOEYE,RJCAXSGH,16370.115
JERHKLYW,DEWLVASR,234308.23
JERHKLYW,ELQGMQWE,455774.9
JERHKLYW,AHMDUILJ,102054.28
JERHKLYW,XIPPENFQ,116199.63
JERHKLYW,FTSVTTSR,183780.86
JERHKLYW,XMKRPGLB,801409.5
JERHKLYW,RCBZUSIM,7443.9756
JERHKLYW,SUOYXCHP,337.50897
JERHKLYW,ZKENOUDA,282606.44
JERHKLYW,WQMVCOEM,2018.5896
JERHKLYW,BSRMSVTC,129426.23
JERHKLYW,DDEXPPXU,25846.75
JERHKLYW,LLHREMKS,27729.377
JERHKLYW,DNMPSKTB,4815828.0
JERHKLYW,WPQXWHYO,10821322.0
JERHKLYW,VWMBASNE,166410.94
JERHKLYW,RJGPVEXX,580049.94
JERHKLYW,ATLDMDBO,39909340.0
JERHKLYW,SAHWCZNH,1991456.5
JERHKLYW,LUENUFGA,3457620.0
JERHKLYW,HXYSSRXE,5695891.5
JERHKLYW,QRKRBYJL,1757313.4
JERHKLYW,FRHNWLNI,1046601.9
JERHKLYW,MBSBZBXA,4463029.0
JERHKLYW,BJALXPFS,175524.66
JERHKLYW,RAWUKQMJ,3341216.5
JERHKLYW,ZGJXVMNI,2540726.5
JERHKLYW,LRVGFDFM,4884413.0
JERHKLYW,BTMOEMEP,12607638.0
JERHKLYW,UXSPKBJR,310429.03
JERHKLYW,BEZYMBBT,3461618.8
JERHKLYW,SAAYMURU,25730.982
JERHKLYW,QJQJSWFU,126236.6
JERHKLYW,EVBVXETX,5012709.5
JERHKLYW,DUCMGGNW,1171007.9
JERHKLYW,OJIFIHMZ,1204515.5
JERHKLYW,STZDBITS,40086490.0
JERHKLYW,SNHYOVBM,469216.03
JERHKLYW,LPHPPJUG,1316144.0
JERHKLYW,FCYBOAXC,124818376.0
JERHKLYW,JPBRUTWP,5346714.0
JERHKLYW,LTOYKIML,346745.28
JERHKLYW,QVLMOEYE,1244608.4
JERHKLYW,ZXERAXWP,13634.728
JERHKLYW,LSOIUSXD,96360.45
JERHKLYW,XUOIQPFL,2385815.2
JERHKLYW,WBLJNPZQ,151460.58
JERHKLYW,OXKURKXR,103809.414
JERHKLYW,AXULOHBQ,62642.047
JERHKLYW,DBWLZWNK,161483.53
JERHKLYW,NZKBIBNU,202748.89
JERHKLYW,OKMBFVKS,1766583.6
JERHKLYW,VUAFAIYJ,426122.84
JERHKLYW,CCLHWFWF,18771752.0
JERHKLYW,OGAFEHLU,51.56388
JERHKLYW,SDWAYPIK,4272752.0
JERHKLYW,UIFPPCLR,4684.8647
JERHKLYW,KEUWZRKO,325393.28
JERHKLYW,FQCLOEXA,1643278.2
JERHKLYW,APQGTRMF,1432.5177
JERHKLYW,ZCELVYQU,9714.3955
JERHKLYW,KAGJCHMR,5255.4897
JERHKLYW,KJNSOAHR,8981943.0
JERHKLYW,QKXNTIIB,1442738.9
JERHKLYW,GKQIJYDH,12393061.0
JERHKLYW,VBYCLTYZ,305626.47
JERHKLYW,GYHKIVQT,12119144.0
JERHKLYW,ROACSLMG,2003876.0
JERHKLYW,VMAQSTJE,60066.168
JERHKLYW,XIFHSOWQ,45668.027
JERHKLYW,FITUEHWN,109309.82
JERHKLYW,UGEQLMXM,128961.6
JERHKLYW,BUZIIBYG,17457128.0
JERHKLYW,JBVHSUWY,234291.03
JERHKLYW,NAQIHUKZ,16.78643
JERHKLYW,MIRCVAMV,952.0354
JERHKLYW,AANGBULD,77250.14
JERHKLYW,WHPUAOID,27150.887
JERHKLYW,UQYUIVVR,3807759.0
JERHKLYW,FWUCPMMW,69.52143
JERHKLYW,IGDVVKUD,2403.0251
JERHKLYW,FDXPMYGF,6578.818
JERHKLYW,QSDCUCLB,1.9441061
JERHKLYW,YSYHGLQK,3929.3079
JERHKLYW,PYZMVUWD,131.78857
JERHKLYW,HCDTGMST,144725.05
JERHKLYW,JSLXRQOK,144.85098
JERHKLYW,XIIEJNEE,987.8334
JERHKLYW,BLANHGYY,206.33914
JERHKLYW,DJBLNPNC,25.87342
JERHKLYW,ANWUJOKX,1.0750499
JERHKLYW,GMBFCMIU,1.3461242
JERHKLYW,TGOELCAG,50205.188
JERHKLYW,RUVXNNVA,4.052325
JERHKLYW,TANNMIMB,25.000792
JERHKLYW,GIKPEWTY,0.12735255
JERHKLYW,PLMZALFA,1.3461242
JERHKLYW,KFQSHBNH,20695.43
JERHKLYW,RJCAXSGH,16358.986
ZXERAXWP,DEWLVASR,233513.64
ZXERAXWP,ELQGMQWE,455762.3
ZXERAXWP,AHMDUILJ,101193.08
ZXERAXWP,XIPPENFQ,116192.31
ZXERAXWP,FTSVTTSR,183769.3
ZXERAXWP,XMKRPGLB,801387.4
ZXERAXWP,RCBZUSIM,7448.798
ZXERAXWP,SUOYXCHP,336.23203
ZXERAXWP,ZKENOUDA,282862.88
ZXERAXWP,WQMVCOEM,2018.0416
ZXERAXWP,BSRMSVTC,129418.08
ZXERAXWP,DDEXPPXU,25863.494
ZXERAXWP,LLHREMKS,27882.018
ZXERAXWP,DNMPSKTB,4802724.5
ZXERAXWP,WPQXWHYO,10808100.0
ZXERAXWP,VWMBASNE,166400.47
ZXERAXWP,RJGPVEXX,581003.25
ZXERAXWP,ATLDMDBO,39910560.0
ZXERAXWP,SAHWCZNH,1991401.5
ZXERAXWP,LUENUFGA,3457725.5
ZXERAXWP,HXYSSRXE,5729489.5
ZXERAXWP,QRKRBYJL,1757264.8
ZXERAXWP,FRHNWLNI,1041909.3
ZXERAXWP,MBSBZBXA,4463165.0
ZXERAXWP,BJALXPFS,175513.61
ZXERAXWP,RAWUKQMJ,3341318.5
ZXERAXWP,ZGJXVMNI,2540804.0
ZXERAXWP,LRVGFDFM,4881595.5
ZXERAXWP,BTMOEMEP,12608023.0
ZXERAXWP,UXSPKBJR,309376.28
ZXERAXWP,BEZYMBBT,3461724.2
ZXERAXWP,SAAYMURU,25747.65
ZXERAXWP,QJQJSWFU,126228.66
ZXERAXWP,EVBVXETX,4976490.5
ZXERAXWP,DUCMGGNW,1170975.5
ZXERAXWP,OJIFIHMZ,1207249.1
ZXERAXWP,STZDBITS,40087708.0
ZXERAXWP,SNHYOVBM,471079.47
ZXERAXWP,LPHPPJUG,1326002.5
ZXERAXWP,FCYBOAXC,119172740.0
ZXERAXWP,JPBRUTWP,5278021.5
ZXERAXWP,LTOYKIML,346723.47
ZXERAXWP,QVLMOEYE,1252751.2
ZXERAXWP,JERHKLYW,5448.7183
ZXERAXWP,LSOIUSXD,96354.39
ZXERAXWP,XUOIQPFL,2385888.2
ZXERAXWP,WBLJNPZQ,151451.05
ZXERAXWP,OXKURKXR,103802.88
ZXERAXWP,AXULOHBQ,62638.105
ZXERAXWP,DBWLZWNK,161473.36
ZXERAXWP,NZKBIBNU,201420.45
ZXERAXWP,OKMBFVKS,1766642.6
ZXERAXWP,VUAFAIYJ,426509.5
ZXERAXWP,CCLHWFWF,18772324.0
ZXERAXWP,OGAFEHLU,51.530167
ZXERAXWP,SDWAYPIK,4272882.0
ZXERAXWP,UIFPPCLR,4742.8096
ZXERAXWP,KEUWZRKO,325372.8
ZXERAXWP,FQCLOEXA,1643232.9
ZXERAXWP,APQGTRMF,1432.6571
ZXERAXWP,ZCELVYQU,9704.089
ZXERAXWP,KAGJCHMR,5242.9775
ZXERAXWP,KJNSOAHR,8982217.0
ZXERAXWP,QKXNTIIB,1446013.0
ZXERAXWP,GKQIJYDH,12393439.0
ZXERAXWP,VBYCLTYZ,305607.22
ZXERAXWP,GYHKIVQT,12119514.0
ZXERAXWP,ROACSLMG,1978136.6
ZXERAXWP,VMAQSTJE,60062.387
ZXERAXWP,XIFHSOWQ,45665.152
ZXERAXWP,FITUEHWN,109302.94
ZXERAXWP,UGEQLMXM,128953.484
ZXERAXWP,BUZIIBYG,17501168.0
ZXERAXWP,JBVHSUWY,234503.62
ZXERAXWP,NAQIHUKZ,16.80041
ZXERAXWP,MIRCVAMV,953.3842
ZXERAXWP,AANGBULD,77197.78
ZXERAXWP,WHPUAOID,27149.178
ZXERAXWP,UQYUIVVR,3807875.2
ZXERAXWP,FWUCPMMW,69.60605
ZXERAXWP,IGDVVKUD,2400.4219
ZXERAXWP,FDXPMYGF,6609.568
ZXERAXWP,QSDCUCLB,1.5107222
ZXERAXWP,YSYHGLQK,3939.4336
ZXERAXWP,PYZMVUWD,131.83119
ZXERAXWP,HCDTGMST,144739.81
ZXERAXWP,JSLXRQOK,144.76553
ZXERAXWP,XIIEJNEE,987.84235
ZXERAXWP,BLANHGYY,206.41153
ZXERAXWP,DJBLNPNC,25.866669
ZXERAXWP,ANWUJOKX,1.0800219
ZXERAXWP,GMBFCMIU,1.0973623
ZXERAXWP,TGOELCAG,50218.836
ZXERAXWP,RUVXNNVA,3.0813699
ZXERAXWP,TANNMIMB,25.09871
ZXERAXWP,GIKPEWTY,0.14354554
ZXERAXWP,PLMZALFA,1.0973623
ZXERAXWP,KFQSHBNH,20675.643
ZXERAXWP,RJCAXSGH,16343.346
LSOIUSXD,DEWLVASR,234304.66
LSOIUSXD,ELQGMQWE,455767.97
LSOIUSXD,AHMDUILJ,102854.51
LSOIUSXD,XIPPENFQ,116197.86
LSOIUSXD,FTSVTTSR,183778.05
LSOIUSXD,XMKRPGLB,801397.3
LSOIUSXD,RCBZUSIM,7443.862
LSOIUSXD,SUOYXCHP,337.5043
LSOIUSXD,ZKENOUDA,282602.12
LSOIUSXD,WQMVCOEM,2017.5411
LSOIUSXD,BSRMSVTC,129424.25
LSOIUSXD,DDEXPPXU,25846.355
LSOIUSXD,LLHREMKS,27846.46
LSOIUSXD,DNMPSKTB,4827125.5
LSOIUSXD,WPQXWHYO,10858745.0
LSOIUSXD,VWMBASNE,166408.4
LSOIUSXD,RJGPVEXX,578387.8
LSOIUSXD,ATLDMDBO,39912540.0
LSOIUSXD,SAHWCZNH,1991426.1
LSOIUSXD,LUENUFGA,3457567.2
LSOIUSXD,HXYSSRXE,5754992.5
LSOIUSXD,QRKRBYJL,1757286.5
LSOIUSXD,FRHNWLNI,1043602.9
LSOIUSXD,MBSBZBXA,4463305.5
LSOIUSXD,BJALXPFS,175521.98
LSOIUSXD,RAWUKQMJ,3341222.8
LSOIUSXD,ZGJXVMNI,2541385.8
LSOIUSXD,LRVGFDFM,4884715.5
LSOIUSXD,BTMOEMEP,12608432.0
LSOIUSXD,UXSPKBJR,310424.28
LSOIUSXD,BEZYMBBT,3461625.2
LSOIUSXD,SAAYMURU,25730.59
LSOIUSXD,QJQJSWFU,126234.67
LSOIUSXD,EVBVXETX,4977026.5
LSOIUSXD,DUCMGGNW,1170990.1
LSOIUSXD,OJIFIHMZ,1204497.1
LSOIUSXD,STZDBITS,40089010.0
LSOIUSXD,SNHYOVBM,470018.16
LSOIUSXD,LPHPPJUG,1327908.4
LSOIUSXD,FCYBOAXC,111407970.0
LSOIUSXD,JPBRUTWP,5286253.0
LSOIUSXD,LTOYKIML,346740.0
LSOIUSXD,QVLMOEYE,1241956.0
LSOIUSXD,JERHKLYW,5451.52
LSOIUSXD,ZXERAXWP,13634.52
LSOIUSXD,XUOIQPFL,2383839.0
LSOIUSXD,WBLJNPZQ,151458.27
LSOIUSXD,OXKURKXR,103807.83
LSOIUSXD,AXULOHBQ,62641.09
LSOIUSXD,DBWLZWNK,161481.06
LSOIUSXD,NZKBIBNU,202167.92
LSOIUSXD,OKMBFVKS,1767047.0
LSOIUSXD,VUAFAIYJ,426116.34
LSOIUSXD,CCLHWFWF,18772932.0
LSOIUSXD,OGAFEHLU,51.775448
LSOIUSXD,SDWAYPIK,4273016.5
LSOIUSXD,UIFPPCLR,4684.7935
LSOIUSXD,KEUWZRKO,325388.3
LSOIUSXD,FQCLOEXA,1643704.6
LSOIUSXD,APQGTRMF,1434.9717
LSOIUSXD,ZCELVYQU,9714.247
LSOIUSXD,KAGJCHMR,5255.4097
LSOIUSXD,KJNSOAHR,8982509.0
LSOIUSXD,QKXNTIIB,1442716.8
LSOIUSXD,GKQIJYDH,12393841.0
LSOIUSXD,VBYCLTYZ,305621.78
LSOIUSXD,GYHKIVQT,12119907.0
LSOIUSXD,ROACSLMG,1981578.8
LSOIUSXD,VMAQSTJE,60065.25
LSOIUSXD,XIFHSOWQ,45667.33
LSOIUSXD,FITUEHWN,109308.15
LSOIUSXD,UGEQLMXM,128959.63
LSOIUSXD,BUZIIBYG,17572212.0
LSOIUSXD,JBVHSUWY,234287.45
LSOIUSXD,NAQIHUKZ,16.904245
LSOIUSXD,MIRCVAMV,952.21716
LSOIUSXD,AANGBULD,77287.43
LSOIUSXD,WHPUAOID,27150.473
LSOIUSXD,UQYUIVVR,3807701.0
LSOIUSXD,FWUCPMMW,69.57007
LSOIUSXD,IGDVVKUD,2402.9917
LSOIUSXD,FDXPMYGF,6608.8496
LSOIUSXD,QSDCUCLB,1.8746998
LSOIUSXD,YSYHGLQK,3929.2478
LSOIUSXD,PYZMVUWD,131.84697
LSOIUSXD,HCDTGMST,144756.52
LSOIUSXD,JSLXRQOK,144.77527
LSOIUSXD,XIIEJNEE,988.06586
LSOIUSXD,BLANHGYY,206.3787
LSOIUSXD,DJBLNPNC,25.877815
LSOIUSXD,ANWUJOKX,1.1137695
LSOIUSXD,GMBFCMIU,1.019453
LSOIUSXD,TGOELCAG,50229.42
LSOIUSXD,RUVXNNVA,3.559154
LSOIUSXD,TANNMIMB,24.353634
LSOIUSXD,GIKPEWTY,0.15667872
LSOIUSXD,PLMZALFA,1.019453
LSOIUSXD,KFQSHBNH,20721.342
LSOIUSXD,RJCAXSGH,16379.47
XUOIQPFL,DEWLVASR,233514.31
XUOIQPFL,ELQGMQWE,455763.62
XUOIQPFL,AHMDUILJ,100805.29
XUOIQPFL,XIPPENFQ,116192.65
XUOIQPFL,FTSVTTSR,183769.81
XUOIQPFL,XMKRPGLB,801389.6
XUOIQPFL,RCBZUSIM,7448.7056
XUOIQPFL,SUOYXCHP,336.37357
XUOIQPFL,ZKENOUDA,282863.7
XUOIQPFL,WQMVCOEM,2017.8684
XUOIQPFL,BSRMSVTC,129418.445
XUOIQPFL,DDEXPPXU,25900.445
XUOIQPFL,LLHREMKS,27712.377
XUOIQPFL,DNMPSKTB,4822441.5
XUOIQPFL,WPQXWHYO,10859367.0
XUOIQPFL,VWMBASNE,166400.94
XUOIQPFL,RJGPVEXX,579961.94
XUOIQPFL,ATLDMDBO,39914290.0
XUOIQPFL,SAHWCZNH,1991407.1
XUOIQPFL,LUENUFGA,3457735.2
XUOIQPFL,HXYSSRXE,5884802.5
XUOIQPFL,QRKRBYJL,1757269.8
XUOIQPFL,FRHNWLNI,1044576.7
XUOIQPFL,MBSBZBXA,4478066.0
XUOIQPFL,BJALXPFS,175514.12
XUOIQPFL,RAWUKQMJ,3337032.2
XUOIQPFL,ZGJXVMNI,2541509.2
XUOIQPFL,LRVGFDFM,4878393.5
XUOIQPFL,BTMOEMEP,12608985.0
XUOIQPFL,UXSPKBJR,309377.2
XUOIQPFL,BEZYMBBT,3461793.8
XUOIQPFL,SAAYMURU,25764.697
XUOIQPFL,QJQJSWFU,126267.91
XUOIQPFL,EVBVXETX,5042821.0
XUOIQPFL,DUCMGGNW,1170978.9
XUOIQPFL,OJIFIHMZ,1207252.6
XUOIQPFL,STZDBITS,40090770.0
XUOIQPFL,SNHYOVBM,471851.9
XUOIQPFL,LPHPPJUG,1350460.9
XUOIQPFL,FCYBOAXC,128241280.0
XUOIQPFL,JPBRUTWP,5417034.5
XUOIQPFL,LTOYKIML,346724.44
XUOIQPFL,QVLMOEYE,1251905.8
XUOIQPFL,JERHKLYW,5448.6504
XUOIQPFL,ZXERAXWP,13624.952
XUOIQPFL,LSOIUSXD,96354.664
XUOIQPFL,WBLJNPZQ,151451.47
XUOIQPFL,OXKURKXR,103803.18
XUOIQPFL,AXULOHBQ,62638.285
XUOIQPFL,DBWLZWNK,161473.83
XUOIQPFL,NZKBIBNU,201993.52
XUOIQPFL,OKMBFVKS,1765985.8
XUOIQPFL,VUAFAIYJ,426510.72
XUOIQPFL,CCLHWFWF,18773756.0
XUOIQPFL,OGAFEHLU,51.305416
XUOIQPFL,SDWAYPIK,4273224.5
XUOIQPFL,UIFPPCLR,4741.9185
XUOIQPFL,KEUWZRKO,325373.72
XUOIQPFL,FQCLOEXA,1643688.9
XUOIQPFL,APQGTRMF,1434.919
XUOIQPFL,ZCELVYQU,9698.786
XUOIQPFL,KAGJCHMR,5244.728
XUOIQPFL,KJNSOAHR,8982903.0
XUOIQPFL,QKXNTIIB,1446017.2
XUOIQPFL,GKQIJYDH,12389634.0
XUOIQPFL,VBYCLTYZ,305608.1
XUOIQPFL,GYHKIVQT,12114614.0
XUOIQPFL,ROACSLMG,2026944.1
XUOIQPFL,VMAQSTJE,60062.56
XUOIQPFL,XIFHSOWQ,45665.28
XUOIQPFL,FITUEHWN,109303.25
XUOIQPFL,UGEQLMXM,128953.85
XUOIQPFL,BUZIIBYG,17448240.0
XUOIQPFL,JBVHSUWY,234504.3
XUOIQPFL,NAQIHUKZ,16.724249
XUOIQPFL,MIRCVAMV,952.1826
XUOIQPFL,AANGBULD,77217.3
XUOIQPFL,WHPUAOID,27149.256
XUOIQPFL,UQYUIVVR,3807886.0
XUOIQPFL,FWUCPMMW,69.26632
XUOIQPFL,IGDVVKUD,2403.854
XUOIQPFL,FDXPMYGF,6488.5493
XUOIQPFL,QSDCUCLB,1.7442205
XUOIQPFL,YSYHGLQK,3933.7258
XUOIQPFL,PYZMVUWD,132.00783
XUOIQPFL,HCDTGMST,144909.84
XUOIQPFL,JSLXRQOK,144.69223
XUOIQPFL,XIIEJNEE,993.3276
XUOIQPFL,BLANHGYY,206.15039
XUOIQPFL,DJBLNPNC,25.791834
XUOIQPFL,ANWUJOKX,1.2822027
XUOIQPFL,GMBFCMIU,1.9039567
XUOIQPFL,TGOELCAG,50355.613
XUOIQPFL,RUVXNNVA,3.819254
XUOIQPFL,TANNMIMB,27.400906
XUOIQPFL,GIKPEWTY,0.24994947
XUOIQPFL,PLMZALFA,1.9039567
XUOIQPFL,KFQSHBNH,20684.459
XUOIQPFL,RJCAXSGH,16358.238
WBLJNPZQ,DEWLVASR,233502.28
WBLJNPZQ,ELQGMQWE,455740.12
WBLJNPZQ,AHMDUILJ,101133.36
WBLJNPZQ,XIPPENFQ,116186.664
WBLJNPZQ,FTSVTTSR,183760.36
WBLJNPZQ,XMKRPGLB,801348.4
WBLJNPZQ,RCBZUSIM,7448.4355
WBLJNPZQ,SUOYXCHP,336.115
WBLJNPZQ,ZKENOUDA,282849.1
WBLJNPZQ,WQMVCOEM,2016.321
WBLJNPZQ,BSRMSVTC,129411.78
WBLJNPZQ,DDEXPPXU,25862.236
WBLJNPZQ,LLHREMKS,27651.023
WBLJNPZQ,DNMPSKTB,4830957.0
WBLJNPZQ,WPQXWHYO,10883793.0
WBLJNPZQ,VWMBASNE,166392.38
WBLJNPZQ,RJGPVEXX,579385.94
WBLJNPZQ,ATLDMDBO,39912388.0
WBLJNPZQ,SAHWCZNH,1991304.6
WBLJNPZQ,LUENUFGA,3457557.2
WBLJNPZQ,HXYSSRXE,5801252.5
WBLJNPZQ,QRKRBYJL,1757179.2
WBLJNPZQ,FRHNWLNI,1043539.2
WBLJNPZQ,MBSBZBXA,4463292.5
WBLJNPZQ,BJALXPFS,175505.08
WBLJNPZQ,RAWUKQMJ,3336561.2
WBLJNPZQ,ZGJXVMNI,2541378.5
WBLJNPZQ,LRVGFDFM,4881735.0
WBLJNPZQ,BTMOEMEP,12608384.0
WBLJNPZQ,UXSPKBJR,309361.25
WBLJNPZQ,BEZYMBBT,3461615.5
WBLJNPZQ,SAAYMURU,25746.396
WBLJNPZQ,QJQJSWFU,126322.95
WBLJNPZQ,EVBVXETX,4985059.5
WBLJNPZQ,DUCMGGNW,1170918.6
WBLJNPZQ,OJIFIHMZ,1207190.4
WBLJNPZQ,STZDBITS,40088856.0
WBLJNPZQ,SNHYOVBM,471721.88
WBLJNPZQ,LPHPPJUG,1335585.8
WBLJNPZQ,FCYBOAXC,107267384.0
WBLJNPZQ,JPBRUTWP,5372798.0
WBLJNPZQ,LTOYKIML,346706.6
WBLJNPZQ,QVLMOEYE,1255328.5
WBLJNPZQ,JERHKLYW,5448.453
WBLJNPZQ,ZXERAXWP,13626.85
WBLJNPZQ,LSOIUSXD,96349.7
WBLJNPZQ,XUOIQPFL,2383832.2
WBLJNPZQ,OXKURKXR,103797.836
WBLJNPZQ,AXULOHBQ,62635.06
WBLJNPZQ,DBWLZWNK,161465.52
WBLJNPZQ,NZKBIBNU,201735.55
WBLJNPZQ,OKMBFVKS,1764581.6
WBLJNPZQ,VUAFAIYJ,426488.75
WBLJNPZQ,CCLHWFWF,18772860.0
WBLJNPZQ,OGAFEHLU,51.188698
WBLJNPZQ,SDWAYPIK,4273004.5
WBLJNPZQ,UIFPPCLR,4742.5786
WBLJNPZQ,KEUWZRKO,325356.97
WBLJNPZQ,FQCLOEXA,1643604.2
WBLJNPZQ,APQGTRMF,1434.615
WBLJNPZQ,ZCELVYQU,9700.138
WBLJNPZQ,KAGJCHMR,5242.7227
WBLJNPZQ,KJNSOAHR,8982474.0
WBLJNPZQ,QKXNTIIB,1445942.8
WBLJNPZQ,GKQIJYDH,12393793.0
WBLJNPZQ,VBYCLTYZ,305592.34
WBLJNPZQ,GYHKIVQT,12119861.0
WBLJNPZQ,ROACSLMG,2003417.4
WBLJNPZQ,VMAQSTJE,60059.465
WBLJNPZQ,XIFHSOWQ,45662.93
WBLJNPZQ,FITUEHWN,109297.625
WBLJNPZQ,UGEQLMXM,128947.21
WBLJNPZQ,BUZIIBYG,17448672.0
WBLJNPZQ,JBVHSUWY,234492.22
WBLJNPZQ,NAQIHUKZ,16.684698
WBLJNPZQ,MIRCVAMV,952.866
WBLJNPZQ,AANGBULD,77152.3
WBLJNPZQ,WHPUAOID,27147.857
WBLJNPZQ,UQYUIVVR,3807690.0
WBLJNPZQ,FWUCPMMW,69.18616
WBLJNPZQ,IGDVVKUD,2400.3086
WBLJNPZQ,FDXPMYGF,6609.2466
WBLJNPZQ,QSDCUCLB,1.1669495
WBLJNPZQ,YSYHGLQK,3937.713
WBLJNPZQ,PYZMVUWD,132.05516
WBLJNPZQ,HCDTGMST,144739.55
WBLJNPZQ,JSLXRQOK,144.68709
WBLJNPZQ,XIIEJNEE,992.0492
WBLJNPZQ,BLANHGYY,206.2989
WBLJNPZQ,DJBLNPNC,25.761267
WBLJNPZQ,ANWUJOKX,1.0234265
WBLJNPZQ,GMBFCMIU,0.73675466
WBLJNPZQ,TGOELCAG,50189.246
WBLJNPZQ,RUVXNNVA,2.4624848
WBLJNPZQ,TANNMIMB,22.72417
WBLJNPZQ,GIKPEWTY,0.113723256
WBLJNPZQ,PLMZALFA,0.73675466
WBLJNPZQ,KFQSHBNH,20693.416
WBLJNPZQ,RJCAXSGH,16357.3955
OXKURKXR,DEWLVASR,233502.28
OXKURKXR,ELQGMQWE,455740.12
OXKURKXR,AHMDUILJ,101444.305
OXKURKXR,XIPPENFQ,116186.664
OXKURKXR,FTSVTTSR,183760.36
OXKURKXR,XMKRPGLB,801348.4
OXKURKXR,RCBZUSIM,7448.4355
OXKURKXR,SUOYXCHP,336.115
OXKURKXR,ZKENOUDA,282849.1
OXKURKXR,WQMVCOEM,2016.321
OXKURKXR,BSRMSVTC,129411.78
OXKURKXR,DDEXPPXU,25862.236
OXKURKXR,LLHREMKS,27719.938
OXKURKXR,DNMPSKTB,4828479.0
OXKURKXR,WPQXWHYO,10859118.0
OXKURKXR,VWMBASNE,166392.38
OXKURKXR,RJGPVEXX,579385.94
OXKURKXR,ATLDMDBO,39912388.0
OXKURKXR,SAHWCZNH,1991304.6
OXKURKXR,LUENUFGA,3457557.2
OXKURKXR,HXYSSRXE,5752314.5
OXKURKXR,QRKRBYJL,1757179.2
OXKURKXR,FRHNWLNI,1043539.2
OXKURKXR,MBSBZBXA,4463292.5
OXKURKXR,BJALXPFS,175505.08
OXKURKXR,RAWUKQMJ,3341213.2
OXKURKXR,ZGJXVMNI,2541378.5
OXKURKXR,LRVGFDFM,4881735.0
OXKURKXR,BTMOEMEP,12608384.0
OXKURKXR,UXSPKBJR,309361.25
OXKURKXR,BEZYMBBT,3461615.5
OXKURKXR,SAAYMURU,25746.396
OXKURKXR,QJQJSWFU,126322.95
OXKURKXR,EVBVXETX,4971301.0
OXKURKXR,DUCMGGNW,1170918.6
OXKURKXR,OJIFIHMZ,1207190.4
OXKURKXR,STZDBITS,40088856.0
OXKURKXR,SNHYOVBM,471039.94
OXKURKXR,LPHPPJUG,1322230.6
OXKURKXR,FCYBOAXC,119119790.0
OXKURKXR,JPBRUTWP,5298472.0
OXKURKXR,LTOYKIML,346706.6
OXKURKXR,QVLMOEYE,1249648.9
OXKURKXR,JERHKLYW,5448.453
OXKURKXR,ZXERAXWP,13626.85
OXKURKXR,LSOIUSXD,96349.7
OXKURKXR,XUOIQPFL,2383832.2
OXKURKXR,WBLJNPZQ,151443.67
OXKURKXR,AXULOHBQ,62635.06
OXKURKXR,DBWLZWNK,161465.52
OXKURKXR,NZKBIBNU,201735.55
OXKURKXR,OKMBFVKS,1767042.0
OXKURKXR,VUAFAIYJ,426488.75
OXKURKXR,CCLHWFWF,18772860.0
OXKURKXR,OGAFEHLU,51.586018
OXKURKXR,SDWAYPIK,4273004.5
OXKURKXR,UIFPPCLR,4742.5786
OXKURKXR,KEUWZRKO,325356.97
OXKURKXR,FQCLOEXA,1643604.2
OXKURKXR,APQGTRMF,1432.539
OXKURKXR,ZCELVYQU,9700.138
OXKURKXR,KAGJCHMR,5242.7227
OXKURKXR,KJNSOAHR,8982474.0
OXKURKXR,QKXNTIIB,1445942.8
OXKURKXR,GKQIJYDH,12393793.0
OXKURKXR,VBYCLTYZ,305592.34
OXKURKXR,GYHKIVQT,12119861.0
OXKURKXR,ROACSLMG,1987580.2
OXKURKXR,VMAQSTJE,60059.465
OXKURKXR,XIFHSOWQ,45662.93
OXKURKXR,FITUEHWN,109297.625
OXKURKXR,UGEQLMXM,128947.21
OXKURKXR,BUZIIBYG,17493624.0
OXKURKXR,JBVHSUWY,234492.22
OXKURKXR,NAQIHUKZ,16.819334
OXKURKXR,MIRCVAMV,952.9352
OXKURKXR,AANGBULD,77194.02
OXKURKXR,WHPUAOID,27147.857
OXKURKXR,UQYUIVVR,3807690.0
OXKURKXR,FWUCPMMW,69.27708
OXKURKXR,IGDVVKUD,2400.3086
OXKURKXR,FDXPMYGF,6609.2466
OXKURKXR,QSDCUCLB,1.2766728
OXKURKXR,YSYHGLQK,3937.713
OXKURKXR,PYZMVUWD,132.15556
OXKURKXR,HCDTGMST,144739.55
OXKURKXR,JSLXRQOK,144.68709
OXKURKXR,XIIEJNEE,992.0492
OXKURKXR,BLANHGYY,206.31393
OXKURKXR,DJBLNPNC,25.82743
OXKURKXR,ANWUJOKX,1.0737469
OXKURKXR,GMBFCMIU,1.2714047
OXKURKXR,TGOELCAG,50216.39
OXKURKXR,RUVXNNVA,2.6435604
OXKURKXR,TANNMIMB,24.294018
OXKURKXR,GIKPEWTY,0.13750099
OXKURKXR,PLMZALFA,1.2714047
OXKURKXR,KFQSHBNH,20693.416
OXKURKXR,RJCAXSGH,16357.3955
AXULOHBQ,DEWLVASR,234308.23
AXULOHBQ,ELQGMQWE,455774.9
AXULOHBQ,AHMDUILJ,101018.36
AXULOHBQ,XIPPENFQ,116199.63
AXULOHBQ,FTSVTTSR,183780.86
AXULOHBQ,XMKRPGLB,801409.5
AXULOHBQ,RCBZUSIM,7443.9756
AXULOHBQ,SUOYXCHP,337.50897
AXULOHBQ,ZKENOUDA,282606.44
AXULOHBQ,WQMVCOEM,2018.5896
AXULOHBQ,BSRMSVTC,129426.23
AXULOHBQ,DDEXPPXU,25846.75
AXULOHBQ,LLHREMKS,27787.83
AXULOHBQ,DNMPSKTB,4804419.5
AXULOHBQ,WPQXWHYO,10844278.0
AXULOHBQ,VWMBASNE,166410.94
AXULOHBQ,RJGPVEXX,581956.56
AXULOHBQ,ATLDMDBO,39910028.0
AXULOHBQ,SAHWCZNH,1991456.5
AXULOHBQ,LUENUFGA,3457620.0
AXULOHBQ,HXYSSRXE,5721648.5
AXULOHBQ,QRKRBYJL,1757313.4
AXULOHBQ,FRHNWLNI,1043618.8
AXULOHBQ,MBSBZBXA,4463029.0
AXULOHBQ,BJALXPFS,175524.66
AXULOHBQ,RAWUKQMJ,3341273.8
AXULOHBQ,ZGJXVMNI,2541424.5
AXULOHBQ,LRVGFDFM,4884413.0
AXULOHBQ,BTMOEMEP,12607638.0
AXULOHBQ,UXSPKBJR,310429.03
AXULOHBQ,BEZYMBBT,3461678.2
AXULOHBQ,SAAYMURU,25730.982
AXULOHBQ,QJQJSWFU,126236.6
AXULOHBQ,EVBVXETX,4942818.5
AXULOHBQ,DUCMGGNW,1171007.9
AXULOHBQ,OJIFIHMZ,1204515.5
AXULOHBQ,STZDBITS,40086490.0
AXULOHBQ,SNHYOVBM,472253.94
AXULOHBQ,LPHPPJUG,1305792.1
AXULOHBQ,FCYBOAXC,181223150.0
AXULOHBQ,JPBRUTWP,5274217.5
AXULOHBQ,LTOYKIML,346745.28
AXULOHBQ,QVLMOEYE,1249412.9
AXULOHBQ,JERHKLYW,5451.6035
AXULOHBQ,ZXERAXWP,13634.728
AXULOHBQ,LSOIUSXD,96360.45
AXULOHBQ,XUOIQPFL,2383875.2
AXULOHBQ,WBLJNPZQ,151460.58
AXULOHBQ,OXKURKXR,103809.414
AXULOHBQ,DBWLZWNK,161483.53
AXULOHBQ,NZKBIBNU,201759.2
AXULOHBQ,OKMBFVKS,1767074.0
AXULOHBQ,VUAFAIYJ,426122.84
AXULOHBQ,CCLHWFWF,18771752.0
AXULOHBQ,OGAFEHLU,54.649494
AXULOHBQ,SDWAYPIK,4272752.0
AXULOHBQ,UIFPPCLR,4684.8647
AXULOHBQ,KEUWZRKO,325393.28
AXULOHBQ,FQCLOEXA,1643729.6
AXULOHBQ,APQGTRMF,1441.7996
AXULOHBQ,ZCELVYQU,9713.636
AXULOHBQ,KAGJCHMR,5255.4897
AXULOHBQ,KJNSOAHR,8981943.0
AXULOHBQ,QKXNTIIB,1442738.9
AXULOHBQ,GKQIJYDH,12393061.0
AXULOHBQ,VBYCLTYZ,305626.47
AXULOHBQ,GYHKIVQT,12119144.0
AXULOHBQ,ROACSLMG,1983624.5
AXULOHBQ,VMAQSTJE,60066.168
AXULOHBQ,XIFHSOWQ,45668.027
AXULOHBQ,FITUEHWN,109309.82
AXULOHBQ,UGEQLMXM,128961.6
AXULOHBQ,BUZIIBYG,17452400.0
AXULOHBQ,JBVHSUWY,234291.03
AXULOHBQ,NAQIHUKZ,17.830484
AXULOHBQ,MIRCVAMV,958.2062
AXULOHBQ,AANGBULD,77219.21
AXULOHBQ,WHPUAOID,27150.887
AXULOHBQ,UQYUIVVR,3807759.0
AXULOHBQ,FWUCPMMW,70.11067
AXULOHBQ,IGDVVKUD,2403.0251
AXULOHBQ,FDXPMYGF,6661.8984
AXULOHBQ,QSDCUCLB,2.5619032
AXULOHBQ,YSYHGLQK,3931.52
AXULOHBQ,PYZMVUWD,132.72365
AXULOHBQ,HCDTGMST,150521.58
AXULOHBQ,JSLXRQOK,144.85098
AXULOHBQ,XIIEJNEE,988.3904
AXULOHBQ,BLANHGYY,207.68164
AXULOHBQ,DJBLNPNC,26.003447
AXULOHBQ,ANWUJOKX,1.4470875
AXULOHBQ,GMBFCMIU,6.103503
AXULOHBQ,TGOELCAG,50232.773
AXULOHBQ,RUVXNNVA,4.8767576
AXULOHBQ,TANNMIMB,40.592308
AXULOHBQ,GIKPEWTY,0.29025435
AXULOHBQ,PLMZALFA,6.103503
AXULOHBQ,KFQSHBNH,20693.81
AXULOHBQ,RJCAXSGH,16357.707
DBWLZWNK,DEWLVASR,234317.17
DBWLZWNK,ELQGMQWE,455792.3
DBWLZWNK,AHMDUILJ,101611.914
DBWLZWNK,XIPPENFQ,116204.06
DBWLZWNK,FTSVTTSR,183787.88
DBWLZWNK,XMKRPGLB,801440.1
DBWLZWNK,RCBZUSIM,7445.424
DBWLZWNK,SUOYXCHP,337.76443
DBWLZWNK,ZKENOUDA,282617.22
DBWLZWNK,WQMVCOEM,2020.1136
DBWLZWNK,BSRMSVTC,129431.164
DBWLZWNK,DDEXPPXU,25851.78
DBWLZWNK,LLHREMKS,27923.158
DBWLZWNK,DNMPSKTB,4821733.0
DBWLZWNK,WPQXWHYO,10860837.0
DBWLZWNK,VWMBASNE,166417.3
DBWLZWNK,RJGPVEXX,578418.7
DBWLZWNK,ATLDMDBO,39911624.0
DBWLZWNK,SAHWCZNH,1991532.5
DBWLZWNK,LUENUFGA,3457751.8
DBWLZWNK,HXYSSRXE,5748213.0
DBWLZWNK,QRKRBYJL,1757380.4
DBWLZWNK,FRHNWLNI,1043658.6
DBWLZWNK,MBSBZBXA,4463199.0
DBWLZWNK,BJALXPFS,175531.36
DBWLZWNK,RAWUKQMJ,3340557.0
DBWLZWNK,ZGJXVMNI,2541521.5
DBWLZWNK,LRVGFDFM,4884599.0
DBWLZWNK,BTMOEMEP,12608143.0
DBWLZWNK,UXSPKBJR,310440.88
DBWLZWNK,BEZYMBBT,3461810.2
DBWLZWNK,SAAYMURU,25721.684
DBWLZWNK,QJQJSWFU,126241.414
DBWLZWNK,EVBVXETX,4971230.0
DBWLZWNK,DUCMGGNW,1171052.6
DBWLZWNK,OJIFIHMZ,1204561.5
DBWLZWNK,STZDBITS,40088092.0
DBWLZWNK,SNHYOVBM,469903.88
DBWLZWNK,LPHPPJUG,1326936.1
DBWLZWNK,FCYBOAXC,112647704.0
DBWLZWNK,JPBRUTWP,5258598.0
DBWLZWNK,LTOYKIML,346758.5
DBWLZWNK,QVLMOEYE,1247314.0
DBWLZWNK,JERHKLYW,5452.664
DBWLZWNK,ZXERAXWP,13629.801
DBWLZWNK,LSOIUSXD,96364.13
DBWLZWNK,XUOIQPFL,2383966.2
DBWLZWNK,WBLJNPZQ,151466.36
DBWLZWNK,OXKURKXR,103813.375
DBWLZWNK,AXULOHBQ,62644.438
DBWLZWNK,NZKBIBNU,202178.72
DBWLZWNK,OKMBFVKS,1766694.9
DBWLZWNK,VUAFAIYJ,426139.1
DBWLZWNK,CCLHWFWF,18772504.0
DBWLZWNK,OGAFEHLU,51.9204
DBWLZWNK,SDWAYPIK,4272915.0
DBWLZWNK,UIFPPCLR,4683.1714
DBWLZWNK,KEUWZRKO,325405.7
DBWLZWNK,FQCLOEXA,1643792.4
DBWLZWNK,APQGTRMF,1435.6005
DBWLZWNK,ZCELVYQU,9710.885
DBWLZWNK,KAGJCHMR,5256.5127
DBWLZWNK,KJNSOAHR,8982303.0
DBWLZWNK,QKXNTIIB,1442793.9
DBWLZWNK,GKQIJYDH,12393557.0
DBWLZWNK,VBYCLTYZ,305638.12
DBWLZWNK,GYHKIVQT,12119630.0
DBWLZWNK,ROACSLMG,1980751.1
DBWLZWNK,VMAQSTJE,60068.457
DBWLZWNK,XIFHSOWQ,45669.77
DBWLZWNK,FITUEHWN,109313.984
DBWLZWNK,UGEQLMXM,128966.516
DBWLZWNK,BUZIIBYG,17600088.0
DBWLZWNK,JBVHSUWY,234299.97
DBWLZWNK,NAQIHUKZ,16.95342
DBWLZWNK,MIRCVAMV,953.08075
DBWLZWNK,AANGBULD,77236.96
DBWLZWNK,WHPUAOID,27151.922
DBWLZWNK,UQYUIVVR,3807904.2
DBWLZWNK,FWUCPMMW,69.552
DBWLZWNK,IGDVVKUD,2403.4927
DBWLZWNK,FDXPMYGF,6610.2363
DBWLZWNK,QSDCUCLB,2.4003882
DBWLZWNK,YSYHGLQK,3930.0725
DBWLZWNK,PYZMVUWD,131.77989
DBWLZWNK,HCDTGMST,144863.0
DBWLZWNK,JSLXRQOK,144.87936
DBWLZWNK,XIIEJNEE,988.5961
DBWLZWNK,BLANHGYY,206.6819
DBWLZWNK,DJBLNPNC,25.864265
DBWLZWNK,ANWUJOKX,1.0989647
DBWLZWNK,GMBFCMIU,1.2533395
DBWLZWNK,TGOELCAG,50320.617
DBWLZWNK,RUVXNNVA,4.2087755
DBWLZWNK,TANNMIMB,25.449047
DBWLZWNK,GIKPEWTY,0.14569278
DBWLZWNK,PLMZALFA,1.2533395
DBWLZWNK,KFQSHBNH,20696.219
DBWLZWNK,RJCAXSGH,16359.611
NZKBIBNU,DEWLVASR,233507.62
NZKBIBNU,ELQGMQWE,455750.56
NZKBIBNU,AHMDUILJ,101004.3
NZKBIBNU,XIPPENFQ,116189.32
NZKBIBNU,FTSVTTSR,183764.56
NZKBIBNU,XMKRPGLB,801366.75
NZKBIBNU,RCBZUSIM,7443.1943
NZKBIBNU,SUOYXCHP,336.36407
NZKBIBNU,ZKENOUDA,282855.6
NZKBIBNU,WQMVCOEM,2017.8116
NZKBIBNU,BSRMSVTC,129414.74
NZKBIBNU,DDEXPPXU,25881.877
NZKBIBNU,LLHREMKS,27639.105
NZKBIBNU,DNMPSKTB,4796655.0
NZKBIBNU,WPQXWHYO,10835346.0
NZKBIBNU,VWMBASNE,166396.19
NZKBIBNU,RJGPVEXX,580363.6
NZKBIBNU,ATLDMDBO,39909110.0
NZKBIBNU,SAHWCZNH,1991350.2
NZKBIBNU,LUENUFGA,3457636.5
NZKBIBNU,HXYSSRXE,5730249.0
NZKBIBNU,QRKRBYJL,1757219.5
NZKBIBNU,FRHNWLNI,1045300.2
NZKBIBNU,MBSBZBXA,4463395.0
NZKBIBNU,BJALXPFS,175509.1
NZKBIBNU,RAWUKQMJ,3340098.2
NZKBIBNU,ZGJXVMNI,2541172.5
NZKBIBNU,LRVGFDFM,4881847.0
NZKBIBNU,BTMOEMEP,12608672.0
NZKBIBNU,UXSPKBJR,309368.3
NZKBIBNU,BEZYMBBT,3461334.8
NZKBIBNU,SAAYMURU,25763.959
NZKBIBNU,QJQJSWFU,126325.84
NZKBIBNU,EVBVXETX,4925990.5
NZKBIBNU,DUCMGGNW,1170945.4
NZKBIBNU,OJIFIHMZ,1207218.0
NZKBIBNU,STZDBITS,40089776.0
NZKBIBNU,SNHYOVBM,471838.4
NZKBIBNU,LPHPPJUG,1312971.0
NZKBIBNU,FCYBOAXC,101441590.0
NZKBIBNU,JPBRUTWP,5275822.5
NZKBIBNU,LTOYKIML,346714.53
NZKBIBNU,QVLMOEYE,1241520.2
NZKBIBNU,JERHKLYW,5445.0396
NZKBIBNU,ZXERAXWP,13625.615
NZKBIBNU,LSOIUSXD,96351.91
NZKBIBNU,XUOIQPFL,2383639.0
NZKBIBNU,WBLJNPZQ,151447.14
NZKBIBNU,OXKURKXR,103800.21
NZKBIBNU,AXULOHBQ,62636.492
NZKBIBNU,DBWLZWNK,161469.2
NZKBIBNU,OKMBFVKS,1766452.2
NZKBIBNU,VUAFAIYJ,426498.5
NZKBIBNU,CCLHWFWF,18773292.0
NZKBIBNU,OGAFEHLU,51.218105
NZKBIBNU,SDWAYPIK,4273102.0
NZKBIBNU,UIFPPCLR,4741.7827
NZKBIBNU,KEUWZRKO,325364.4
NZKBIBNU,FQCLOEXA,1643471.0
NZKBIBNU,APQGTRMF,1433.8574
NZKBIBNU,ZCELVYQU,9698.509
NZKBIBNU,KAGJCHMR,5239.033
NZKBIBNU,KJNSOAHR,8982680.0
NZKBIBNU,QKXNTIIB,1445975.9
NZKBIBNU,GKQIJYDH,12394077.0
NZKBIBNU,VBYCLTYZ,305599.34
NZKBIBNU,GYHKIVQT,12120138.0
NZKBIBNU,ROACSLMG,1988738.8
NZKBIBNU,VMAQSTJE,60060.84
NZKBIBNU,XIFHSOWQ,45667.504
NZKBIBNU,FITUEHWN,109308.57
NZKBIBNU,UGEQLMXM,128950.164
NZKBIBNU,BUZIIBYG,17315496.0
NZKBIBNU,JBVHSUWY,234497.58
NZKBIBNU,NAQIHUKZ,16.69466
NZKBIBNU,MIRCVAMV,952.8087
NZKBIBNU,AANGBULD,77099.555
NZKBIBNU,WHPUAOID,27148.479
NZKBIBNU,UQYUIVVR,3807777.2
NZKBIBNU,FWUCPMMW,69.10932
NZKBIBNU,IGDVVKUD,2401.9465
NZKBIBNU,FDXPMYGF,6584.1035
NZKBIBNU,QSDCUCLB,1.2997851
NZKBIBNU,YSYHGLQK,3934.9417
NZKBIBNU,PYZMVUWD,131.9095
NZKBIBNU,HCDTGMST,144846.56
NZKBIBNU,JSLXRQOK,144.58452
NZKBIBNU,XIIEJNEE,993.2996
NZKBIBNU,BLANHGYY,206.28645
NZKBIBNU,DJBLNPNC,25.750786
NZKBIBNU,ANWUJOKX,0.9912007
NZKBIBNU,GMBFCMIU,0.68356156
NZKBIBNU,TGOELCAG,50278.832
NZKBIBNU,RUVXNNVA,2.150028
NZKBIBNU,TANNMIMB,24.022745
NZKBIBNU,GIKPEWTY,0.10020331
NZKBIBNU,PLMZALFA,0.68356156
NZKBIBNU,KFQSHBNH,20693.89
NZKBIBNU,RJCAXSGH,16357.77
OKMBFVKS,DEWLVASR,233529.02
OKMBFVKS,ELQGMQWE,455792.3
OKMBFVKS,AHMDUILJ,101725.94
OKMBFVKS,XIPPENFQ,116199.96
OKMBFVKS,FTSVTTSR,183781.39
OKMBFVKS,XMKRPGLB,801440.1
OKMBFVKS,RCBZUSIM,7451.8394
OKMBFVKS,SUOYXCHP,336.1989
OKMBFVKS,ZKENOUDA,282881.47
OKMBFVKS,WQMVCOEM,2017.9935
OKMBFVKS,BSRMSVTC,129426.59
OKMBFVKS,DDEXPPXU,25882.246
OKMBFVKS,LLHREMKS,27748.398
OKMBFVKS,DNMPSKTB,4838449.5
OKMBFVKS,WPQXWHYO,10886368.0
OKMBFVKS,VWMBASNE,166411.42
OKMBFVKS,RJGPVEXX,580347.06
OKMBFVKS,ATLDMDBO,39916800.0
OKMBFVKS,SAHWCZNH,1991532.5
OKMBFVKS,LUENUFGA,3457953.0
OKMBFVKS,HXYSSRXE,5804207.5
OKMBFVKS,QRKRBYJL,1757380.4
OKMBFVKS,FRHNWLNI,1044642.44
OKMBFVKS,MBSBZBXA,4478348.0
OKMBFVKS,BJALXPFS,175525.17
OKMBFVKS,RAWUKQMJ,3337296.2
OKMBFVKS,ZGJXVMNI,2541669.2
OKMBFVKS,LRVGFDFM,4878700.5
OKMBFVKS,BTMOEMEP,12609778.0
OKMBFVKS,UXSPKBJR,309396.66
OKMBFVKS,BEZYMBBT,3462011.5
OKMBFVKS,SAAYMURU,25766.318
OKMBFVKS,QJQJSWFU,126275.85
OKMBFVKS,EVBVXETX,5029531.5
OKMBFVKS,DUCMGGNW,1171052.6
OKMBFVKS,OJIFIHMZ,1207328.6
OKMBFVKS,STZDBITS,40093292.0
OKMBFVKS,SNHYOVBM,471881.62
OKMBFVKS,LPHPPJUG,1338780.2
OKMBFVKS,FCYBOAXC,117679016.0
OKMBFVKS,JPBRUTWP,5341261.0
OKMBFVKS,LTOYKIML,346746.28
OKMBFVKS,QVLMOEYE,1247462.8
OKMBFVKS,JERHKLYW,5448.9937
OKMBFVKS,ZXERAXWP,13625.811
OKMBFVKS,LSOIUSXD,96360.73
OKMBFVKS,XUOIQPFL,2384105.0
OKMBFVKS,WBLJNPZQ,151461.0
OKMBFVKS,OXKURKXR,103809.71
OKMBFVKS,AXULOHBQ,62642.227
OKMBFVKS,DBWLZWNK,161483.98
OKMBFVKS,NZKBIBNU,202127.62
OKMBFVKS,VUAFAIYJ,426537.56
OKMBFVKS,CCLHWFWF,18774940.0
OKMBFVKS,OGAFEHLU,51.675285
OKMBFVKS,SDWAYPIK,4273493.5
OKMBFVKS,UIFPPCLR,4730.9307
OKMBFVKS,KEUWZRKO,325394.22
OKMBFVKS,FQCLOEXA,1643792.4
OKMBFVKS,APQGTRMF,1435.008
OKMBFVKS,ZCELVYQU,9702.867
OKMBFVKS,KAGJCHMR,5245.058
OKMBFVKS,KJNSOAHR,8983468.0
OKMBFVKS,QKXNTIIB,1446108.2
OKMBFVKS,GKQIJYDH,12390413.0
OKMBFVKS,VBYCLTYZ,305627.34
OKMBFVKS,GYHKIVQT,12115377.0
OKMBFVKS,ROACSLMG,2009071.2
OKMBFVKS,VMAQSTJE,60066.34
OKMBFVKS,XIFHSOWQ,45668.156
OKMBFVKS,FITUEHWN,109310.13
OKMBFVKS,UGEQLMXM,128961.97
OKMBFVKS,BUZIIBYG,17511352.0
OKMBFVKS,JBVHSUWY,234519.05
OKMBFVKS,NAQIHUKZ,16.824127
OKMBFVKS,MIRCVAMV,955.324
OKMBFVKS,AANGBULD,77222.16
OKMBFVKS,WHPUAOID,27150.965
OKMBFVKS,UQYUIVVR,3808125.8
OKMBFVKS,FWUCPMMW,69.39473
OKMBFVKS,IGDVVKUD,2402.163
OKMBFVKS,FDXPMYGF,6560.4077
OKMBFVKS,QSDCUCLB,1.3685818
OKMBFVKS,YSYHGLQK,3946.4219
OKMBFVKS,PYZMVUWD,132.01355
OKMBFVKS,HCDTGMST,144958.9
OKMBFVKS,JSLXRQOK,144.70125
OKMBFVKS,XIIEJNEE,992.22345
OKMBFVKS,BLANHGYY,206.81891
OKMBFVKS,DJBLNPNC,25.792978
OKMBFVKS,ANWUJOKX,1.139575
OKMBFVKS,GMBFCMIU,1.3501987
OKMBFVKS,TGOELCAG,50358.78
OKMBFVKS,RUVXNNVA,3.2376413
OKMBFVKS,TANNMIMB,24.679811
OKMBFVKS,GIKPEWTY,0.17332539
OKMBFVKS,PLMZALFA,1.3501987
OKMBFVKS,KFQSHBNH,20699.771
OKMBFVKS,RJCAXSGH,16370.349
VUAFAIYJ,DEWLVASR,234316.73
VUAFAIYJ,ELQGMQWE,455791.44
VUAFAIYJ,AHMDUILJ,101883.414
VUAFAIYJ,XIPPENFQ,116203.84
VUAFAIYJ,FTSVTTSR,183787.52
VUAFAIYJ,XMKRPGLB,801438.56
VUAFAIYJ,RCBZUSIM,7445.4097
VUAFAIYJ,SUOYXCHP,337.76395
VUAFAIYJ,ZKENOUDA,282616.7
VUAFAIYJ,WQMVCOEM,2019.0895
VUAFAIYJ,BSRMSVTC,129430.914
VUAFAIYJ,DDEXPPXU,25851.73
VUAFAIYJ,LLHREMKS,27844.389
VUAFAIYJ,DNMPSKTB,4822414.0
VUAFAIYJ,WPQXWHYO,10842954.0
VUAFAIYJ,VWMBASNE,166416.97
VUAFAIYJ,RJGPVEXX,579950.9
VUAFAIYJ,ATLDMDBO,39914440.0
VUAFAIYJ,SAHWCZNH,1991528.8
VUAFAIYJ,LUENUFGA,3457745.2
VUAFAIYJ,HXYSSRXE,5752133.5
VUAFAIYJ,QRKRBYJL,1757377.0
VUAFAIYJ,FRHNWLNI,1044640.44
VUAFAIYJ,MBSBZBXA,4478079.0
VUAFAIYJ,BJALXPFS,175531.03
VUAFAIYJ,RAWUKQMJ,3333501.5
VUAFAIYJ,ZGJXVMNI,2541516.5
VUAFAIYJ,LRVGFDFM,4881372.0
VUAFAIYJ,BTMOEMEP,12609033.0
VUAFAIYJ,UXSPKBJR,310440.28
VUAFAIYJ,BEZYMBBT,3461803.5
VUAFAIYJ,SAAYMURU,25721.633
VUAFAIYJ,QJQJSWFU,126179.67
VUAFAIYJ,EVBVXETX,4942120.5
VUAFAIYJ,DUCMGGNW,1171050.4
VUAFAIYJ,OJIFIHMZ,1204559.1
VUAFAIYJ,STZDBITS,40090920.0
VUAFAIYJ,SNHYOVBM,469902.97
VUAFAIYJ,LPHPPJUG,1328333.9
VUAFAIYJ,FCYBOAXC,108692780.0
VUAFAIYJ,JPBRUTWP,5251742.0
VUAFAIYJ,LTOYKIML,346757.84
VUAFAIYJ,QVLMOEYE,1244149.1
VUAFAIYJ,JERHKLYW,5452.654
VUAFAIYJ,ZXERAXWP,13629.774
VUAFAIYJ,LSOIUSXD,96363.945
VUAFAIYJ,XUOIQPFL,2383961.8
VUAFAIYJ,WBLJNPZQ,151466.06
VUAFAIYJ,OXKURKXR,103813.18
VUAFAIYJ,AXULOHBQ,62644.316
VUAFAIYJ,DBWLZWNK,161489.38
VUAFAIYJ,NZKBIBNU,202368.92
VUAFAIYJ,OKMBFVKS,1764117.2
VUAFAIYJ,CCLHWFWF,18773828.0
VUAFAIYJ,OGAFEHLU,51.781124
VUAFAIYJ,SDWAYPIK,4273236.5
VUAFAIYJ,UIFPPCLR,4683.1626
VUAFAIYJ,KEUWZRKO,325405.06
VUAFAIYJ,FQCLOEXA,1643789.2
VUAFAIYJ,APQGTRMF,1435.5984
VUAFAIYJ,ZCELVYQU,9710.866
VUAFAIYJ,KAGJCHMR,5258.323
VUAFAIYJ,KJNSOAHR,8982937.0
VUAFAIYJ,QKXNTIIB,1442791.1
VUAFAIYJ,GKQIJYDH,12389681.0
VUAFAIYJ,VBYCLTYZ,305637.53
VUAFAIYJ,GYHKIVQT,12114661.0
VUAFAIYJ,ROACSLMG,1974909.5
VUAFAIYJ,VMAQSTJE,60068.344
VUAFAIYJ,XIFHSOWQ,45669.68
VUAFAIYJ,FITUEHWN,109313.78
VUAFAIYJ,UGEQLMXM,128966.27
VUAFAIYJ,BUZIIBYG,17519672.0
VUAFAIYJ,JBVHSUWY,234299.52
VUAFAIYJ,NAQIHUKZ,16.906172
VUAFAIYJ,MIRCVAMV,953.07935
VUAFAIYJ,AANGBULD,77263.555
VUAFAIYJ,WHPUAOID,27151.871
VUAFAIYJ,UQYUIVVR,3807897.0
VUAFAIYJ,FWUCPMMW,69.57636
VUAFAIYJ,IGDVVKUD,2403.4893
VUAFAIYJ,FDXPMYGF,6578.8433
VUAFAIYJ,QSDCUCLB,1.7349455
VUAFAIYJ,YSYHGLQK,3931.4224
VUAFAIYJ,PYZMVUWD,131.81276
VUAFAIYJ,HCDTGMST,144648.61
VUAFAIYJ,JSLXRQOK,144.80544
VUAFAIYJ,XIIEJNEE,988.84106
VUAFAIYJ,BLANHGYY,206.68161
VUAFAIYJ,DJBLNPNC,25.880226
VUAFAIYJ,ANWUJOKX,1.0396838
VUAFAIYJ,GMBFCMIU,0.91910243
VUAFAIYJ,TGOELCAG,50337.94
VUAFAIYJ,RUVXNNVA,3.3446345
VUAFAIYJ,TANNMIMB,24.21653
VUAFAIYJ,GIKPEWTY,0.121411406
VUAFAIYJ,PLMZALFA,0.91910243
VUAFAIYJ,KFQSHBNH,20712.371
VUAFAIYJ,RJCAXSGH,16380.313
CCLHWFWF,DEWLVASR,233488.92
CCLHWFWF,ELQGMQWE,455714.06
CCLHWFWF,AHMDUILJ,101728.07
CCLHWFWF,XIPPENFQ,116202.07
CCLHWFWF,FTSVTTSR,183784.72
CCLHWFWF,XMKRPGLB,801302.5
CCLHWFWF,RCBZUSIM,7446.539
CCLHWFWF,SUOYXCHP,336.31018
CCLHWFWF,ZKENOUDA,282832.94
CCLHWFWF,WQMVCOEM,2018.242
CCLHWFWF,BSRMSVTC,129404.375
CCLHWFWF,DDEXPPXU,25896.297
CCLHWFWF,LLHREMKS,27723.744
CCLHWFWF,DNMPSKTB,4870528.0
CCLHWFWF,WPQXWHYO,10869852.0
CCLHWFWF,VWMBASNE,166414.44
CCLHWFWF,RJGPVEXX,580560.75
CCLHWFWF,ATLDMDBO,39912388.0
CCLHWFWF,SAHWCZNH,1991190.6
CCLHWFWF,LUENUFGA,3457649.5
CCLHWFWF,HXYSSRXE,5836351.5
CCLHWFWF,QRKRBYJL,1757078.8
CCLHWFWF,FRHNWLNI,1045738.9
CCLHWFWF,MBSBZBXA,4477955.0
CCLHWFWF,BJALXPFS,175528.34
CCLHWFWF,RAWUKQMJ,3334251.8
CCLHWFWF,ZGJXVMNI,2541301.0
CCLHWFWF,LRVGFDFM,4877863.0
CCLHWFWF,BTMOEMEP,12608624.0
CCLHWFWF,UXSPKBJR,309343.53
CCLHWFWF,BEZYMBBT,3459836.5
CCLHWFWF,SAAYMURU,25757.203
CCLHWFWF,QJQJSWFU,126147.305
CCLHWFWF,EVBVXETX,5110007.0
CCLHWFWF,DUCMGGNW,1170851.6
CCLHWFWF,OJIFIHMZ,1206537.9
CCLHWFWF,STZDBITS,40063784.0
CCLHWFWF,SNHYOVBM,471890.16
CCLHWFWF,LPHPPJUG,1352144.0
CCLHWFWF,FCYBOAXC,126281980.0
CCLHWFWF,JPBRUTWP,5434529.0
CCLHWFWF,LTOYKIML,346686.75
CCLHWFWF,QVLMOEYE,1244697.4
CCLHWFWF,JERHKLYW,5447.7773
CCLHWFWF,ZXERAXWP,13819.39
CCLHWFWF,LSOIUSXD,96417.63
CCLHWFWF,XUOIQPFL,2383759.5
CCLHWFWF,WBLJNPZQ,151463.75
CCLHWFWF,OXKURKXR,103786.55
CCLHWFWF,AXULOHBQ,62628.25
CCLHWFWF,DBWLZWNK,161456.27
CCLHWFWF,NZKBIBNU,203111.0
CCLHWFWF,OKMBFVKS,1763394.0
CCLHWFWF,VUAFAIYJ,426464.34
CCLHWFWF,OGAFEHLU,50.556767
CCLHWFWF,SDWAYPIK,4273118.5
CCLHWFWF,UIFPPCLR,4740.539
CCLHWFWF,KEUWZRKO,325338.34
CCLHWFWF,FQCLOEXA,1643554.1
CCLHWFWF,APQGTRMF,1435.0347
CCLHWFWF,ZCELVYQU,9699.443
CCLHWFWF,KAGJCHMR,5243.2026
CCLHWFWF,KJNSOAHR,8982646.0
CCLHWFWF,QKXNTIIB,1445860.0
CCLHWFWF,GKQIJYDH,12389279.0
CCLHWFWF,VBYCLTYZ,305574.88
CCLHWFWF,GYHKIVQT,12114268.0
CCLHWFWF,ROACSLMG,2042569.0
CCLHWFWF,VMAQSTJE,60052.934
CCLHWFWF,XIFHSOWQ,45657.965
CCLHWFWF,FITUEHWN,109285.74
CCLHWFWF,UGEQLMXM,128933.195
CCLHWFWF,BUZIIBYG,17619096.0
CCLHWFWF,JBVHSUWY,234478.8
CCLHWFWF,NAQIHUKZ,16.723856
CCLHWFWF,MIRCVAMV,952.80554
CCLHWFWF,AANGBULD,77186.88
CCLHWFWF,WHPUAOID,27151.457
CCLHWFWF,UQYUIVVR,3812068.2
CCLHWFWF,FWUCPMMW,69.33317
CCLHWFWF,IGDVVKUD,2403.1511
CCLHWFWF,FDXPMYGF,6537.8325
CCLHWFWF,QSDCUCLB,1.1552589
CCLHWFWF,YSYHGLQK,3935.7864
CCLHWFWF,PYZMVUWD,131.51266
CCLHWFWF,HCDTGMST,144825.98
CCLHWFWF,JSLXRQOK,144.6734
CCLHWFWF,XIIEJNEE,989.6258
CCLHWFWF,BLANHGYY,206.25868
CCLHWFWF,DJBLNPNC,25.856165
CCLHWFWF,ANWUJOKX,1.1901262
CCLHWFWF,GMBFCMIU,1.6425037
CCLHWFWF,TGOELCAG,50287.992
CCLHWFWF,RUVXNNVA,2.681741
CCLHWFWF,TANNMIMB,26.352125
CCLHWFWF,GIKPEWTY,0.18038157
CCLHWFWF,PLMZALFA,1.6425037
CCLHWFWF,KFQSHBNH,20679.113
CCLHWFWF,RJCAXSGH,16354.011
OGAFEHLU,DEWLVASR,233520.98
OGAFEHLU,ELQGMQWE,455776.66
OGAFEHLU,AHMDUILJ,99293.555
OGAFEHLU,XIPPENFQ,116208.164
OGAFEHLU,FTSVTTSR,183795.06
OGAFEHLU,XMKRPGLB,801353.75
OGAFEHLU,RCBZUSIM,7450.3755
OGAFEHLU,SUOYXCHP,336.403
OGAFEHLU,ZKENOUDA,282881.47
OGAFEHLU,WQMVCOEM,2019.0653
OGAFEHLU,BSRMSVTC,129536.62
OGAFEHLU,DDEXPPXU,25869.12
OGAFEHLU,LLHREMKS,27733.662
OGAFEHLU,DNMPSKTB,4865704.5
OGAFEHLU,WPQXWHYO,10866909.0
OGAFEHLU,VWMBASNE,166423.8
OGAFEHLU,RJGPVEXX,579230.1
OGAFEHLU,ATLDMDBO,39890696.0
OGAFEHLU,SAHWCZNH,1991547.8
OGAFEHLU,LUENUFGA,3457834.2
OGAFEHLU,HXYSSRXE,5774448.5
OGAFEHLU,QRKRBYJL,1757511.1
OGAFEHLU,FRHNWLNI,1043918.44
OGAFEHLU,MBSBZBXA,4463305.5
OGAFEHLU,BJALXPFS,175519.14
OGAFEHLU,RAWUKQMJ,3333988.0
OGAFEHLU,ZGJXVMNI,2539537.2
OGAFEHLU,LRVGFDFM,4881390.5
OGAFEHLU,BTMOEMEP,12608456.0
OGAFEHLU,UXSPKBJR,309396.66
OGAFEHLU,BEZYMBBT,3462203.0
OGAFEHLU,SAAYMURU,25753.102
OGAFEHLU,QJQJSWFU,126337.41
OGAFEHLU,EVBVXETX,4940900.0
OGAFEHLU,DUCMGGNW,1171012.4
OGAFEHLU,OJIFIHMZ,1207198.5
OGAFEHLU,STZDBITS,40089084.0
OGAFEHLU,SNHYOVBM,470939.78
OGAFEHLU,LPHPPJUG,1324746.1
OGAFEHLU,FCYBOAXC,130169144.0
OGAFEHLU,JPBRUTWP,5292785.5
OGAFEHLU,LTOYKIML,346734.38
OGAFEHLU,QVLMOEYE,1243325.9
OGAFEHLU,JERHKLYW,5449.9033
OGAFEHLU,ZXERAXWP,13635.703
OGAFEHLU,LSOIUSXD,96304.414
OGAFEHLU,XUOIQPFL,2386218.2
OGAFEHLU,WBLJNPZQ,151455.81
OGAFEHLU,OXKURKXR,103806.15
OGAFEHLU,AXULOHBQ,62640.074
OGAFEHLU,DBWLZWNK,161389.61
OGAFEHLU,NZKBIBNU,202907.9
OGAFEHLU,OKMBFVKS,1764649.0
OGAFEHLU,VUAFAIYJ,426569.28
OGAFEHLU,CCLHWFWF,18772968.0
OGAFEHLU,SDWAYPIK,4273016.5
OGAFEHLU,UIFPPCLR,4740.349
OGAFEHLU,KEUWZRKO,325394.22
OGAFEHLU,FQCLOEXA,1642634.2
OGAFEHLU,APQGTRMF,1432.2334
OGAFEHLU,ZCELVYQU,9705.301
OGAFEHLU,KAGJCHMR,5244.088
OGAFEHLU,KJNSOAHR,8982834.0
OGAFEHLU,QKXNTIIB,1445795.2
OGAFEHLU,GKQIJYDH,12395046.0
OGAFEHLU,VBYCLTYZ,305594.4
OGAFEHLU,GYHKIVQT,12152407.0
OGAFEHLU,ROACSLMG,1980547.1
OGAFEHLU,VMAQSTJE,60070.805
OGAFEHLU,XIFHSOWQ,45692.598
OGAFEHLU,FITUEHWN,109368.63
OGAFEHLU,UGEQLMXM,128680.875
OGAFEHLU,BUZIIBYG,17680704.0
OGAFEHLU,JBVHSUWY,234536.5
OGAFEHLU,NAQIHUKZ,17.947525
OGAFEHLU,MIRCVAMV,952.9911
OGAFEHLU,AANGBULD,77317.22
OGAFEHLU,WHPUAOID,27154.926
OGAFEHLU,UQYUIVVR,3807715.5
OGAFEHLU,FWUCPMMW,69.079445
OGAFEHLU,IGDVVKUD,2399.0186
OGAFEHLU,FDXPMYGF,6526.381
OGAFEHLU,QSDCUCLB,2.3146913
OGAFEHLU,YSYHGLQK,3938.7385
OGAFEHLU,PYZMVUWD,132.08232
OGAFEHLU,HCDTGMST,144822.39
OGAFEHLU,JSLXRQOK,144.79869
OGAFEHLU,XIIEJNEE,992.06055
OGAFEHLU,BLANHGYY,206.26974
OGAFEHLU,DJBLNPNC,25.959978
OGAFEHLU,ANWUJOKX,1.4310985
OGAFEHLU,GMBFCMIU,1.5059967
OGAFEHLU,TGOELCAG,50307.754
OGAFEHLU,RUVXNNVA,4.2857013
OGAFEHLU,TANNMIMB,26.793858
OGAFEHLU,GIKPEWTY,0.30606723
OGAFEHLU,PLMZALFA,1.5059967
OGAFEHLU,KFQSHBNH,20670.004
OGAFEHLU,RJCAXSGH,16338.888
SDWAYPIK,DEWLVASR,233514.31
SDWAYPIK,ELQGMQWE,455763.62
SDWAYPIK,AHMDUILJ,101021.93
SDWAYPIK,XIPPENFQ,116192.65
SDWAYPIK,FTSVTTSR,183769.81
SDWAYPIK,XMKRPGLB,801389.6
SDWAYPIK,RCBZUSIM,7448.7056
SDWAYPIK,SUOYXCHP,336.37357
SDWAYPIK,ZKENOUDA,282863.7
SDWAYPIK,WQMVCOEM,2017.8684
SDWAYPIK,BSRMSVTC,129418.445
SDWAYPIK,DDEXPPXU,25900.445
SDWAYPIK,LLHREMKS,27715.47
SDWAYPIK,DNMPSKTB,4785935.0
SDWAYPIK,WPQXWHYO,10821879.0
SDWAYPIK,VWMBASNE,166400.94
SDWAYPIK,RJGPVEXX,579977.44
SDWAYPIK,ATLDMDBO,39915430.0
SDWAYPIK,SAHWCZNH,1991407.1
SDWAYPIK,LUENUFGA,3457735.2
SDWAYPIK,HXYSSRXE,5710473.5
SDWAYPIK,QRKRBYJL,1757269.8
SDWAYPIK,FRHNWLNI,1044604.56
SDWAYPIK,MBSBZBXA,4478066.0
SDWAYPIK,BJALXPFS,175514.12
SDWAYPIK,RAWUKQMJ,3337099.0
SDWAYPIK,ZGJXVMNI,2541577.2
SDWAYPIK,LRVGFDFM,4878393.5
SDWAYPIK,BTMOEMEP,12608985.0
SDWAYPIK,UXSPKBJR,309377.2
SDWAYPIK,BEZYMBBT,3461886.0
SDWAYPIK,SAAYMURU,25764.697
SDWAYPIK,QJQJSWFU,126267.91
SDWAYPIK,EVBVXETX,4879510.0
SDWAYPIK,DUCMGGNW,1170978.9
SDWAYPIK,OJIFIHMZ,1207252.6
SDWAYPIK,STZDBITS,40090770.0
SDWAYPIK,SNHYOVBM,471851.9
SDWAYPIK,LPHPPJUG,1310417.9
SDWAYPIK,FCYBOAXC,104458670.0
SDWAYPIK,JPBRUTWP,5225030.0
SDWAYPIK,LTOYKIML,346724.44
SDWAYPIK,QVLMOEYE,1249894.4
SDWAYPIK,JERHKLYW,5448.6504
SDWAYPIK,ZXERAXWP,13624.952
SDWAYPIK,LSOIUSXD,96354.664
SDWAYPIK,XUOIQPFL,2384018.5
SDWAYPIK,WBLJNPZQ,151451.47
SDWAYPIK,OXKURKXR,103803.18
SDWAYPIK,AXULOHBQ,62638.285
SDWAYPIK,DBWLZWNK,161473.83
SDWAYPIK,NZKBIBNU,202098.72
SDWAYPIK,OKMBFVKS,1766777.4
SDWAYPIK,VUAFAIYJ,426510.72
SDWAYPIK,CCLHWFWF,18773756.0
SDWAYPIK,OGAFEHLU,51.262447
SDWAYPIK,UIFPPCLR,4741.9185
SDWAYPIK,KEUWZRKO,325373.72
SDWAYPIK,FQCLOEXA,1643732.8
SDWAYPIK,APQGTRMF,1434.919
SDWAYPIK,ZCELVYQU,9698.786
SDWAYPIK,KAGJCHMR,5244.728
SDWAYPIK,KJNSOAHR,8982903.0
SDWAYPIK,QKXNTIIB,1446017.2
SDWAYPIK,GKQIJYDH,12389634.0
SDWAYPIK,VBYCLTYZ,305608.1
SDWAYPIK,GYHKIVQT,12114614.0
SDWAYPIK,ROACSLMG,1968009.5
SDWAYPIK,VMAQSTJE,60062.56
SDWAYPIK,XIFHSOWQ,45665.28
SDWAYPIK,FITUEHWN,109303.25
SDWAYPIK,UGEQLMXM,128953.85
SDWAYPIK,BUZIIBYG,17301924.0
SDWAYPIK,JBVHSUWY,234504.3
SDWAYPIK,NAQIHUKZ,16.709688
SDWAYPIK,MIRCVAMV,953.5144
SDWAYPIK,AANGBULD,77149.72
SDWAYPIK,WHPUAOID,27149.256
SDWAYPIK,UQYUIVVR,3807886.0
SDWAYPIK,FWUCPMMW,69.2048
SDWAYPIK,IGDVVKUD,2403.854
SDWAYPIK,FDXPMYGF,6601.5474
SDWAYPIK,QSDCUCLB,1.4928701
SDWAYPIK,YSYHGLQK,3939.2156
SDWAYPIK,PYZMVUWD,132.00783
SDWAYPIK,HCDTGMST,144849.19
SDWAYPIK,JSLXRQOK,144.69223
SDWAYPIK,XIIEJNEE,993.3276
SDWAYPIK,BLANHGYY,206.43982
SDWAYPIK,DJBLNPNC,25.727549
SDWAYPIK,ANWUJOKX,0.9696971
SDWAYPIK,GMBFCMIU,0.7015209
SDWAYPIK,TGOELCAG,50311.547
SDWAYPIK,RUVXNNVA,3.0740852
SDWAYPIK,TANNMIMB,22.973042
SDWAYPIK,GIKPEWTY,0.084642
SDWAYPIK,PLMZALFA,0.7015209
SDWAYPIK,KFQSHBNH,20684.459
SDWAYPIK,RJCAXSGH,16358.238
UIFPPCLR,DEWLVASR,234304.66
UIFPPCLR,ELQGMQWE,455767.97
UIFPPCLR,AHMDUILJ,101405.42
UIFPPCLR,XIPPENFQ,116197.86
UIFPPCLR,FTSVTTSR,183778.05
UIFPPCLR,XMKRPGLB,801397.3
UIFPPCLR,RCBZUSIM,7443.862
UIFPPCLR,SUOYXCHP,337.5043
UIFPPCLR,ZKENOUDA,282602.12
UIFPPCLR,WQMVCOEM,2017.5411
UIFPPCLR,BSRMSVTC,129424.25
UIFPPCLR,DDEXPPXU,25846.355
UIFPPCLR,LLHREMKS,27821.217
UIFPPCLR,DNMPSKTB,4878058.5
UIFPPCLR,WPQXWHYO,10948860.0
UIFPPCLR,VWMBASNE,166408.4
UIFPPCLR,RJGPVEXX,578129.1
UIFPPCLR,ATLDMDBO,39911852.0
UIFPPCLR,SAHWCZNH,1991426.1
UIFPPCLR,LUENUFGA,3457567.2
UIFPPCLR,HXYSSRXE,5934324.0
UIFPPCLR,QRKRBYJL,1757286.5
UIFPPCLR,FRHNWLNI,1041922.25
UIFPPCLR,MBSBZBXA,4463305.5
UIFPPCLR,BJALXPFS,175521.98
UIFPPCLR,RAWUKQMJ,3338413.5
UIFPPCLR,ZGJXVMNI,2540687.8
UIFPPCLR,LRVGFDFM,4884715.5
UIFPPCLR,BTMOEMEP,12608432.0
UIFPPCLR,UXSPKBJR,310424.28
UIFPPCLR,BEZYMBBT,3461929.0
UIFPPCLR,SAAYMURU,25730.59
UIFPPCLR,QJQJSWFU,126234.67
UIFPPCLR,EVBVXETX,5189023.0
UIFPPCLR,DUCMGGNW,1170990.1
UIFPPCLR,OJIFIHMZ,1204497.1
UIFPPCLR,STZDBITS,40089010.0
UIFPPCLR,SNHYOVBM,470018.16
UIFPPCLR,LPHPPJUG,1377457.6
UIFPPCLR,FCYBOAXC,126763420.0
UIFPPCLR,JPBRUTWP,5501097.0
UIFPPCLR,LTOYKIML,346740.0
UIFPPCLR,QVLMOEYE,1248632.8
UIFPPCLR,JERHKLYW,5451.52
UIFPPCLR,ZXERAXWP,13634.52
UIFPPCLR,LSOIUSXD,96358.984
UIFPPCLR,XUOIQPFL,2386029.2
UIFPPCLR,WBLJNPZQ,151458.27
UIFPPCLR,OXKURKXR,103807.83
UIFPPCLR,AXULOHBQ,62641.09
UIFPPCLR,DBWLZWNK,161481.06
UIFPPCLR,NZKBIBNU,201842.34
UIFPPCLR,OKMBFVKS,1769175.0
UIFPPCLR,VUAFAIYJ,426116.34
UIFPPCLR,CCLHWFWF,18772932.0
UIFPPCLR,OGAFEHLU,52.009373
UIFPPCLR,SDWAYPIK,4273016.5
UIFPPCLR,KEUWZRKO,325388.3
UIFPPCLR,FQCLOEXA,1643425.6
UIFPPCLR,APQGTRMF,1434.9717
UIFPPCLR,ZCELVYQU,9714.247
UIFPPCLR,KAGJCHMR,5255.4097
UIFPPCLR,KJNSOAHR,8982509.0
UIFPPCLR,QKXNTIIB,1442716.8
UIFPPCLR,GKQIJYDH,12393841.0
UIFPPCLR,VBYCLTYZ,305621.78
UIFPPCLR,GYHKIVQT,12119907.0
UIFPPCLR,ROACSLMG,2068651.5
UIFPPCLR,VMAQSTJE,60065.25
UIFPPCLR,XIFHSOWQ,45667.33
UIFPPCLR,FITUEHWN,109308.15
UIFPPCLR,UGEQLMXM,128959.63
UIFPPCLR,BUZIIBYG,17781724.0
UIFPPCLR,JBVHSUWY,234287.45
UIFPPCLR,NAQIHUKZ,16.983606
UIFPPCLR,MIRCVAMV,952.21716
UIFPPCLR,AANGBULD,77329.234
UIFPPCLR,WHPUAOID,27150.473
UIFPPCLR,UQYUIVVR,3807701.0
UIFPPCLR,FWUCPMMW,69.60821
UIFPPCLR,IGDVVKUD,2402.9917
UIFPPCLR,FDXPMYGF,6608.8496
UIFPPCLR,QSDCUCLB,1.9340992
UIFPPCLR,YSYHGLQK,3929.2478
UIFPPCLR,PYZMVUWD,131.84697
UIFPPCLR,HCDTGMST,144756.52
UIFPPCLR,JSLXRQOK,144.77527
UIFPPCLR,XIIEJNEE,988.06586
UIFPPCLR,BLANHGYY,206.3787
UIFPPCLR,DJBLNPNC,25.863638
UIFPPCLR,ANWUJOKX,1.1223414
UIFPPCLR,GMBFCMIU,2.4267297
UIFPPCLR,TGOELCAG,50256.59
UIFPPCLR,RUVXNNVA,3.8841224
UIFPPCLR,TANNMIMB,30.152441
UIFPPCLR,GIKPEWTY,0.16193298
UIFPPCLR,PLMZALFA,2.4267297
UIFPPCLR,KFQSHBNH,20721.342
UIFPPCLR,RJCAXSGH,16379.47
KEUWZRKO,DEWLVASR,233507.62
KEUWZRKO,ELQGMQWE,455750.56
KEUWZRKO,AHMDUILJ,105059.15
KEUWZRKO,XIPPENFQ,116189.32
KEUWZRKO,FTSVTTSR,183764.56
KEUWZRKO,XMKRPGLB,801366.75
KEUWZRKO,RCBZUSIM,7443.1943
KEUWZRKO,SUOYXCHP,336.36407
KEUWZRKO,ZKENOUDA,282855.6
KEUWZRKO,WQMVCOEM,2017.8116
KEUWZRKO,BSRMSVTC,129414.74
KEUWZRKO,DDEXPPXU,25879.877
KEUWZRKO,LLHREMKS,27671.918
KEUWZRKO,DNMPSKTB,4856020.5
KEUWZRKO,WPQXWHYO,10857565.0
KEUWZRKO,VWMBASNE,166396.19
KEUWZRKO,RJGPVEXX,580293.94
KEUWZRKO,ATLDMDBO,39913300.0
KEUWZRKO,SAHWCZNH,1991350.2
KEUWZRKO,LUENUFGA,3457636.5
KEUWZRKO,HXYSSRXE,5824185.5
KEUWZRKO,QRKRBYJL,1757219.5
KEUWZRKO,FRHNWLNI,1044546.8
KEUWZRKO,MBSBZBXA,4463395.0
KEUWZRKO,BJALXPFS,175509.1
KEUWZRKO,RAWUKQMJ,3339859.2
KEUWZRKO,ZGJXVMNI,2541436.5
KEUWZRKO,LRVGFDFM,4881847.0
KEUWZRKO,BTMOEMEP,12608672.0
KEUWZRKO,UXSPKBJR,309368.3
KEUWZRKO,BEZYMBBT,3461694.8
KEUWZRKO,SAAYMURU,25763.959
KEUWZRKO,QJQJSWFU,126325.84
KEUWZRKO,EVBVXETX,4990077.5
KEUWZRKO,DUCMGGNW,1170945.4
KEUWZRKO,OJIFIHMZ,1207218.0
KEUWZRKO,STZDBITS,40089776.0
KEUWZRKO,SNHYOVBM,471838.4
KEUWZRKO,LPHPPJUG,1349497.9
KEUWZRKO,FCYBOAXC,147041140.0
KEUWZRKO,JPBRUTWP,5370160.0
KEUWZRKO,LTOYKIML,346714.53
KEUWZRKO,QVLMOEYE,1251856.8
KEUWZRKO,JERHKLYW,5444.619
KEUWZRKO,ZXERAXWP,13624.5625
KEUWZRKO,LSOIUSXD,96351.91
KEUWZRKO,XUOIQPFL,2383886.8
KEUWZRKO,WBLJNPZQ,151447.14
KEUWZRKO,OXKURKXR,103800.21
KEUWZRKO,AXULOHBQ,62636.492
KEUWZRKO,DBWLZWNK,161469.2
KEUWZRKO,NZKBIBNU,202051.69
KEUWZRKO,OKMBFVKS,1766325.9
KEUWZRKO,VUAFAIYJ,426498.5
KEUWZRKO,CCLHWFWF,18773292.0
KEUWZRKO,OGAFEHLU,51.275932
KEUWZRKO,SDWAYPIK,4273102.0
KEUWZRKO,UIFPPCLR,4741.7827
KEUWZRKO,FQCLOEXA,1643641.9
KEUWZRKO,APQGTRMF,1433.8574
KEUWZRKO,ZCELVYQU,9698.509
KEUWZRKO,KAGJCHMR,5240.8477
KEUWZRKO,KJNSOAHR,8982680.0
KEUWZRKO,QKXNTIIB,1445975.9
KEUWZRKO,GKQIJYDH,12394077.0
KEUWZRKO,VBYCLTYZ,305599.34
KEUWZRKO,GYHKIVQT,12120138.0
KEUWZRKO,ROACSLMG,2007020.2
KEUWZRKO,VMAQSTJE,60060.84
KEUWZRKO,XIFHSOWQ,45663.977
KEUWZRKO,FITUEHWN,109300.125
KEUWZRKO,UGEQLMXM,128950.164
KEUWZRKO,BUZIIBYG,17574056.0
KEUWZRKO,JBVHSUWY,234497.58
KEUWZRKO,NAQIHUKZ,16.688992
KEUWZRKO,MIRCVAMV,952.8087
KEUWZRKO,AANGBULD,77126.25
KEUWZRKO,WHPUAOID,27148.479
KEUWZRKO,UQYUIVVR,3807777.2
KEUWZRKO,FWUCPMMW,69.13363
KEUWZRKO,IGDVVKUD,2401.9465
KEUWZRKO,FDXPMYGF,6543.553
KEUWZRKO,QSDCUCLB,1.5035996
KEUWZRKO,YSYHGLQK,3936.3008
KEUWZRKO,PYZMVUWD,131.9095
KEUWZRKO,HCDTGMST,144892.7
KEUWZRKO,JSLXRQOK,144.58452
KEUWZRKO,XIIEJNEE,993.2996
KEUWZRKO,BLANHGYY,206.28645
KEUWZRKO,DJBLNPNC,25.741234
KEUWZRKO,ANWUJOKX,1.1160324
KEUWZRKO,GMBFCMIU,3.0357518
KEUWZRKO,TGOELCAG,50296.242
KEUWZRKO,RUVXNNVA,3.1882267
KEUWZRKO,TANNMIMB,32.547043
KEUWZRKO,GIKPEWTY,0.13608755
KEUWZRKO,PLMZALFA,3.0357518
KEUWZRKO,KFQSHBNH,20693.89
KEUWZRKO,RJCAXSGH,16357.77
FQCLOEXA,DEWLVASR,233529.02
FQCLOEXA,ELQGMQWE,455792.3
FQCLOEXA,AHMDUILJ,102513.33
FQCLOEXA,XIPPENFQ,116199.96
FQCLOEXA,FTSVTTSR,183781.39
FQCLOEXA,XMKRPGLB,801440.1
FQCLOEXA,RCBZUSIM,7451.8394
FQCLOEXA,SUOYXCHP,336.1989
FQCLOEXA,ZKENOUDA,282881.47
FQCLOEXA,WQMVCOEM,2017.9935
FQCLOEXA,BSRMSVTC,129426.59
FQCLOEXA,DDEXPPXU,25882.246
FQCLOEXA,LLHREMKS,27764.123
FQCLOEXA,DNMPSKTB,4826016.0
FQCLOEXA,WPQXWHYO,10862495.0
FQCLOEXA,VWMBASNE,166411.42
FQCLOEXA,RJGPVEXX,580347.06
FQCLOEXA,ATLDMDBO,39916800.0
FQCLOEXA,SAHWCZNH,1991532.5
FQCLOEXA,LUENUFGA,3457953.0
FQCLOEXA,HXYSSRXE,5729752.0
FQCLOEXA,QRKRBYJL,1757380.4
FQCLOEXA,FRHNWLNI,1044642.44
FQCLOEXA,MBSBZBXA,4478348.0
FQCLOEXA,BJALXPFS,175525.17
FQCLOEXA,RAWUKQMJ,3337433.2
FQCLOEXA,ZGJXVMNI,2541669.2
FQCLOEXA,LRVGFDFM,4878700.5
FQCLOEXA,BTMOEMEP,12609778.0
FQCLOEXA,UXSPKBJR,309396.66
FQCLOEXA,BEZYMBBT,3462011.5
FQCLOEXA,SAAYMURU,25766.318
FQCLOEXA,QJQJSWFU,126275.85
FQCLOEXA,EVBVXETX,4941979.5
FQCLOEXA,DUCMGGNW,1171052.6
FQCLOEXA,OJIFIHMZ,1207328.6
FQCLOEXA,STZDBITS,40093292.0
FQCLOEXA,SNHYOVBM,471881.62
FQCLOEXA,LPHPPJUG,1322113.4
FQCLOEXA,FCYBOAXC,135399940.0
FQCLOEXA,JPBRUTWP,5245310.0
FQCLOEXA,LTOYKIML,346746.28
FQCLOEXA,QVLMOEYE,1248169.5
FQCLOEXA,JERHKLYW,5448.9937
FQCLOEXA,ZXERAXWP,13625.811
FQCLOEXA,LSOIUSXD,96360.73
FQCLOEXA,XUOIQPFL,2384105.0
FQCLOEXA,WBLJNPZQ,151461.0
FQCLOEXA,OXKURKXR,103809.71
FQCLOEXA,AXULOHBQ,62642.227
FQCLOEXA,DBWLZWNK,161483.98
FQCLOEXA,NZKBIBNU,201970.39
FQCLOEXA,OKMBFVKS,1766197.9
FQCLOEXA,VUAFAIYJ,426537.56
FQCLOEXA,CCLHWFWF,18774940.0
FQCLOEXA,OGAFEHLU,51.473953
FQCLOEXA,SDWAYPIK,4273493.5
FQCLOEXA,UIFPPCLR,4730.9307
FQCLOEXA,KEUWZRKO,325394.22
FQCLOEXA,APQGTRMF,1435.008
FQCLOEXA,ZCELVYQU,9702.867
FQCLOEXA,KAGJCHMR,5245.058
FQCLOEXA,KJNSOAHR,8983468.0
FQCLOEXA,QKXNTIIB,1446108.2
FQCLOEXA,GKQIJYDH,12390413.0
FQCLOEXA,VBYCLTYZ,305627.34
FQCLOEXA,GYHKIVQT,12115377.0
FQCLOEXA,ROACSLMG,1975056.5
FQCLOEXA,VMAQSTJE,60066.34
FQCLOEXA,XIFHSOWQ,45668.156
FQCLOEXA,FITUEHWN,109310.13
FQCLOEXA,UGEQLMXM,128961.97
FQCLOEXA,BUZIIBYG,17476352.0
FQCLOEXA,JBVHSUWY,234519.05
FQCLOEXA,NAQIHUKZ,16.78136
FQCLOEXA,MIRCVAMV,955.324
FQCLOEXA,AANGBULD,77222.16
FQCLOEXA,WHPUAOID,27150.965
FQCLOEXA,UQYUIVVR,3808125.8
FQCLOEXA,FWUCPMMW,69.39473
FQCLOEXA,IGDVVKUD,2402.163
FQCLOEXA,FDXPMYGF,6502.2104
FQCLOEXA,QSDCUCLB,1.5437067
FQCLOEXA,YSYHGLQK,3946.4219
FQCLOEXA,PYZMVUWD,132.01355
FQCLOEXA,HCDTGMST,144915.38
FQCLOEXA,JSLXRQOK,144.70125
FQCLOEXA,XIIEJNEE,992.22345
FQCLOEXA,BLANHGYY,206.81891
FQCLOEXA,DJBLNPNC,25.792978
FQCLOEXA,ANWUJOKX,1.1825595
FQCLOEXA,GMBFCMIU,1.6672742
FQCLOEXA,TGOELCAG,50358.78
FQCLOEXA,RUVXNNVA,3.2059188
FQCLOEXA,TANNMIMB,25.018446
FQCLOEXA,GIKPEWTY,0.19548708
FQCLOEXA,PLMZALFA,1.6672742
FQCLOEXA,KFQSHBNH,20699.771
FQCLOEXA,RJCAXSGH,16370.349
APQGTRMF,DEWLVASR,234311.81
APQGTRMF,ELQGMQWE,455781.88
APQGTRMF,AHMDUILJ,101027.99
APQGTRMF,XIPPENFQ,116201.41
APQGTRMF,FTSVTTSR,183783.66
APQGTRMF,XMKRPGLB,801421.75
APQGTRMF,RCBZUSIM,7444.089
APQGTRMF,SUOYXCHP,337.41925
APQGTRMF,ZKENOUDA,282631.5
APQGTRMF,WQMVCOEM,2018.0542
APQGTRMF,BSRMSVTC,129428.195
APQGTRMF,DDEXPPXU,25847.145
APQGTRMF,LLHREMKS,27579.781
APQGTRMF,DNMPSKTB,4822087.5
APQGTRMF,WPQXWHYO,10817773.0
APQGTRMF,VWMBASNE,166413.48
APQGTRMF,RJGPVEXX,578928.6
APQGTRMF,ATLDMDBO,39912310.0
APQGTRMF,SAHWCZNH,1991570.5
APQGTRMF,LUENUFGA,3457672.8
APQGTRMF,HXYSSRXE,5732217.0
APQGTRMF,QRKRBYJL,1757340.1
APQGTRMF,FRHNWLNI,1044502.0
APQGTRMF,MBSBZBXA,4463097.0
APQGTRMF,BJALXPFS,175527.34
APQGTRMF,RAWUKQMJ,3339776.5
APQGTRMF,ZGJXVMNI,2541756.5
APQGTRMF,LRVGFDFM,4884487.5
APQGTRMF,BTMOEMEP,12607854.0
APQGTRMF,UXSPKBJR,310456.56
APQGTRMF,BEZYMBBT,3461876.2
APQGTRMF,SAAYMURU,25731.375
APQGTRMF,QJQJSWFU,126166.07
APQGTRMF,EVBVXETX,4966420.0
APQGTRMF,DUCMGGNW,1171025.8
APQGTRMF,OJIFIHMZ,1204533.9
APQGTRMF,STZDBITS,40087176.0
APQGTRMF,SNHYOVBM,468987.44
APQGTRMF,LPHPPJUG,1325882.4
APQGTRMF,FCYBOAXC,107949210.0
APQGTRMF,JPBRUTWP,5269818.5
APQGTRMF,LTOYKIML,346750.56
APQGTRMF,QVLMOEYE,1246703.9
APQGTRMF,JERHKLYW,5451.6865
APQGTRMF,ZXERAXWP,13634.937
APQGTRMF,LSOIUSXD,96361.92
APQGTRMF,XUOIQPFL,2384011.8
APQGTRMF,WBLJNPZQ,151462.89
APQGTRMF,OXKURKXR,103811.0
APQGTRMF,AXULOHBQ,62643.004
APQGTRMF,DBWLZWNK,161485.98
APQGTRMF,NZKBIBNU,201331.53
APQGTRMF,OKMBFVKS,1766277.1
APQGTRMF,VUAFAIYJ,426129.34
APQGTRMF,CCLHWFWF,18772072.0
APQGTRMF,OGAFEHLU,51.2163
APQGTRMF,SDWAYPIK,4272817.0
APQGTRMF,UIFPPCLR,4684.9365
APQGTRMF,KEUWZRKO,325422.12
APQGTRMF,FQCLOEXA,1643944.5
APQGTRMF,ZCELVYQU,9714.544
APQGTRMF,KAGJCHMR,5254.092
APQGTRMF,KJNSOAHR,8982097.0
APQGTRMF,QKXNTIIB,1442760.9
APQGTRMF,GKQIJYDH,12393273.0
APQGTRMF,VBYCLTYZ,305631.12
APQGTRMF,GYHKIVQT,12119352.0
APQGTRMF,ROACSLMG,1981344.4
APQGTRMF,VMAQSTJE,60067.082
APQGTRMF,XIFHSOWQ,45668.723
APQGTRMF,FITUEHWN,109311.484
APQGTRMF,UGEQLMXM,128963.57
APQGTRMF,BUZIIBYG,17514892.0
APQGTRMF,JBVHSUWY,234294.61
APQGTRMF,NAQIHUKZ,16.756313
APQGTRMF,MIRCVAMV,953.73834
APQGTRMF,AANGBULD,77210.664
APQGTRMF,WHPUAOID,27151.3
APQGTRMF,UQYUIVVR,3807817.0
APQGTRMF,FWUCPMMW,69.604774
APQGTRMF,IGDVVKUD,2403.063
APQGTRMF,FDXPMYGF,6555.2285
APQGTRMF,QSDCUCLB,1.7001777
APQGTRMF,YSYHGLQK,3928.2585
APQGTRMF,PYZMVUWD,131.44684
APQGTRMF,HCDTGMST,144262.86
APQGTRMF,JSLXRQOK,144.81232
APQGTRMF,XIIEJNEE,987.5713
APQGTRMF,BLANHGYY,206.57567
APQGTRMF,DJBLNPNC,25.794281
APQGTRMF,ANWUJOKX,1.0081556
APQGTRMF,GMBFCMIU,0.63599133
APQGTRMF,TGOELCAG,50165.414
APQGTRMF,RUVXNNVA,3.3847427
APQGTRMF,TANNMIMB,25.744244
APQGTRMF,GIKPEWTY,0.09565478
APQGTRMF,PLMZALFA,0.63599133
APQGTRMF,KFQSHBNH,20695.746
APQGTRMF,RJCAXSGH,16335.46
ZCELVYQU,DEWLVASR,234304.66
ZCELVYQU,ELQGMQWE,455767.97
ZCELVYQU,AHMDUILJ,99504.664
ZCELVYQU,XIPPENFQ,116197.86
ZCELVYQU,FTSVTTSR,183778.05
ZCELVYQU,XMKRPGLB,801397.3
ZCELVYQU,RCBZUSIM,7443.862
ZCELVYQU,SUOYXCHP,337.40924
ZCELVYQU,ZKENOUDA,282622.88
ZCELVYQU,WQMVCOEM,2016.9742
ZCELVYQU,BSRMSVTC,129424.25
ZCELVYQU,DDEXPPXU,25846.355
ZCELVYQU,LLHREMKS,27424.062
ZCELVYQU,DNMPSKTB,4773978.0
ZCELVYQU,WPQXWHYO,10737171.0
ZCELVYQU,VWMBASNE,166408.4
ZCELVYQU,RJGPVEXX,577506.44
ZCELVYQU,ATLDMDBO,39911852.0
ZCELVYQU,SAHWCZNH,1991426.1
ZCELVYQU,LUENUFGA,3457567.2
ZCELVYQU,HXYSSRXE,5670007.5
ZCELVYQU,QRKRBYJL,1757286.5
ZCELVYQU,FRHNWLNI,1040723.56
ZCELVYQU,MBSBZBXA,4463305.5
ZCELVYQU,BJALXPFS,175521.98
ZCELVYQU,RAWUKQMJ,3337570.0
ZCELVYQU,ZGJXVMNI,2540874.5
ZCELVYQU,LRVGFDFM,4884715.5
ZCELVYQU,BTMOEMEP,12608432.0
ZCELVYQU,UXSPKBJR,310447.1
ZCELVYQU,BEZYMBBT,3461929.0
ZCELVYQU,SAAYMURU,25730.59
ZCELVYQU,QJQJSWFU,126162.22
ZCELVYQU,EVBVXETX,4872762.5
ZCELVYQU,DUCMGGNW,1170990.1
ZCELVYQU,OJIFIHMZ,1204497.1
ZCELVYQU,STZDBITS,40089010.0
ZCELVYQU,SNHYOVBM,468941.8
ZCELVYQU,LPHPPJUG,1308014.4
ZCELVYQU,FCYBOAXC,104295820.0
ZCELVYQU,JPBRUTWP,5227242.5
ZCELVYQU,LTOYKIML,346740.0
ZCELVYQU,QVLMOEYE,1230210.2
ZCELVYQU,JERHKLYW,5451.52
ZCELVYQU,ZXERAXWP,13634.52
ZCELVYQU,LSOIUSXD,96358.984
ZCELVYQU,XUOIQPFL,2386029.2
ZCELVYQU,WBLJNPZQ,151458.27
ZCELVYQU,OXKURKXR,103807.83
ZCELVYQU,AXULOHBQ,62641.09
ZCELVYQU,DBWLZWNK,161481.06
ZCELVYQU,NZKBIBNU,201623.98
ZCELVYQU,OKMBFVKS,1760252.0
ZCELVYQU,VUAFAIYJ,426116.34
ZCELVYQU,CCLHWFWF,18772932.0
ZCELVYQU,OGAFEHLU,51.181778
ZCELVYQU,SDWAYPIK,4273016.5
ZCELVYQU,UIFPPCLR,4684.7935
ZCELVYQU,KEUWZRKO,325412.22
ZCELVYQU,FQCLOEXA,1643546.2
ZCELVYQU,APQGTRMF,1413.7617
ZCELVYQU,KAGJCHMR,5253.931
ZCELVYQU,KJNSOAHR,8982509.0
ZCELVYQU,QKXNTIIB,1442716.8
ZCELVYQU,GKQIJYDH,12393841.0
ZCELVYQU,VBYCLTYZ,305621.78
ZCELVYQU,GYHKIVQT,12119907.0
ZCELVYQU,ROACSLMG,1959538.9
ZCELVYQU,VMAQSTJE,60065.25
ZCELVYQU,XIFHSOWQ,45667.33
ZCELVYQU,FITUEHWN,109308.15
ZCELVYQU,UGEQLMXM,128959.63
ZCELVYQU,BUZIIBYG,17292884.0
ZCELVYQU,JBVHSUWY,234287.45
ZCELVYQU,NAQIHUKZ,16.689232
ZCELVYQU,MIRCVAMV,952.1972
ZCELVYQU,AANGBULD,77174.664
ZCELVYQU,WHPUAOID,27150.473
ZCELVYQU,UQYUIVVR,3807701.0
ZCELVYQU,FWUCPMMW,69.46008
ZCELVYQU,IGDVVKUD,2402.9917
ZCELVYQU,FDXPMYGF,6552.397
ZCELVYQU,QSDCUCLB,1.6193147
ZCELVYQU,YSYHGLQK,3928.1387
ZCELVYQU,PYZMVUWD,131.26596
ZCELVYQU,HCDTGMST,144676.06
ZCELVYQU,JSLXRQOK,144.73433
ZCELVYQU,XIIEJNEE,987.78815
ZCELVYQU,BLANHGYY,206.2406
ZCELVYQU,DJBLNPNC,25.692703
ZCELVYQU,ANWUJOKX,1.0379231
ZCELVYQU,GMBFCMIU,0.5244783
ZCELVYQU,TGOELCAG,50142.023
ZCELVYQU,RUVXNNVA,3.7383623
ZCELVYQU,TANNMIMB,25.297052
ZCELVYQU,GIKPEWTY,0.11436461
ZCELVYQU,PLMZALFA,0.5244783
ZCELVYQU,KFQSHBNH,20721.342
ZCELVYQU,RJCAXSGH,16355.664
KAGJCHMR,DEWLVASR,234311.81
KAGJCHMR,ELQGMQWE,455781.88
KAGJCHMR,AHMDUILJ,101648.26
KAGJCHMR,XIPPENFQ,116201.41
KAGJCHMR,FTSVTTSR,183783.66
KAGJCHMR,XMKRPGLB,801421.75
KAGJCHMR,RCBZUSIM,7444.089
KAGJCHMR,SUOYXCHP,337.41925
KAGJCHMR,ZKENOUDA,282631.5
KAGJCHMR,WQMVCOEM,2018.0542
KAGJCHMR,BSRMSVTC,129428.195
KAGJCHMR,DDEXPPXU,25847.145
KAGJCHMR,LLHREMKS,27513.13
KAGJCHMR,DNMPSKTB,4784680.0
KAGJCHMR,WPQXWHYO,10738257.0
KAGJCHMR,VWMBASNE,166413.48
KAGJCHMR,RJGPVEXX,579420.2
KAGJCHMR,ATLDMDBO,39910028.0
KAGJCHMR,SAHWCZNH,1991486.9
KAGJCHMR,LUENUFGA,3457672.8
KAGJCHMR,HXYSSRXE,5658598.5
KAGJCHMR,QRKRBYJL,1757340.1
KAGJCHMR,FRHNWLNI,1045388.9
KAGJCHMR,MBSBZBXA,4463097.0
KAGJCHMR,BJALXPFS,175527.34
KAGJCHMR,RAWUKQMJ,3340423.2
KAGJCHMR,ZGJXVMNI,2540952.0
KAGJCHMR,LRVGFDFM,4884487.5
KAGJCHMR,BTMOEMEP,12607854.0
KAGJCHMR,UXSPKBJR,310456.56
KAGJCHMR,BEZYMBBT,3461671.5
KAGJCHMR,SAAYMURU,25731.375
KAGJCHMR,QJQJSWFU,126260.56
KAGJCHMR,EVBVXETX,5006575.0
KAGJCHMR,DUCMGGNW,1171025.8
KAGJCHMR,OJIFIHMZ,1204533.9
KAGJCHMR,STZDBITS,40087176.0
KAGJCHMR,SNHYOVBM,468094.22
KAGJCHMR,LPHPPJUG,1300717.5
KAGJCHMR,FCYBOAXC,109908590.0
KAGJCHMR,JPBRUTWP,5343385.5
KAGJCHMR,LTOYKIML,346750.56
KAGJCHMR,QVLMOEYE,1240232.6
KAGJCHMR,JERHKLYW,5451.6865
KAGJCHMR,ZXERAXWP,13634.937
KAGJCHMR,LSOIUSXD,96361.92
KAGJCHMR,XUOIQPFL,2385851.8
KAGJCHMR,WBLJNPZQ,151462.89
KAGJCHMR,OXKURKXR,103811.0
KAGJCHMR,AXULOHBQ,62643.004
KAGJCHMR,DBWLZWNK,161485.98
KAGJCHMR,NZKBIBNU,201932.84
KAGJCHMR,OKMBFVKS,1766164.2
KAGJCHMR,VUAFAIYJ,426129.34
KAGJCHMR,CCLHWFWF,18772072.0
KAGJCHMR,OGAFEHLU,51.166393
KAGJCHMR,SDWAYPIK,4272817.0
KAGJCHMR,UIFPPCLR,4684.9365
KAGJCHMR,KEUWZRKO,325422.12
KAGJCHMR,FQCLOEXA,1643424.0
KAGJCHMR,APQGTRMF,1411.2025
KAGJCHMR,ZCELVYQU,9714.544
KAGJCHMR,KJNSOAHR,8982097.0
KAGJCHMR,QKXNTIIB,1442760.9
KAGJCHMR,GKQIJYDH,12393273.0
KAGJCHMR,VBYCLTYZ,305631.12
KAGJCHMR,GYHKIVQT,12119352.0
KAGJCHMR,ROACSLMG,2009728.5
KAGJCHMR,VMAQSTJE,60067.082
KAGJCHMR,XIFHSOWQ,45668.723
KAGJCHMR,FITUEHWN,109311.484
KAGJCHMR,UGEQLMXM,128963.57
KAGJCHMR,BUZIIBYG,17307108.0
KAGJCHMR,JBVHSUWY,234294.61
KAGJCHMR,NAQIHUKZ,16.739346
KAGJCHMR,MIRCVAMV,951.92
KAGJCHMR,AANGBULD,77218.766
KAGJCHMR,WHPUAOID,27151.3
KAGJCHMR,UQYUIVVR,3807817.0
KAGJCHMR,FWUCPMMW,69.47766
KAGJCHMR,IGDVVKUD,2403.063
KAGJCHMR,FDXPMYGF,6577.7637
KAGJCHMR,QSDCUCLB,1.6796775
KAGJCHMR,YSYHGLQK,3928.2585
KAGJCHMR,PYZMVUWD,131.19458
KAGJCHMR,HCDTGMST,144524.23
KAGJCHMR,JSLXRQOK,144.81232
KAGJCHMR,XIIEJNEE,987.5713
KAGJCHMR,BLANHGYY,206.18033
KAGJCHMR,DJBLNPNC,25.741941
KAGJCHMR,ANWUJOKX,1.0528188
KAGJCHMR,GMBFCMIU,0.9618008
KAGJCHMR,TGOELCAG,50170.676
KAGJCHMR,RUVXNNVA,3.6343627
KAGJCHMR,TANNMIMB,24.945839
KAGJCHMR,GIKPEWTY,0.12627676
KAGJCHMR,PLMZALFA,0.9618008
KAGJCHMR,KFQSHBNH,20695.746
KAGJCHMR,RJCAXSGH,16335.46
KJNSOAHR,DEWLVASR,233502.06
KJNSOAHR,ELQGMQWE,455739.72
KJNSOAHR,AHMDUILJ,101042.734
KJNSOAHR,XIPPENFQ,116208.61
KJNSOAHR,FTSVTTSR,183795.06
KJNSOAHR,XMKRPGLB,801347.6
KJNSOAHR,RCBZUSIM,7446.958
KJNSOAHR,SUOYXCHP,336.2941
KJNSOAHR,ZKENOUDA,282848.84
KJNSOAHR,WQMVCOEM,2018.1456
KJNSOAHR,BSRMSVTC,129411.66
KJNSOAHR,DDEXPPXU,25897.754
KJNSOAHR,LLHREMKS,27726.125
KJNSOAHR,DNMPSKTB,4779777.5
KJNSOAHR,WPQXWHYO,10810863.0
KJNSOAHR,VWMBASNE,166423.8
KJNSOAHR,RJGPVEXX,580639.9
KJNSOAHR,ATLDMDBO,39913300.0
KJNSOAHR,SAHWCZNH,1991302.8
KJNSOAHR,LUENUFGA,3457554.0
KJNSOAHR,HXYSSRXE,5709814.5
KJNSOAHR,QRKRBYJL,1757177.6
KJNSOAHR,FRHNWLNI,1045797.75
KJNSOAHR,MBSBZBXA,4477831.0
KJNSOAHR,BJALXPFS,175538.22
KJNSOAHR,RAWUKQMJ,3336924.0
KJNSOAHR,ZGJXVMNI,2541444.0
KJNSOAHR,LRVGFDFM,4878137.5
KJNSOAHR,BTMOEMEP,12608311.0
KJNSOAHR,UXSPKBJR,309360.94
KJNSOAHR,BEZYMBBT,3461704.5
KJNSOAHR,SAAYMURU,25758.652
KJNSOAHR,QJQJSWFU,126254.78
KJNSOAHR,EVBVXETX,4881665.0
KJNSOAHR,DUCMGGNW,1170917.5
KJNSOAHR,OJIFIHMZ,1207189.2
KJNSOAHR,STZDBITS,40088628.0
KJNSOAHR,SNHYOVBM,471916.72
KJNSOAHR,LPHPPJUG,1303762.6
KJNSOAHR,FCYBOAXC,102668490.0
KJNSOAHR,JPBRUTWP,5224163.0
KJNSOAHR,LTOYKIML,346706.25
KJNSOAHR,QVLMOEYE,1251596.5
KJNSOAHR,JERHKLYW,5448.084
KJNSOAHR,ZXERAXWP,13621.756
KJNSOAHR,LSOIUSXD,96423.055
KJNSOAHR,XUOIQPFL,2383893.5
KJNSOAHR,WBLJNPZQ,151472.28
KJNSOAHR,OXKURKXR,103792.39
KJNSOAHR,AXULOHBQ,62631.773
KJNSOAHR,DBWLZWNK,161465.36
KJNSOAHR,NZKBIBNU,202267.23
KJNSOAHR,OKMBFVKS,1764955.2
KJNSOAHR,VUAFAIYJ,426488.34
KJNSOAHR,CCLHWFWF,18772756.0
KJNSOAHR,OGAFEHLU,50.868225
KJNSOAHR,SDWAYPIK,4273000.5
KJNSOAHR,UIFPPCLR,4740.8057
KJNSOAHR,KEUWZRKO,325356.66
KJNSOAHR,FQCLOEXA,1643646.6
KJNSOAHR,APQGTRMF,1435.1162
KJNSOAHR,ZCELVYQU,9696.512
KJNSOAHR,KAGJCHMR,5243.4976
KJNSOAHR,QKXNTIIB,1445941.4
KJNSOAHR,GKQIJYDH,12388972.0
KJNSOAHR,VBYCLTYZ,305592.06
KJNSOAHR,GYHKIVQT,12113968.0
KJNSOAHR,ROACSLMG,1963645.0
KJNSOAHR,VMAQSTJE,60056.312
KJNSOAHR,XIFHSOWQ,45660.535
KJNSOAHR,FITUEHWN,109291.89
KJNSOAHR,UGEQLMXM,128940.445
KJNSOAHR,BUZIIBYG,17300672.0
KJNSOAHR,JBVHSUWY,234491.98
KJNSOAHR,NAQIHUKZ,16.711138
KJNSOAHR,MIRCVAMV,952.08264
KJNSOAHR,AANGBULD,77160.31
KJNSOAHR,WHPUAOID,27152.984
KJNSOAHR,UQYUIVVR,3807686.5
KJNSOAHR,FWUCPMMW,69.18826
KJNSOAHR,IGDVVKUD,2403.2876
KJNSOAHR,FDXPMYGF,6466.875
KJNSOAHR,QSDCUCLB,1.5047958
KJNSOAHR,YSYHGLQK,3932.8027
KJNSOAHR,PYZMVUWD,131.9765
KJNSOAHR,HCDTGMST,144834.12
KJNSOAHR,JSLXRQOK,144.71223
KJNSOAHR,XIIEJNEE,993.0934
KJNSOAHR,BLANHGYY,206.10161
KJNSOAHR,DJBLNPNC,25.78205
KJNSOAHR,ANWUJOKX,1.0009716
KJNSOAHR,GMBFCMIU,0.74335825
KJNSOAHR,TGOELCAG,50318.457
KJNSOAHR,RUVXNNVA,2.8764694
KJNSOAHR,TANNMIMB,23.723398
KJNSOAHR,GIKPEWTY,0.09959037
KJNSOAHR,PLMZALFA,0.74335825
KJNSOAHR,KFQSHBNH,20671.127
KJNSOAHR,RJCAXSGH,16347.694
QKXNTIIB,DEWLVASR,234313.16
QKXNTIIB,ELQGMQWE,455784.47
QKXNTIIB,AHMDUILJ,102089.125
QKXNTIIB,XIPPENFQ,116202.07
QKXNTIIB,FTSVTTSR,183784.72
QKXNTIIB,XMKRPGLB,801426.3
QKXNTIIB,RCBZUSIM,7444.018
QKXNTIIB,SUOYXCHP,337.7586
QKXNTIIB,ZKENOUDA,282612.38
QKXNTIIB,WQMVCOEM,2019.0576
QKXNTIIB,BSRMSVTC,129428.94
QKXNTIIB,DDEXPPXU,25864.332
QKXNTIIB,LLHREMKS,27778.61
QKXNTIIB,DNMPSKTB,4837365.5
QKXNTIIB,WPQXWHYO,10863883.0
QKXNTIIB,VWMBASNE,166414.44
QKXNTIIB,RJGPVEXX,579942.06
QKXNTIIB,ATLDMDBO,39913756.0
QKXNTIIB,SAHWCZNH,1991498.4
QKXNTIIB,LUENUFGA,3457692.5
QKXNTIIB,HXYSSRXE,5738753.5
QKXNTIIB,QRKRBYJL,1757350.2
QKXNTIIB,FRHNWLNI,1044624.5
QKXNTIIB,MBSBZBXA,4478010.5
QKXNTIIB,BJALXPFS,175528.34
QKXNTIIB,RAWUKQMJ,3340891.5
QKXNTIIB,ZGJXVMNI,2541477.8
QKXNTIIB,LRVGFDFM,4881297.5
QKXNTIIB,BTMOEMEP,12608816.0
QKXNTIIB,UXSPKBJR,310435.53
QKXNTIIB,BEZYMBBT,3461750.8
QKXNTIIB,SAAYMURU,25748.484
QKXNTIIB,QJQJSWFU,126177.74
QKXNTIIB,EVBVXETX,4930737.5
QKXNTIIB,DUCMGGNW,1171032.5
QKXNTIIB,OJIFIHMZ,1204540.8
QKXNTIIB,STZDBITS,40090230.0
QKXNTIIB,SNHYOVBM,470179.12
QKXNTIIB,LPHPPJUG,1324976.1
QKXNTIIB,FCYBOAXC,119780740.0
QKXNTIIB,JPBRUTWP,5248212.0
QKXNTIIB,LTOYKIML,346752.56
QKXNTIIB,QVLMOEYE,1252861.1
QKXNTIIB,JERHKLYW,5451.635
QKXNTIIB,ZXERAXWP,13632.413
QKXNTIIB,LSOIUSXD,96362.48
QKXNTIIB,XUOIQPFL,2383925.2
QKXNTIIB,WBLJNPZQ,151463.75
QKXNTIIB,OXKURKXR,103811.59
QKXNTIIB,AXULOHBQ,62643.363
QKXNTIIB,DBWLZWNK,161486.92
QKXNTIIB,NZKBIBNU,203899.34
QKXNTIIB,OKMBFVKS,1768028.1
QKXNTIIB,VUAFAIYJ,426131.78
QKXNTIIB,CCLHWFWF,18773504.0
QKXNTIIB,OGAFEHLU,51.632877
QKXNTIIB,SDWAYPIK,4273171.5
QKXNTIIB,UIFPPCLR,4684.0693
QKXNTIIB,KEUWZRKO,325400.1
QKXNTIIB,FQCLOEXA,1643764.1
QKXNTIIB,APQGTRMF,1435.3723
QKXNTIIB,ZCELVYQU,9712.746
QKXNTIIB,KAGJCHMR,5257.3403
QKXNTIIB,KJNSOAHR,8982783.0
QKXNTIIB,GKQIJYDH,12389468.0
QKXNTIIB,VBYCLTYZ,305632.88
QKXNTIIB,GYHKIVQT,12114453.0
QKXNTIIB,ROACSLMG,1980794.6
QKXNTIIB,VMAQSTJE,60067.426
QKXNTIIB,XIFHSOWQ,45668.984
QKXNTIIB,FITUEHWN,109312.11
QKXNTIIB,UGEQLMXM,128964.305
QKXNTIIB,BUZIIBYG,17519604.0
QKXNTIIB,JBVHSUWY,234295.95
QKXNTIIB,NAQIHUKZ,16.809774
QKXNTIIB,MIRCVAMV,952.92926
QKXNTIIB,AANGBULD,77223.92
QKXNTIIB,WHPUAOID,27151.457
QKXNTIIB,UQYUIVVR,3807839.0
QKXNTIIB,FWUCPMMW,69.49087
QKXNTIIB,IGDVVKUD,2404.6614
QKXNTIIB,FDXPMYGF,6577.6133
QKXNTIIB,QSDCUCLB,1.8069029
QKXNTIIB,YSYHGLQK,3930.6875
QKXNTIIB,PYZMVUWD,131.71812
QKXNTIIB,HCDTGMST,145140.12
QKXNTIIB,JSLXRQOK,144.77812
QKXNTIIB,XIIEJNEE,989.32355
QKXNTIIB,BLANHGYY,206.53362
QKXNTIIB,DJBLNPNC,25.847656
QKXNTIIB,ANWUJOKX,1.0645239
QKXNTIIB,GMBFCMIU,1.146323
QKXNTIIB,TGOELCAG,50312.12
QKXNTIIB,RUVXNNVA,3.9089007
QKXNTIIB,TANNMIMB,23.485159
QKXNTIIB,GIKPEWTY,0.13461514
QKXNTIIB,PLMZALFA,1.146323
QKXNTIIB,KFQSHBNH,20712.055
QKXNTIIB,RJCAXSGH,16380.063
GKQIJYDH,DEWLVASR,234316.73
GKQIJYDH,ELQGMQWE,455791.44
GKQIJYDH,AHMDUILJ,101451.76
GKQIJYDH,XIPPENFQ,116203.84
GKQIJYDH,FTSVTTSR,183787.52
GKQIJYDH,XMKRPGLB,801438.56
GKQIJYDH,RCBZUSIM,7445.4097
GKQIJYDH,SUOYXCHP,337.76395
GKQIJYDH,ZKENOUDA,282616.7
GKQIJYDH,WQMVCOEM,2019.0895
GKQIJYDH,BSRMSVTC,129430.914
GKQIJYDH,DDEXPPXU,25871.537
GKQIJYDH,LLHREMKS,27783.06
GKQIJYDH,DNMPSKTB,4835861.5
GKQIJYDH,WPQXWHYO,10861915.0
GKQIJYDH,VWMBASNE,166416.97
GKQIJYDH,RJGPVEXX,579966.4
GKQIJYDH,ATLDMDBO,39915584.0
GKQIJYDH,SAHWCZNH,1991528.8
GKQIJYDH,LUENUFGA,3457745.2
GKQIJYDH,HXYSSRXE,5738983.0
GKQIJYDH,QRKRBYJL,1757377.0
GKQIJYDH,FRHNWLNI,1044668.3
GKQIJYDH,MBSBZBXA,4478079.0
GKQIJYDH,BJALXPFS,175531.03
GKQIJYDH,RAWUKQMJ,3332141.2
GKQIJYDH,ZGJXVMNI,2541584.5
GKQIJYDH,LRVGFDFM,4881372.0
GKQIJYDH,BTMOEMEP,12609033.0
GKQIJYDH,UXSPKBJR,310440.28
GKQIJYDH,BEZYMBBT,3461896.0
GKQIJYDH,SAAYMURU,25721.633
GKQIJYDH,QJQJSWFU,126179.67
GKQIJYDH,EVBVXETX,4942710.0
GKQIJYDH,DUCMGGNW,1171050.4
GKQIJYDH,OJIFIHMZ,1204559.1
GKQIJYDH,STZDBITS,40090920.0
GKQIJYDH,SNHYOVBM,469902.97
GKQIJYDH,LPHPPJUG,1315758.8
GKQIJYDH,FCYBOAXC,115329410.0
GKQIJYDH,JPBRUTWP,5255344.0
GKQIJYDH,LTOYKIML,346757.84
GKQIJYDH,QVLMOEYE,1245894.5
GKQIJYDH,JERHKLYW,5452.654
GKQIJYDH,ZXERAXWP,13629.774
GKQIJYDH,LSOIUSXD,96363.945
GKQIJYDH,XUOIQPFL,2384025.5
GKQIJYDH,WBLJNPZQ,151466.06
GKQIJYDH,OXKURKXR,103813.18
GKQIJYDH,AXULOHBQ,62644.316
GKQIJYDH,DBWLZWNK,161489.38
GKQIJYDH,NZKBIBNU,202531.88
GKQIJYDH,OKMBFVKS,1762425.6
GKQIJYDH,VUAFAIYJ,426138.28
GKQIJYDH,CCLHWFWF,18773828.0
GKQIJYDH,OGAFEHLU,51.51211
GKQIJYDH,SDWAYPIK,4273236.5
GKQIJYDH,UIFPPCLR,4683.1626
GKQIJYDH,KEUWZRKO,325405.06
GKQIJYDH,FQCLOEXA,1643833.1
GKQIJYDH,APQGTRMF,1435.5984
GKQIJYDH,ZCELVYQU,9710.866
GKQIJYDH,KAGJCHMR,5258.323
GKQIJYDH,KJNSOAHR,8982937.0
GKQIJYDH,QKXNTIIB,1442791.1
GKQIJYDH,VBYCLTYZ,305637.53
GKQIJYDH,GYHKIVQT,12114661.0
GKQIJYDH,ROACSLMG,1977484.0
GKQIJYDH,VMAQSTJE,60068.344
GKQIJYDH,XIFHSOWQ,45669.68
GKQIJYDH,FITUEHWN,109313.78
GKQIJYDH,UGEQLMXM,128966.27
GKQIJYDH,BUZIIBYG,17541540.0
GKQIJYDH,JBVHSUWY,234299.52
GKQIJYDH,NAQIHUKZ,16.814913
GKQIJYDH,MIRCVAMV,953.07935
GKQIJYDH,AANGBULD,77284.85
GKQIJYDH,WHPUAOID,27151.871
GKQIJYDH,UQYUIVVR,3807897.0
GKQIJYDH,FWUCPMMW,69.59575
GKQIJYDH,IGDVVKUD,2405.3303
GKQIJYDH,FDXPMYGF,6549.81
GKQIJYDH,QSDCUCLB,2.1255574
GKQIJYDH,YSYHGLQK,3931.4224
GKQIJYDH,PYZMVUWD,131.81276
GKQIJYDH,HCDTGMST,144866.17
GKQIJYDH,JSLXRQOK,144.80544
GKQIJYDH,XIIEJNEE,988.84106
GKQIJYDH,BLANHGYY,206.68161
GKQIJYDH,DJBLNPNC,25.894367
GKQIJYDH,ANWUJOKX,1.0277817
GKQIJYDH,GMBFCMIU,1.0524209
GKQIJYDH,TGOELCAG,50351.82
GKQIJYDH,RUVXNNVA,4.1803007
GKQIJYDH,TANNMIMB,24.999935
GKQIJYDH,GIKPEWTY,0.12104217
GKQIJYDH,PLMZALFA,1.0524209
GKQIJYDH,KFQSHBNH,20712.371
GKQIJYDH,RJCAXSGH,16380.313
VBYCLTYZ,DEWLVASR,234304.66
VBYCLTYZ,ELQGMQWE,455767.97
VBYCLTYZ,AHMDUILJ,101714.586
VBYCLTYZ,XIPPENFQ,116197.86
VBYCLTYZ,FTSVTTSR,183778.05
VBYCLTYZ,XMKRPGLB,801397.3
VBYCLTYZ,RCBZUSIM,7443.862
VBYCLTYZ,SUOYXCHP,337.40924
VBYCLTYZ,ZKENOUDA,282622.88
VBYCLTYZ,WQMVCOEM,2016.9742
VBYCLTYZ,BSRMSVTC,129424.25
VBYCLTYZ,DDEXPPXU,25846.355
VBYCLTYZ,LLHREMKS,27454.705
VBYCLTYZ,DNMPSKTB,4795516.0
VBYCLTYZ,WPQXWHYO,10774612.0
VBYCLTYZ,VWMBASNE,166408.4
VBYCLTYZ,RJGPVEXX,578295.7
VBYCLTYZ,ATLDMDBO,39912540.0
VBYCLTYZ,SAHWCZNH,1991426.1
VBYCLTYZ,LUENUFGA,3457567.2
VBYCLTYZ,HXYSSRXE,5695853.5
VBYCLTYZ,QRKRBYJL,1757286.5
VBYCLTYZ,FRHNWLNI,1043360.06
VBYCLTYZ,MBSBZBXA,4463305.5
VBYCLTYZ,BJALXPFS,175521.98
VBYCLTYZ,RAWUKQMJ,3344133.2
VBYCLTYZ,ZGJXVMNI,2541572.2
VBYCLTYZ,LRVGFDFM,4884715.5
VBYCLTYZ,BTMOEMEP,12608432.0
VBYCLTYZ,UXSPKBJR,310447.1
VBYCLTYZ,BEZYMBBT,3461625.2
VBYCLTYZ,SAAYMURU,25730.59
VBYCLTYZ,QJQJSWFU,126162.22
VBYCLTYZ,EVBVXETX,4872814.0
VBYCLTYZ,DUCMGGNW,1170990.1
VBYCLTYZ,OJIFIHMZ,1204497.1
VBYCLTYZ,STZDBITS,40089010.0
VBYCLTYZ,SNHYOVBM,469118.94
VBYCLTYZ,LPHPPJUG,1312996.0
VBYCLTYZ,FCYBOAXC,101334070.0
VBYCLTYZ,JPBRUTWP,5218795.0
VBYCLTYZ,LTOYKIML,346740.0
VBYCLTYZ,QVLMOEYE,1236737.8
VBYCLTYZ,JERHKLYW,5451.52
VBYCLTYZ,ZXERAXWP,13634.52
VBYCLTYZ,LSOIUSXD,96358.984
VBYCLTYZ,XUOIQPFL,2383839.0
VBYCLTYZ,WBLJNPZQ,151458.27
VBYCLTYZ,OXKURKXR,103807.83
VBYCLTYZ,AXULOHBQ,62641.09
VBYCLTYZ,DBWLZWNK,161481.06
VBYCLTYZ,NZKBIBNU,201111.42
VBYCLTYZ,OKMBFVKS,1768586.2
VBYCLTYZ,VUAFAIYJ,426116.34
VBYCLTYZ,CCLHWFWF,18772932.0
VBYCLTYZ,OGAFEHLU,50.765255
VBYCLTYZ,SDWAYPIK,4273016.5
VBYCLTYZ,UIFPPCLR,4684.7935
VBYCLTYZ,KEUWZRKO,325412.22
VBYCLTYZ,FQCLOEXA,1643825.2
VBYCLTYZ,APQGTRMF,1414.2961
VBYCLTYZ,ZCELVYQU,9714.247
VBYCLTYZ,KAGJCHMR,5253.931
VBYCLTYZ,KJNSOAHR,8982509.0
VBYCLTYZ,QKXNTIIB,1442716.8
VBYCLTYZ,GKQIJYDH,12393841.0
VBYCLTYZ,GYHKIVQT,12119907.0
VBYCLTYZ,ROACSLMG,1965454.9
VBYCLTYZ,VMAQSTJE,60065.25
VBYCLTYZ,XIFHSOWQ,45667.33
VBYCLTYZ,FITUEHWN,109308.15
VBYCLTYZ,UGEQLMXM,128959.63
VBYCLTYZ,BUZIIBYG,17321376.0
VBYCLTYZ,JBVHSUWY,234287.45
VBYCLTYZ,NAQIHUKZ,16.602934
VBYCLTYZ,MIRCVAMV,952.55725
VBYCLTYZ,AANGBULD,77174.664
VBYCLTYZ,WHPUAOID,27150.473
VBYCLTYZ,UQYUIVVR,3807701.0
VBYCLTYZ,FWUCPMMW,69.4867
VBYCLTYZ,IGDVVKUD,2402.9917
VBYCLTYZ,FDXPMYGF,6636.979
VBYCLTYZ,QSDCUCLB,1.1665027
VBYCLTYZ,YSYHGLQK,3928.1387
VBYCLTYZ,PYZMVUWD,131.31592
VBYCLTYZ,HCDTGMST,144766.05
VBYCLTYZ,JSLXRQOK,144.73433
VBYCLTYZ,XIIEJNEE,987.78815
VBYCLTYZ,BLANHGYY,206.31888
VBYCLTYZ,DJBLNPNC,25.731302
VBYCLTYZ,ANWUJOKX,0.9330524
VBYCLTYZ,GMBFCMIU,0.45521215
VBYCLTYZ,TGOELCAG,50142.023
VBYCLTYZ,RUVXNNVA,2.4308577
VBYCLTYZ,TANNMIMB,22.062813
VBYCLTYZ,GIKPEWTY,0.05966907
VBYCLTYZ,PLMZALFA,0.45521215
VBYCLTYZ,KFQSHBNH,20721.342
VBYCLTYZ,RJCAXSGH,16355.664
GYHKIVQT,DEWLVASR,234285.45
GYHKIVQT,ELQGMQWE,455730.6
GYHKIVQT,AHMDUILJ,101044.86
GYHKIVQT,XIPPENFQ,116210.38
GYHKIVQT,FTSVTTSR,183797.86
GYHKIVQT,XMKRPGLB,801331.56
GYHKIVQT,RCBZUSIM,7441.7817
GYHKIVQT,SUOYXCHP,337.65656
GYHKIVQT,ZKENOUDA,282578.94
GYHKIVQT,WQMVCOEM,2019.2021
GYHKIVQT,BSRMSVTC,129413.63
GYHKIVQT,DDEXPPXU,25879.754
GYHKIVQT,LLHREMKS,27721.418
GYHKIVQT,DNMPSKTB,4787930.0
GYHKIVQT,WPQXWHYO,10830201.0
GYHKIVQT,VWMBASNE,166426.33
GYHKIVQT,RJGPVEXX,580628.25
GYHKIVQT,ATLDMDBO,39911548.0
GYHKIVQT,SAHWCZNH,1991262.9
GYHKIVQT,LUENUFGA,3457573.8
GYHKIVQT,HXYSSRXE,5742251.5
GYHKIVQT,QRKRBYJL,1757142.4
GYHKIVQT,FRHNWLNI,1045776.75
GYHKIVQT,MBSBZBXA,4477856.5
GYHKIVQT,BJALXPFS,175540.9
GYHKIVQT,RAWUKQMJ,3338308.5
GYHKIVQT,ZGJXVMNI,2541245.2
GYHKIVQT,LRVGFDFM,4880720.5
GYHKIVQT,BTMOEMEP,12608359.0
GYHKIVQT,UXSPKBJR,310398.84
GYHKIVQT,BEZYMBBT,3459760.5
GYHKIVQT,SAAYMURU,25740.75
GYHKIVQT,QJQJSWFU,126156.33
GYHKIVQT,EVBVXETX,4910151.5
GYHKIVQT,DUCMGGNW,1170894.0
GYHKIVQT,OJIFIHMZ,1203816.1
GYHKIVQT,STZDBITS,40062944.0
GYHKIVQT,SNHYOVBM,470460.34
GYHKIVQT,LPHPPJUG,1311960.9
GYHKIVQT,FCYBOAXC,102216150.0
GYHKIVQT,JPBRUTWP,5251561.5
GYHKIVQT,LTOYKIML,346711.56
GYHKIVQT,QVLMOEYE,1244273.8
GYHKIVQT,JERHKLYW,5450.709
GYHKIVQT,ZXERAXWP,13628.318
GYHKIVQT,LSOIUSXD,96424.53
GYHKIVQT,XUOIQPFL,2383707.0
GYHKIVQT,WBLJNPZQ,151474.58
GYHKIVQT,OXKURKXR,103793.97
GYHKIVQT,AXULOHBQ,62632.727
GYHKIVQT,DBWLZWNK,161467.81
GYHKIVQT,NZKBIBNU,202271.48
GYHKIVQT,OKMBFVKS,1765539.5
GYHKIVQT,VUAFAIYJ,426081.4
GYHKIVQT,CCLHWFWF,18760728.0
GYHKIVQT,OGAFEHLU,51.265686
GYHKIVQT,SDWAYPIK,4273025.0
GYHKIVQT,UIFPPCLR,4682.662
GYHKIVQT,KEUWZRKO,325361.62
GYHKIVQT,FQCLOEXA,1643613.6
GYHKIVQT,APQGTRMF,1436.2301
GYHKIVQT,ZCELVYQU,9709.069
GYHKIVQT,KAGJCHMR,5255.7607
GYHKIVQT,KJNSOAHR,8982457.0
GYHKIVQT,QKXNTIIB,1442598.5
GYHKIVQT,GKQIJYDH,12389019.0
GYHKIVQT,VBYCLTYZ,305596.72
GYHKIVQT,ROACSLMG,1980985.4
GYHKIVQT,VMAQSTJE,60057.23
GYHKIVQT,XIFHSOWQ,45661.23
GYHKIVQT,FITUEHWN,109293.555
GYHKIVQT,UGEQLMXM,128942.414
GYHKIVQT,BUZIIBYG,17332180.0
GYHKIVQT,JBVHSUWY,234268.25
GYHKIVQT,NAQIHUKZ,16.821404
GYHKIVQT,MIRCVAMV,953.2677
GYHKIVQT,AANGBULD,77178.055
GYHKIVQT,WHPUAOID,27153.398
GYHKIVQT,UQYUIVVR,3811984.8
GYHKIVQT,FWUCPMMW,69.61969
GYHKIVQT,IGDVVKUD,2405.7778
GYHKIVQT,FDXPMYGF,6521.894
GYHKIVQT,QSDCUCLB,2.0392015
GYHKIVQT,YSYHGLQK,3931.7188
GYHKIVQT,PYZMVUWD,131.82265
GYHKIVQT,HCDTGMST,144839.38
GYHKIVQT,JSLXRQOK,144.78854
GYHKIVQT,XIIEJNEE,989.5828
GYHKIVQT,BLANHGYY,206.58012
GYHKIVQT,DJBLNPNC,25.949053
GYHKIVQT,ANWUJOKX,1.03758
GYHKIVQT,GMBFCMIU,0.5919645
GYHKIVQT,TGOELCAG,50330.023
GYHKIVQT,RUVXNNVA,3.994329
GYHKIVQT,TANNMIMB,22.680809
GYHKIVQT,GIKPEWTY,0.12525117
GYHKIVQT,PLMZALFA,0.5919645
GYHKIVQT,KFQSHBNH,20697.463
GYHKIVQT,RJCAXSGH,16368.522
ROACSLMG,DEWLVASR,233525.67
ROACSLMG,ELQGMQWE,455785.78
ROACSLMG,AHMDUILJ,102210.31
ROACSLMG,XIPPENFQ,116198.3
ROACSLMG,FTSVTTSR,183778.75
ROACSLMG,XMKRPGLB,801428.6
ROACSLMG,RCBZUSIM,7451.42
ROACSLMG,SUOYXCHP,336.12946
ROACSLMG,ZKENOUDA,282877.44
ROACSLMG,WQMVCOEM,2017.5776
ROACSLMG,BSRMSVTC,129424.74
ROACSLMG,DDEXPPXU,25842.314
ROACSLMG,LLHREMKS,27757.213
ROACSLMG,DNMPSKTB,4881837.5
ROACSLMG,WPQXWHYO,11001339.0
ROACSLMG,VWMBASNE,166409.03
ROACSLMG,RJGPVEXX,580757.3
ROACSLMG,ATLDMDBO,39912080.0
ROACSLMG,SAHWCZNH,1991504.0
ROACSLMG,LUENUFGA,3457903.5
ROACSLMG,HXYSSRXE,5807158.5
ROACSLMG,QRKRBYJL,1757355.2
ROACSLMG,FRHNWLNI,1045380.94
ROACSLMG,MBSBZBXA,4478284.0
ROACSLMG,BJALXPFS,175522.66
ROACSLMG,RAWUKQMJ,3337092.5
ROACSLMG,ZGJXVMNI,2541368.8
ROACSLMG,LRVGFDFM,4878631.0
ROACSLMG,BTMOEMEP,12609610.0
ROACSLMG,UXSPKBJR,309392.22
ROACSLMG,BEZYMBBT,3461602.2
ROACSLMG,SAAYMURU,25765.951
ROACSLMG,QJQJSWFU,126274.05
ROACSLMG,EVBVXETX,5014789.5
ROACSLMG,DUCMGGNW,1171035.9
ROACSLMG,OJIFIHMZ,1207311.2
ROACSLMG,STZDBITS,40092756.0
ROACSLMG,SNHYOVBM,472064.8
ROACSLMG,LPHPPJUG,1337608.8
ROACSLMG,FCYBOAXC,129177840.0
ROACSLMG,JPBRUTWP,5329527.5
ROACSLMG,LTOYKIML,346741.3
ROACSLMG,QVLMOEYE,1254722.9
ROACSLMG,JERHKLYW,5440.4917
ROACSLMG,ZXERAXWP,13679.796
ROACSLMG,LSOIUSXD,96359.35
ROACSLMG,XUOIQPFL,2383823.0
ROACSLMG,WBLJNPZQ,151458.84
ROACSLMG,OXKURKXR,103808.23
ROACSLMG,AXULOHBQ,62641.332
ROACSLMG,DBWLZWNK,161481.67
ROACSLMG,NZKBIBNU,202342.48
ROACSLMG,OKMBFVKS,1766017.8
ROACSLMG,VUAFAIYJ,426531.47
ROACSLMG,CCLHWFWF,18774688.0
ROACSLMG,OGAFEHLU,51.187504
ROACSLMG,SDWAYPIK,4273432.5
ROACSLMG,UIFPPCLR,4730.863
ROACSLMG,KEUWZRKO,325389.56
ROACSLMG,FQCLOEXA,1643598.0
ROACSLMG,APQGTRMF,1433.7637
ROACSLMG,ZCELVYQU,9702.729
ROACSLMG,KAGJCHMR,5244.763
ROACSLMG,KJNSOAHR,8983348.0
ROACSLMG,QKXNTIIB,1446087.5
ROACSLMG,GKQIJYDH,12390248.0
ROACSLMG,VBYCLTYZ,305622.97
ROACSLMG,GYHKIVQT,12115215.0
ROACSLMG,VMAQSTJE,60065.48
ROACSLMG,XIFHSOWQ,45671.03
ROACSLMG,FITUEHWN,109317.01
ROACSLMG,UGEQLMXM,128960.125
ROACSLMG,BUZIIBYG,17652804.0
ROACSLMG,JBVHSUWY,234515.69
ROACSLMG,NAQIHUKZ,16.79474
ROACSLMG,MIRCVAMV,954.4953
ROACSLMG,AANGBULD,77217.81
ROACSLMG,WHPUAOID,27173.164
ROACSLMG,UQYUIVVR,3808071.2
ROACSLMG,FWUCPMMW,69.34403
ROACSLMG,IGDVVKUD,2398.2312
ROACSLMG,FDXPMYGF,6557.067
ROACSLMG,QSDCUCLB,1.4910481
ROACSLMG,YSYHGLQK,3946.2036
ROACSLMG,PYZMVUWD,131.91774
ROACSLMG,HCDTGMST,144950.75
ROACSLMG,JSLXRQOK,144.69319
ROACSLMG,XIIEJNEE,992.5077
ROACSLMG,BLANHGYY,206.85617
ROACSLMG,DJBLNPNC,25.792524
ROACSLMG,ANWUJOKX,1.048804
ROACSLMG,GMBFCMIU,2.1457965
ROACSLMG,TGOELCAG,50355.95
ROACSLMG,RUVXNNVA,2.8932424
ROACSLMG,TANNMIMB,29.943981
ROACSLMG,GIKPEWTY,0.1268328
ROACSLMG,PLMZALFA,2.1457965
ROACSLMG,KFQSHBNH,20699.477
ROACSLMG,RJCAXSGH,16370.115
VMAQSTJE,DEWLVASR,233513.64
VMAQSTJE,ELQGMQWE,455762.3
VMAQSTJE,AHMDUILJ,101672.5
VMAQSTJE,XIPPENFQ,116192.31
VMAQSTJE,FTSVTTSR,183769.3
VMAQSTJE,XMKRPGLB,801387.4
VMAQSTJE,RCBZUSIM,7448.798
VMAQSTJE,SUOYXCHP,336.23203
VMAQSTJE,ZKENOUDA,282862.88
VMAQSTJE,WQMVCOEM,2018.0416
VMAQSTJE,BSRMSVTC,129418.08
VMAQSTJE,DDEXPPXU,25863.494
VMAQSTJE,LLHREMKS,27706.115
VMAQSTJE,DNMPSKTB,4819572.5
VMAQSTJE,WPQXWHYO,10846015.0
VMAQSTJE,VWMBASNE,166400.47
VMAQSTJE,RJGPVEXX,576935.06
VMAQSTJE,ATLDMDBO,39911244.0
VMAQSTJE,SAHWCZNH,1991401.5
VMAQSTJE,LUENUFGA,3457725.5
VMAQSTJE,HXYSSRXE,5770666.5
VMAQSTJE,QRKRBYJL,1757264.8
VMAQSTJE,FRHNWLNI,1040981.7
VMAQSTJE,MBSBZBXA,4463165.0
VMAQSTJE,BJALXPFS,175513.61
VMAQSTJE,RAWUKQMJ,3341375.8
VMAQSTJE,ZGJXVMNI,2541502.0
VMAQSTJE,LRVGFDFM,4881595.5
VMAQSTJE,BTMOEMEP,12608023.0
VMAQSTJE,UXSPKBJR,309376.28
VMAQSTJE,BEZYMBBT,3461783.8
VMAQSTJE,SAAYMURU,25747.65
VMAQSTJE,QJQJSWFU,126228.66
VMAQSTJE,EVBVXETX,4989877.5
VMAQSTJE,DUCMGGNW,1170975.5
VMAQSTJE,OJIFIHMZ,1207249.1
VMAQSTJE,STZDBITS,40087708.0
VMAQSTJE,SNHYOVBM,470556.38
VMAQSTJE,LPHPPJUG,1335213.9
VMAQSTJE,FCYBOAXC,120969576.0
VMAQSTJE,JPBRUTWP,5325773.0
VMAQSTJE,LTOYKIML,346723.47
VMAQSTJE,QVLMOEYE,1238648.8
VMAQSTJE,JERHKLYW,5448.7183
VMAQSTJE,ZXERAXWP,13627.513
VMAQSTJE,LSOIUSXD,96354.39
VMAQSTJE,XUOIQPFL,2383948.0
VMAQSTJE,WBLJNPZQ,151451.05
VMAQSTJE,OXKURKXR,103802.88
VMAQSTJE,AXULOHBQ,62638.105
VMAQSTJE,DBWLZWNK,161473.36
VMAQSTJE,NZKBIBNU,201241.12
VMAQSTJE,OKMBFVKS,1767122.9
VMAQSTJE,VUAFAIYJ,426509.5
VMAQSTJE,CCLHWFWF,18772324.0
VMAQSTJE,OGAFEHLU,51.130123
VMAQSTJE,SDWAYPIK,4272882.0
VMAQSTJE,UIFPPCLR,4742.8096
VMAQSTJE,KEUWZRKO,325372.8
VMAQSTJE,FQCLOEXA,1643684.2
VMAQSTJE,APQGTRMF,1431.0659
VMAQSTJE,ZCELVYQU,9704.089
VMAQSTJE,KAGJCHMR,5242.9775
VMAQSTJE,KJNSOAHR,8982217.0
VMAQSTJE,QKXNTIIB,1446013.0
VMAQSTJE,GKQIJYDH,12393439.0
VMAQSTJE,VBYCLTYZ,305607.22
VMAQSTJE,GYHKIVQT,12119514.0
VMAQSTJE,ROACSLMG,1996541.5
VMAQSTJE,XIFHSOWQ,45665.152
VMAQSTJE,FITUEHWN,109302.94
VMAQSTJE,UGEQLMXM,128953.484
VMAQSTJE,BUZIIBYG,17451800.0
VMAQSTJE,JBVHSUWY,234503.62
VMAQSTJE,NAQIHUKZ,16.664846
VMAQSTJE,MIRCVAMV,952.3249
VMAQSTJE,AANGBULD,77228.71
VMAQSTJE,WHPUAOID,27149.178
VMAQSTJE,UQYUIVVR,3807875.2
VMAQSTJE,FWUCPMMW,69.4358
VMAQSTJE,IGDVVKUD,2400.4219
VMAQSTJE,FDXPMYGF,6609.568
VMAQSTJE,QSDCUCLB,1.5834806
VMAQSTJE,YSYHGLQK,3939.4336
VMAQSTJE,PYZMVUWD,131.68376
VMAQSTJE,HCDTGMST,144739.81
VMAQSTJE,JSLXRQOK,144.76553
VMAQSTJE,XIIEJNEE,987.84235
VMAQSTJE,BLANHGYY,206.18132
VMAQSTJE,DJBLNPNC,25.875298
VMAQSTJE,ANWUJOKX,1.0252283
VMAQSTJE,GMBFCMIU,1.1245222
VMAQSTJE,TGOELCAG,50191.254
VMAQSTJE,RUVXNNVA,3.1974597
VMAQSTJE,TANNMIMB,24.572525
VMAQSTJE,GIKPEWTY,0.11559561
VMAQSTJE,PLMZALFA,1.1245222
VMAQSTJE,KFQSHBNH,20675.643
VMAQSTJE,RJCAXSGH,16343.346
XIFHSOWQ,DEWLVASR,234308.23
XIFHSOWQ,ELQGMQWE,455774.9
XIFHSOWQ,AHMDUILJ,101487.76
XIFHSOWQ,XIPPENFQ,116199.63
XIFHSOWQ,FTSVTTSR,183780.86
XIFHSOWQ,XMKRPGLB,801409.5
XIFHSOWQ,RCBZUSIM,7443.9756
XIFHSOWQ,SUOYXCHP,337.50897
XIFHSOWQ,ZKENOUDA,282606.44
XIFHSOWQ,WQMVCOEM,2018.5896
XIFHSOWQ,BSRMSVTC,129426.23
XIFHSOWQ,DDEXPPXU,25846.75
XIFHSOWQ,LLHREMKS,27766.77
XIFHSOWQ,DNMPSKTB,4838191.0
XIFHSOWQ,WPQXWHYO,10858600.0
XIFHSOWQ,VWMBASNE,166410.94
XIFHSOWQ,RJGPVEXX,578396.6
XIFHSOWQ,ATLDMDBO,39910028.0
XIFHSOWQ,SAHWCZNH,1991456.5
XIFHSOWQ,LUENUFGA,3457620.0
XIFHSOWQ,HXYSSRXE,5759192.5
XIFHSOWQ,QRKRBYJL,1757313.4
XIFHSOWQ,FRHNWLNI,1043618.8
XIFHSOWQ,MBSBZBXA,4463029.0
XIFHSOWQ,BJALXPFS,175524.66
XIFHSOWQ,RAWUKQMJ,3341273.8
XIFHSOWQ,ZGJXVMNI,2541424.5
XIFHSOWQ,LRVGFDFM,4884413.0
XIFHSOWQ,BTMOEMEP,12607638.0
XIFHSOWQ,UXSPKBJR,310429.03
XIFHSOWQ,BEZYMBBT,3461678.2
XIFHSOWQ,SAAYMURU,25730.982
XIFHSOWQ,QJQJSWFU,126236.6
XIFHSOWQ,EVBVXETX,4991548.0
XIFHSOWQ,DUCMGGNW,1171007.9
XIFHSOWQ,OJIFIHMZ,1204515.5
XIFHSOWQ,STZDBITS,40086490.0
XIFHSOWQ,SNHYOVBM,469631.5
XIFHSOWQ,LPHPPJUG,1330288.8
XIFHSOWQ,FCYBOAXC,121349030.0
XIFHSOWQ,JPBRUTWP,5316973.0
XIFHSOWQ,LTOYKIML,346745.28
XIFHSOWQ,QVLMOEYE,1242465.4
XIFHSOWQ,JERHKLYW,5451.6035
XIFHSOWQ,ZXERAXWP,13634.728
XIFHSOWQ,LSOIUSXD,96360.45
XIFHSOWQ,XUOIQPFL,2383875.2
XIFHSOWQ,WBLJNPZQ,151460.58
XIFHSOWQ,OXKURKXR,103809.414
XIFHSOWQ,AXULOHBQ,62642.047
XIFHSOWQ,DBWLZWNK,161483.53
XIFHSOWQ,NZKBIBNU,202171.0
XIFHSOWQ,OKMBFVKS,1767074.0
XIFHSOWQ,VUAFAIYJ,426122.84
XIFHSOWQ,CCLHWFWF,18771752.0
XIFHSOWQ,OGAFEHLU,51.499454
XIFHSOWQ,SDWAYPIK,4272752.0
XIFHSOWQ,UIFPPCLR,4684.8647
XIFHSOWQ,KEUWZRKO,325393.28
XIFHSOWQ,FQCLOEXA,1643729.6
XIFHSOWQ,APQGTRMF,1433.7876
XIFHSOWQ,ZCELVYQU,9714.3955
XIFHSOWQ,KAGJCHMR,5255.4897
XIFHSOWQ,KJNSOAHR,8981943.0
XIFHSOWQ,QKXNTIIB,1442738.9
XIFHSOWQ,GKQIJYDH,12393061.0
XIFHSOWQ,VBYCLTYZ,305626.47
XIFHSOWQ,GYHKIVQT,12119144.0
XIFHSOWQ,ROACSLMG,1993248.2
XIFHSOWQ,VMAQSTJE,60066.168
XIFHSOWQ,FITUEHWN,109309.82
XIFHSOWQ,UGEQLMXM,128961.6
XIFHSOWQ,BUZIIBYG,17561824.0
XIFHSOWQ,JBVHSUWY,234291.03
XIFHSOWQ,NAQIHUKZ,16.764631
XIFHSOWQ,MIRCVAMV,952.87964
XIFHSOWQ,AANGBULD,77250.14
XIFHSOWQ,WHPUAOID,27150.887
XIFHSOWQ,UQYUIVVR,3807759.0
XIFHSOWQ,FWUCPMMW,69.5839
XIFHSOWQ,IGDVVKUD,2403.0251
XIFHSOWQ,FDXPMYGF,6549.5664
XIFHSOWQ,QSDCUCLB,2.1170397
XIFHSOWQ,YSYHGLQK,3929.3079
XIFHSOWQ,PYZMVUWD,131.9062
XIFHSOWQ,HCDTGMST,144799.73
XIFHSOWQ,JSLXRQOK,144.85098
XIFHSOWQ,XIIEJNEE,987.8334
XIFHSOWQ,BLANHGYY,206.52283
XIFHSOWQ,DJBLNPNC,25.816093
XIFHSOWQ,ANWUJOKX,1.1362648
XIFHSOWQ,GMBFCMIU,1.7589512
XIFHSOWQ,TGOELCAG,50205.188
XIFHSOWQ,RUVXNNVA,4.1316085
XIFHSOWQ,TANNMIMB,27.30779
XIFHSOWQ,GIKPEWTY,0.15189324
XIFHSOWQ,PLMZALFA,1.7589512
XIFHSOWQ,KFQSHBNH,20695.43
XIFHSOWQ,RJCAXSGH,16358.986
FITUEHWN,DEWLVASR,234291.7
FITUEHWN,ELQGMQWE,455742.75
FITUEHWN,AHMDUILJ,101392.46
FITUEHWN,XIPPENFQ,116191.43
FITUEHWN,FTSVTTSR,183767.89
FITUEHWN,XMKRPGLB,801352.94
FITUEHWN,RCBZUSIM,7443.45
FITUEHWN,SUOYXCHP,337.4273
FITUEHWN,ZKENOUDA,282586.5
FITUEHWN,WQMVCOEM,2017.2032
FITUEHWN,BSRMSVTC,129417.09
FITUEHWN,DDEXPPXU,25844.926
FITUEHWN,LLHREMKS,27779.008
FITUEHWN,DNMPSKTB,4804731.0
FITUEHWN,WPQXWHYO,10844960.0
FITUEHWN,VWMBASNE,166399.2
FITUEHWN,RJGPVEXX,581915.44
FITUEHWN,ATLDMDBO,39912540.0
FITUEHWN,SAHWCZNH,1991316.0
FITUEHWN,LUENUFGA,3457577.0
FITUEHWN,HXYSSRXE,5720044.5
FITUEHWN,QRKRBYJL,1757189.4
FITUEHWN,FRHNWLNI,1043545.1
FITUEHWN,MBSBZBXA,4463318.5
FITUEHWN,BJALXPFS,175512.28
FITUEHWN,RAWUKQMJ,3341232.5
FITUEHWN,ZGJXVMNI,2541393.0
FITUEHWN,LRVGFDFM,4881763.0
FITUEHWN,BTMOEMEP,12608432.0
FITUEHWN,UXSPKBJR,310407.12
FITUEHWN,BEZYMBBT,3461635.2
FITUEHWN,SAAYMURU,25729.166
FITUEHWN,QJQJSWFU,126227.695
FITUEHWN,EVBVXETX,4950083.0
FITUEHWN,DUCMGGNW,1170925.2
FITUEHWN,OJIFIHMZ,1207197.4
FITUEHWN,STZDBITS,40089010.0
FITUEHWN,SNHYOVBM,468939.12
FITUEHWN,LPHPPJUG,1321836.0
FITUEHWN,FCYBOAXC,168473550.0
FITUEHWN,JPBRUTWP,5280272.0
FITUEHWN,LTOYKIML,346720.8
FITUEHWN,QVLMOEYE,1250118.5
FITUEHWN,JERHKLYW,5451.2188
FITUEHWN,ZXERAXWP,13633.766
FITUEHWN,LSOIUSXD,96353.66
FITUEHWN,XUOIQPFL,2383845.8
FITUEHWN,WBLJNPZQ,151449.89
FITUEHWN,OXKURKXR,103802.086
FITUEHWN,AXULOHBQ,62637.625
FITUEHWN,DBWLZWNK,161472.12
FITUEHWN,NZKBIBNU,202156.73
FITUEHWN,OKMBFVKS,1767052.1
FITUEHWN,VUAFAIYJ,426092.78
FITUEHWN,CCLHWFWF,18772932.0
FITUEHWN,OGAFEHLU,52.099144
FITUEHWN,SDWAYPIK,4273029.0
FITUEHWN,UIFPPCLR,4684.534
FITUEHWN,KEUWZRKO,325370.3
FITUEHWN,FQCLOEXA,1643613.6
FITUEHWN,APQGTRMF,1431.6744
FITUEHWN,ZCELVYQU,9712.95
FITUEHWN,KAGJCHMR,5255.119
FITUEHWN,KJNSOAHR,8982509.0
FITUEHWN,QKXNTIIB,1445951.0
FITUEHWN,GKQIJYDH,12393841.0
FITUEHWN,VBYCLTYZ,305604.9
FITUEHWN,GYHKIVQT,12119907.0
FITUEHWN,ROACSLMG,1984805.2
FITUEHWN,VMAQSTJE,60061.926
FITUEHWN,XIFHSOWQ,45664.8
FITUEHWN,UGEQLMXM,128952.5
FITUEHWN,BUZIIBYG,17449236.0
FITUEHWN,JBVHSUWY,234274.5
FITUEHWN,NAQIHUKZ,16.993214
FITUEHWN,MIRCVAMV,951.8559
FITUEHWN,AANGBULD,77143.47
FITUEHWN,WHPUAOID,27148.97
FITUEHWN,UQYUIVVR,3807711.8
FITUEHWN,FWUCPMMW,69.53525
FITUEHWN,IGDVVKUD,2402.8577
FITUEHWN,FDXPMYGF,6661.428
FITUEHWN,QSDCUCLB,2.3101404
FITUEHWN,YSYHGLQK,3930.5674
FITUEHWN,PYZMVUWD,131.79547
FITUEHWN,HCDTGMST,144805.4
FITUEHWN,JSLXRQOK,144.76714
FITUEHWN,XIIEJNEE,988.39795
FITUEHWN,BLANHGYY,206.19406
FITUEHWN,DJBLNPNC,25.868263
FITUEHWN,ANWUJOKX,1.3878727
FITUEHWN,GMBFCMIU,5.4939127
FITUEHWN,TGOELCAG,50183.504
FITUEHWN,RUVXNNVA,4.553045
FITUEHWN,TANNMIMB,36.78764
FITUEHWN,GIKPEWTY,0.29519275
FITUEHWN,PLMZALFA,5.4939127
FITUEHWN,KFQSHBNH,20720.018
FITUEHWN,RJCAXSGH,16378.423
UGEQLMXM,DEWLVASR,234301.1
UGEQLMXM,ELQGMQWE,455761.0
UGEQLMXM,AHMDUILJ,101660.18
UGEQLMXM,XIPPENFQ,116196.086
UGEQLMXM,FTSVTTSR,183775.25
UGEQLMXM,XMKRPGLB,801385.06
UGEQLMXM,RCBZUSIM,7443.748
UGEQLMXM,SUOYXCHP,337.49896
UGEQLMXM,ZKENOUDA,282597.8
UGEQLMXM,WQMVCOEM,2017.5094
UGEQLMXM,BSRMSVTC,129422.27
UGEQLMXM,DDEXPPXU,25845.963
UGEQLMXM,LLHREMKS,27741.44
UGEQLMXM,DNMPSKTB,4827710.0
UGEQLMXM,WPQXWHYO,10866100.0
UGEQLMXM,VWMBASNE,166405.86
UGEQLMXM,RJGPVEXX,578378.94
UGEQLMXM,ATLDMDBO,39911852.0
UGEQLMXM,SAHWCZNH,1991395.8
UGEQLMXM,LUENUFGA,3457514.5
UGEQLMXM,HXYSSRXE,5755689.5
UGEQLMXM,QRKRBYJL,1757259.8
UGEQLMXM,FRHNWLNI,1043586.94
UGEQLMXM,MBSBZBXA,4463237.5
UGEQLMXM,BJALXPFS,175519.31
UGEQLMXM,RAWUKQMJ,3341172.0
UGEQLMXM,ZGJXVMNI,2541347.0
UGEQLMXM,LRVGFDFM,4884641.0
UGEQLMXM,BTMOEMEP,12608215.0
UGEQLMXM,UXSPKBJR,310419.56
UGEQLMXM,BEZYMBBT,3461572.5
UGEQLMXM,SAAYMURU,25730.197
UGEQLMXM,QJQJSWFU,126232.75
UGEQLMXM,EVBVXETX,4951608.0
UGEQLMXM,DUCMGGNW,1170972.2
UGEQLMXM,OJIFIHMZ,1204478.8
UGEQLMXM,STZDBITS,40088320.0
UGEQLMXM,SNHYOVBM,470011.0
UGEQLMXM,LPHPPJUG,1373807.9
UGEQLMXM,FCYBOAXC,137137680.0
UGEQLMXM,JPBRUTWP,5285784.0
UGEQLMXM,LTOYKIML,346734.7
UGEQLMXM,QVLMOEYE,1244036.4
UGEQLMXM,JERHKLYW,5451.437
UGEQLMXM,ZXERAXWP,13634.312
UGEQLMXM,LSOIUSXD,96357.516
UGEQLMXM,XUOIQPFL,2383802.5
UGEQLMXM,WBLJNPZQ,151455.95
UGEQLMXM,OXKURKXR,103806.25
UGEQLMXM,AXULOHBQ,62640.137
UGEQLMXM,DBWLZWNK,161478.6
UGEQLMXM,NZKBIBNU,202164.83
UGEQLMXM,OKMBFVKS,1767020.1
UGEQLMXM,VUAFAIYJ,426109.84
UGEQLMXM,CCLHWFWF,18772612.0
UGEQLMXM,OGAFEHLU,51.63452
UGEQLMXM,SDWAYPIK,4272951.5
UGEQLMXM,UIFPPCLR,4684.722
UGEQLMXM,KEUWZRKO,325383.34
UGEQLMXM,FQCLOEXA,1643679.5
UGEQLMXM,APQGTRMF,1434.9491
UGEQLMXM,ZCELVYQU,9714.099
UGEQLMXM,KAGJCHMR,5255.3296
UGEQLMXM,KJNSOAHR,8982354.0
UGEQLMXM,QKXNTIIB,1442694.8
UGEQLMXM,GKQIJYDH,12393628.0
UGEQLMXM,VBYCLTYZ,305617.12
UGEQLMXM,GYHKIVQT,12119699.0
UGEQLMXM,ROACSLMG,1980630.2
UGEQLMXM,VMAQSTJE,60064.332
UGEQLMXM,XIFHSOWQ,45666.633
UGEQLMXM,FITUEHWN,109306.484
UGEQLMXM,BUZIIBYG,17506976.0
UGEQLMXM,JBVHSUWY,234283.88
UGEQLMXM,NAQIHUKZ,16.81033
UGEQLMXM,MIRCVAMV,952.2022
UGEQLMXM,AANGBULD,77247.79
UGEQLMXM,WHPUAOID,27150.059
UGEQLMXM,UQYUIVVR,3807642.8
UGEQLMXM,FWUCPMMW,69.53377
UGEQLMXM,IGDVVKUD,2402.9539
UGEQLMXM,FDXPMYGF,6549.366
UGEQLMXM,QSDCUCLB,1.7662809
UGEQLMXM,YSYHGLQK,3929.188
UGEQLMXM,PYZMVUWD,131.84488
UGEQLMXM,HCDTGMST,144754.31
UGEQLMXM,JSLXRQOK,144.77296
UGEQLMXM,XIIEJNEE,988.0503
UGEQLMXM,BLANHGYY,206.37543
UGEQLMXM,DJBLNPNC,25.863983
UGEQLMXM,ANWUJOKX,1.0923617
UGEQLMXM,GMBFCMIU,1.8123963
UGEQLMXM,TGOELCAG,50203.656
UGEQLMXM,RUVXNNVA,3.8095083
UGEQLMXM,TANNMIMB,24.980274
UGEQLMXM,GIKPEWTY,0.14203084
UGEQLMXM,PLMZALFA,1.8123963
UGEQLMXM,KFQSHBNH,20721.025
UGEQLMXM,RJCAXSGH,16379.22
BUZIIBYG,DEWLVASR,233574.67
BUZIIBYG,ELQGMQWE,455881.4
BUZIIBYG,AHMDUILJ,101513.6
BUZIIBYG,XIPPENFQ,116244.74
BUZIIBYG,FTSVTTSR,183852.2
BUZIIBYG,XMKRPGLB,801596.8
BUZIIBYG,RCBZUSIM,7451.939
BUZIIBYG,SUOYXCHP,336.20276
BUZIIBYG,ZKENOUDA,282936.78
BUZIIBYG,WQMVCOEM,2017.7596
BUZIIBYG,BSRMSVTC,129451.9
BUZIIBYG,DDEXPPXU,25907.809
BUZIIBYG,LLHREMKS,27746.969
BUZIIBYG,DNMPSKTB,4816416.0
BUZIIBYG,WPQXWHYO,10874373.0
BUZIIBYG,VWMBASNE,166475.55
BUZIIBYG,RJGPVEXX,580894.7
BUZIIBYG,ATLDMDBO,39904316.0
BUZIIBYG,SAHWCZNH,1991921.9
BUZIIBYG,LUENUFGA,3457306.8
BUZIIBYG,HXYSSRXE,5768553.5
BUZIIBYG,QRKRBYJL,1755017.1
BUZIIBYG,FRHNWLNI,1045628.2
BUZIIBYG,MBSBZBXA,4477511.0
BUZIIBYG,BJALXPFS,175592.81
BUZIIBYG,RAWUKQMJ,3334687.5
BUZIIBYG,ZGJXVMNI,2540998.0
BUZIIBYG,LRVGFDFM,4877788.5
BUZIIBYG,BTMOEMEP,12607398.0
BUZIIBYG,UXSPKBJR,309457.16
BUZIIBYG,BEZYMBBT,3461097.2
BUZIIBYG,SAAYMURU,25766.662
BUZIIBYG,QJQJSWFU,126294.04
BUZIIBYG,EVBVXETX,4947232.5
BUZIIBYG,DUCMGGNW,1171281.6
BUZIIBYG,OJIFIHMZ,1207564.6
BUZIIBYG,STZDBITS,40059890.0
BUZIIBYG,SNHYOVBM,472063.47
BUZIIBYG,LPHPPJUG,1320728.4
BUZIIBYG,FCYBOAXC,101504104.0
BUZIIBYG,JPBRUTWP,5280327.5
BUZIIBYG,LTOYKIML,346814.06
BUZIIBYG,QVLMOEYE,1250171.0
BUZIIBYG,JERHKLYW,5450.1997
BUZIIBYG,ZXERAXWP,13627.045
BUZIIBYG,LSOIUSXD,96453.04
BUZIIBYG,XUOIQPFL,2384387.0
BUZIIBYG,WBLJNPZQ,151519.38
BUZIIBYG,OXKURKXR,103824.664
BUZIIBYG,AXULOHBQ,62651.25
BUZIIBYG,DBWLZWNK,161515.56
BUZIIBYG,NZKBIBNU,202328.02
BUZIIBYG,OKMBFVKS,1766954.4
BUZIIBYG,VUAFAIYJ,426620.97
BUZIIBYG,CCLHWFWF,18759296.0
BUZIIBYG,OGAFEHLU,51.169613
BUZIIBYG,SDWAYPIK,4272694.5
BUZIIBYG,UIFPPCLR,4730.994
BUZIIBYG,KEUWZRKO,325457.84
BUZIIBYG,FQCLOEXA,1643358.2
BUZIIBYG,APQGTRMF,1435.56
BUZIIBYG,ZCELVYQU,9698.139
BUZIIBYG,KAGJCHMR,5245.1284
BUZIIBYG,KJNSOAHR,8981772.0
BUZIIBYG,QKXNTIIB,1446391.0
BUZIIBYG,GKQIJYDH,12388074.0
BUZIIBYG,VBYCLTYZ,305687.1
BUZIIBYG,GYHKIVQT,12113090.0
BUZIIBYG,ROACSLMG,1985007.9
BUZIIBYG,VMAQSTJE,60074.99
BUZIIBYG,XIFHSOWQ,45678.26
BUZIIBYG,FITUEHWN,109334.32
BUZIIBYG,UGEQLMXM,128980.54
BUZIIBYG,JBVHSUWY,234564.9
BUZIIBYG,NAQIHUKZ,16.788641
BUZIIBYG,MIRCVAMV,954.98157
BUZIIBYG,AANGBULD,77145.67
BUZIIBYG,WHPUAOID,27161.428
BUZIIBYG,UQYUIVVR,3807414.0
BUZIIBYG,FWUCPMMW,69.3339
BUZIIBYG,IGDVVKUD,2404.0305
BUZIIBYG,FDXPMYGF,6375.1255
BUZIIBYG,QSDCUCLB,1.6286366
BUZIIBYG,YSYHGLQK,3946.4746
BUZIIBYG,PYZMVUWD,131.94855
BUZIIBYG,HCDTGMST,144922.69
BUZIIBYG,JSLXRQOK,144.75726
BUZIIBYG,XIIEJNEE,991.73816
BUZIIBYG,BLANHGYY,206.71736
BUZIIBYG,DJBLNPNC,25.856934
BUZIIBYG,ANWUJOKX,1.013731
BUZIIBYG,GMBFCMIU,0.60810375
BUZIIBYG,TGOELCAG,50308.906
BUZIIBYG,RUVXNNVA,3.3676462
BUZIIBYG,TANNMIMB,22.154873
BUZIIBYG,GIKPEWTY,0.10859293
BUZIIBYG,PLMZALFA,0.60810375
BUZIIBYG,KFQSHBNH,20659.695
BUZIIBYG,RJCAXSGH,16338.654
JBVHSUWY,DEWLVASR,233518.55
JBVHSUWY,ELQGMQWE,455771.88
JBVHSUWY,AHMDUILJ,101667.36
JBVHSUWY,XIPPENFQ,116194.75
JBVHSUWY,FTSVTTSR,183773.14
JBVHSUWY,XMKRPGLB,801404.2
JBVHSUWY,RCBZUSIM,7450.1196
JBVHSUWY,SUOYXCHP,336.48074
JBVHSUWY,ZKENOUDA,282868.8
JBVHSUWY,WQMVCOEM,2018.5096
JBVHSUWY,BSRMSVTC,129420.79
JBVHSUWY,DDEXPPXU,25868.082
JBVHSUWY,LLHREMKS,27725.094
JBVHSUWY,DNMPSKTB,4816645.5
JBVHSUWY,WPQXWHYO,10847939.0
JBVHSUWY,VWMBASNE,166403.95
JBVHSUWY,RJGPVEXX,578938.0
JBVHSUWY,ATLDMDBO,39914976.0
JBVHSUWY,SAHWCZNH,1991443.2
JBVHSUWY,LUENUFGA,3457798.0
JBVHSUWY,HXYSSRXE,5746601.5
JBVHSUWY,QRKRBYJL,1757301.6
JBVHSUWY,FRHNWLNI,1044595.6
JBVHSUWY,MBSBZBXA,4478147.0
JBVHSUWY,BJALXPFS,175517.3
JBVHSUWY,RAWUKQMJ,3335269.5
JBVHSUWY,ZGJXVMNI,2541555.5
JBVHSUWY,LRVGFDFM,4878482.0
JBVHSUWY,BTMOEMEP,12609201.0
JBVHSUWY,UXSPKBJR,309382.78
JBVHSUWY,BEZYMBBT,3461856.5
JBVHSUWY,SAAYMURU,25737.902
JBVHSUWY,QJQJSWFU,126169.805
JBVHSUWY,EVBVXETX,4938799.0
JBVHSUWY,DUCMGGNW,1171000.1
JBVHSUWY,OJIFIHMZ,1207274.5
JBVHSUWY,STZDBITS,40091456.0
JBVHSUWY,SNHYOVBM,471327.97
JBVHSUWY,LPHPPJUG,1323068.1
JBVHSUWY,FCYBOAXC,106140696.0
JBVHSUWY,JPBRUTWP,5277558.5
JBVHSUWY,LTOYKIML,346730.72
JBVHSUWY,QVLMOEYE,1241193.5
JBVHSUWY,JERHKLYW,5449.685
JBVHSUWY,ZXERAXWP,13622.354
JBVHSUWY,LSOIUSXD,96356.414
JBVHSUWY,XUOIQPFL,2383998.0
JBVHSUWY,WBLJNPZQ,151454.22
JBVHSUWY,OXKURKXR,103805.06
JBVHSUWY,AXULOHBQ,62639.418
JBVHSUWY,DBWLZWNK,161476.75
JBVHSUWY,NZKBIBNU,201939.77
JBVHSUWY,OKMBFVKS,1765052.9
JBVHSUWY,VUAFAIYJ,426518.44
JBVHSUWY,CCLHWFWF,18774080.0
JBVHSUWY,OGAFEHLU,51.111595
JBVHSUWY,SDWAYPIK,4273302.0
JBVHSUWY,UIFPPCLR,4741.0137
JBVHSUWY,KEUWZRKO,325379.62
JBVHSUWY,FQCLOEXA,1643718.8
JBVHSUWY,APQGTRMF,1434.3932
JBVHSUWY,ZCELVYQU,9700.415
JBVHSUWY,KAGJCHMR,5243.9077
JBVHSUWY,KJNSOAHR,8983057.0
JBVHSUWY,QKXNTIIB,1446043.4
JBVHSUWY,GKQIJYDH,12389846.0
JBVHSUWY,VBYCLTYZ,305613.62
JBVHSUWY,GYHKIVQT,12114822.0
JBVHSUWY,ROACSLMG,1981866.0
JBVHSUWY,VMAQSTJE,60063.645
JBVHSUWY,XIFHSOWQ,45666.11
JBVHSUWY,FITUEHWN,109305.234
JBVHSUWY,UGEQLMXM,128956.19
JBVHSUWY,BUZIIBYG,17408248.0
JBVHSUWY,NAQIHUKZ,16.658567
JBVHSUWY,MIRCVAMV,953.53534
JBVHSUWY,AANGBULD,77134.05
JBVHSUWY,WHPUAOID,27149.748
JBVHSUWY,UQYUIVVR,3807955.0
JBVHSUWY,FWUCPMMW,69.405304
JBVHSUWY,IGDVVKUD,2400.848
JBVHSUWY,FDXPMYGF,6579.3574
JBVHSUWY,QSDCUCLB,1.166403
JBVHSUWY,YSYHGLQK,3940.1326
JBVHSUWY,PYZMVUWD,131.73103
JBVHSUWY,HCDTGMST,144853.33
JBVHSUWY,JSLXRQOK,144.71773
JBVHSUWY,XIIEJNEE,988.8345
JBVHSUWY,BLANHGYY,206.55963
JBVHSUWY,DJBLNPNC,25.826504
JBVHSUWY,ANWUJOKX,0.9595045
JBVHSUWY,GMBFCMIU,0.6488949
JBVHSUWY,TGOELCAG,50253.57
JBVHSUWY,RUVXNNVA,2.5446384
JBVHSUWY,TANNMIMB,22.60448
JBVHSUWY,GIKPEWTY,0.073855124
JBVHSUWY,PLMZALFA,0.6488949
JBVHSUWY,KFQSHBNH,20692.252
JBVHSUWY,RJCAXSGH,16364.401
NAQIHUKZ,DEWLVASR,233520.98
NAQIHUKZ,ELQGMQWE,455776.66
NAQIHUKZ,AHMDUILJ,104172.79
NAQIHUKZ,XIPPENFQ,116208.164
NAQIHUKZ,FTSVTTSR,183795.06
NAQIHUKZ,XMKRPGLB,801353.75
NAQIHUKZ,RCBZUSIM,7450.3755
NAQIHUKZ,SUOYXCHP,336.403
NAQIHUKZ,ZKENOUDA,282881.47
NAQIHUKZ,WQMVCOEM,2019.0653
NAQIHUKZ,BSRMSVTC,129536.62
NAQIHUKZ,DDEXPPXU,25869.12
NAQIHUKZ,LLHREMKS,27516.988
NAQIHUKZ,DNMPSKTB,4917199.0
NAQIHUKZ,WPQXWHYO,10787793.0
NAQIHUKZ,VWMBASNE,166423.8
NAQIHUKZ,RJGPVEXX,579118.0
NAQIHUKZ,ATLDMDBO,39890696.0
NAQIHUKZ,SAHWCZNH,1991547.8
NAQIHUKZ,LUENUFGA,3457834.2
NAQIHUKZ,HXYSSRXE,5806577.0
NAQIHUKZ,QRKRBYJL,1757511.1
NAQIHUKZ,FRHNWLNI,1043716.3
NAQIHUKZ,MBSBZBXA,4463305.5
NAQIHUKZ,BJALXPFS,175519.14
NAQIHUKZ,RAWUKQMJ,3333988.0
NAQIHUKZ,ZGJXVMNI,2539537.2
NAQIHUKZ,LRVGFDFM,4881390.5
NAQIHUKZ,BTMOEMEP,12608456.0
NAQIHUKZ,UXSPKBJR,309396.66
NAQIHUKZ,BEZYMBBT,3462203.0
NAQIHUKZ,SAAYMURU,25753.102
NAQIHUKZ,QJQJSWFU,126337.41
NAQIHUKZ,EVBVXETX,5079775.5
NAQIHUKZ,DUCMGGNW,1171012.4
NAQIHUKZ,OJIFIHMZ,1207198.5
NAQIHUKZ,STZDBITS,40089084.0
NAQIHUKZ,SNHYOVBM,470939.78
NAQIHUKZ,LPHPPJUG,1362880.2
NAQIHUKZ,FCYBOAXC,128223910.0
NAQIHUKZ,JPBRUTWP,5602624.5
NAQIHUKZ,LTOYKIML,346734.38
NAQIHUKZ,QVLMOEYE,1285213.0
NAQIHUKZ,JERHKLYW,5449.9033
NAQIHUKZ,ZXERAXWP,13635.703
NAQIHUKZ,LSOIUSXD,96304.414
NAQIHUKZ,XUOIQPFL,2386218.2
NAQIHUKZ,WBLJNPZQ,151455.81
NAQIHUKZ,OXKURKXR,103806.15
NAQIHUKZ,AXULOHBQ,62640.074
NAQIHUKZ,DBWLZWNK,161389.61
NAQIHUKZ,NZKBIBNU,207134.0
NAQIHUKZ,OKMBFVKS,1764649.0
NAQIHUKZ,VUAFAIYJ,426569.28
NAQIHUKZ,CCLHWFWF,18772968.0
NAQIHUKZ,OGAFEHLU,51.770668
NAQIHUKZ,SDWAYPIK,4273016.5
NAQIHUKZ,UIFPPCLR,4740.349
NAQIHUKZ,KEUWZRKO,325394.22
NAQIHUKZ,FQCLOEXA,1642634.2
NAQIHUKZ,APQGTRMF,1432.2334
NAQIHUKZ,ZCELVYQU,9705.301
NAQIHUKZ,KAGJCHMR,5244.088
NAQIHUKZ,KJNSOAHR,8982834.0
NAQIHUKZ,QKXNTIIB,1445795.2
NAQIHUKZ,GKQIJYDH,12395046.0
NAQIHUKZ,VBYCLTYZ,305594.4
NAQIHUKZ,GYHKIVQT,12152407.0
NAQIHUKZ,ROACSLMG,2040583.0
NAQIHUKZ,VMAQSTJE,60070.805
NAQIHUKZ,XIFHSOWQ,45692.598
NAQIHUKZ,FITUEHWN,109368.63
NAQIHUKZ,UGEQLMXM,128680.875
NAQIHUKZ,BUZIIBYG,17725240.0
NAQIHUKZ,JBVHSUWY,234536.5
NAQIHUKZ,MIRCVAMV,952.9911
NAQIHUKZ,AANGBULD,77317.22
NAQIHUKZ,WHPUAOID,27154.926
NAQIHUKZ,UQYUIVVR,3807715.5
NAQIHUKZ,FWUCPMMW,69.079445
NAQIHUKZ,IGDVVKUD,2399.0186
NAQIHUKZ,FDXPMYGF,6526.381
NAQIHUKZ,QSDCUCLB,2.2652092
NAQIHUKZ,YSYHGLQK,3938.7385
NAQIHUKZ,PYZMVUWD,132.08232
NAQIHUKZ,HCDTGMST,144897.27
NAQIHUKZ,JSLXRQOK,144.79869
NAQIHUKZ,XIIEJNEE,992.06055
NAQIHUKZ,BLANHGYY,206.26974
NAQIHUKZ,DJBLNPNC,25.959978
NAQIHUKZ,ANWUJOKX,1.2700074
NAQIHUKZ,GMBFCMIU,1.8359294
NAQIHUKZ,TGOELCAG,50307.754
NAQIHUKZ,RUVXNNVA,4.2051
NAQIHUKZ,TANNMIMB,27.287832
NAQIHUKZ,GIKPEWTY,0.23678114
NAQIHUKZ,PLMZALFA,1.8359294
NAQIHUKZ,KFQSHBNH,20670.004
NAQIHUKZ,RJCAXSGH,16338.888
MIRCVAMV,DEWLVASR,234304.66
MIRCVAMV,ELQGMQWE,455767.97
MIRCVAMV,AHMDUILJ,99765.69
MIRCVAMV,XIPPENFQ,116197.86
MIRCVAMV,FTSVTTSR,183778.05
MIRCVAMV,XMKRPGLB,801397.3
MIRCVAMV,RCBZUSIM,7443.862
MIRCVAMV,SUOYXCHP,337.40924
MIRCVAMV,ZKENOUDA,282622.88
MIRCVAMV,WQMVCOEM,2016.9742
MIRCVAMV,BSRMSVTC,129424.25
MIRCVAMV,DDEXPPXU,25846.355
MIRCVAMV,LLHREMKS,27469.557
MIRCVAMV,DNMPSKTB,4773149.5
MIRCVAMV,WPQXWHYO,10731336.0
MIRCVAMV,VWMBASNE,166408.4
MIRCVAMV,RJGPVEXX,579440.6
MIRCVAMV,ATLDMDBO,39913452.0
MIRCVAMV,SAHWCZNH,1991509.8
MIRCVAMV,LUENUFGA,3457567.2
MIRCVAMV,HXYSSRXE,5704529.5
MIRCVAMV,QRKRBYJL,1757286.5
MIRCVAMV,FRHNWLNI,1045425.75
MIRCVAMV,MBSBZBXA,4463305.5
MIRCVAMV,BJALXPFS,175521.98
MIRCVAMV,RAWUKQMJ,3340461.5
MIRCVAMV,ZGJXVMNI,2540981.0
MIRCVAMV,LRVGFDFM,4884715.5
MIRCVAMV,BTMOEMEP,12608432.0
MIRCVAMV,UXSPKBJR,310447.1
MIRCVAMV,BEZYMBBT,3461711.2
MIRCVAMV,SAAYMURU,25730.59
MIRCVAMV,QJQJSWFU,126162.22
MIRCVAMV,EVBVXETX,4890183.0
MIRCVAMV,DUCMGGNW,1170990.1
MIRCVAMV,OJIFIHMZ,1204497.1
MIRCVAMV,STZDBITS,40089010.0
MIRCVAMV,SNHYOVBM,468497.06
MIRCVAMV,LPHPPJUG,1315507.8
MIRCVAMV,FCYBOAXC,107256744.0
MIRCVAMV,JPBRUTWP,5251666.5
MIRCVAMV,LTOYKIML,346740.0
MIRCVAMV,QVLMOEYE,1234124.5
MIRCVAMV,JERHKLYW,5451.52
MIRCVAMV,ZXERAXWP,13634.52
MIRCVAMV,LSOIUSXD,96358.984
MIRCVAMV,XUOIQPFL,2385879.0
MIRCVAMV,WBLJNPZQ,151458.27
MIRCVAMV,OXKURKXR,103807.83
MIRCVAMV,AXULOHBQ,62641.09
MIRCVAMV,DBWLZWNK,161481.06
MIRCVAMV,NZKBIBNU,202534.97
MIRCVAMV,OKMBFVKS,1767232.4
MIRCVAMV,VUAFAIYJ,426116.34
MIRCVAMV,CCLHWFWF,18772932.0
MIRCVAMV,OGAFEHLU,51.46762
MIRCVAMV,SDWAYPIK,4273016.5
MIRCVAMV,UIFPPCLR,4684.7935
MIRCVAMV,KEUWZRKO,325412.22
MIRCVAMV,FQCLOEXA,1643442.9
MIRCVAMV,APQGTRMF,1412.4186
MIRCVAMV,ZCELVYQU,9714.247
MIRCVAMV,KAGJCHMR,5253.931
MIRCVAMV,KJNSOAHR,8982509.0
MIRCVAMV,QKXNTIIB,1442716.8
MIRCVAMV,GKQIJYDH,12393841.0
MIRCVAMV,VBYCLTYZ,305621.78
MIRCVAMV,GYHKIVQT,12119907.0
MIRCVAMV,ROACSLMG,1973945.5
MIRCVAMV,VMAQSTJE,60065.25
MIRCVAMV,XIFHSOWQ,45667.33
MIRCVAMV,FITUEHWN,109308.15
MIRCVAMV,UGEQLMXM,128959.63
MIRCVAMV,BUZIIBYG,17297968.0
MIRCVAMV,JBVHSUWY,234287.45
MIRCVAMV,NAQIHUKZ,16.786129
MIRCVAMV,AANGBULD,77208.31
MIRCVAMV,WHPUAOID,27150.473
MIRCVAMV,UQYUIVVR,3807701.0
MIRCVAMV,FWUCPMMW,69.530975
MIRCVAMV,IGDVVKUD,2402.9917
MIRCVAMV,FDXPMYGF,6555.029
MIRCVAMV,QSDCUCLB,1.0124586
MIRCVAMV,YSYHGLQK,3928.1387
MIRCVAMV,PYZMVUWD,131.34135
MIRCVAMV,HCDTGMST,144254.61
MIRCVAMV,JSLXRQOK,144.73433
MIRCVAMV,XIIEJNEE,987.78815
MIRCVAMV,BLANHGYY,206.35872
MIRCVAMV,DJBLNPNC,25.772953
MIRCVAMV,ANWUJOKX,0.9706042
MIRCVAMV,GMBFCMIU,0.49530318
MIRCVAMV,TGOELCAG,50163.883
MIRCVAMV,RUVXNNVA,1.7938206
MIRCVAMV,TANNMIMB,24.84699
MIRCVAMV,GIKPEWTY,0.07577906
MIRCVAMV,PLMZALFA,0.49530318
MIRCVAMV,KFQSHBNH,20721.342
MIRCVAMV,RJCAXSGH,16364.043
AANGBULD,DEWLVASR,234276.06
AANGBULD,ELQGMQWE,455712.3
AANGBULD,AHMDUILJ,102928.2
AANGBULD,XIPPENFQ,116183.67
AANGBULD,FTSVTTSR,183704.81
AANGBULD,XMKRPGLB,799960.25
AANGBULD,RCBZUSIM,7440.6816
AANGBULD,SUOYXCHP,337.17227
AANGBULD,ZKENOUDA,282588.38
AANGBULD,WQMVCOEM,2016.1104
AANGBULD,BSRMSVTC,129192.164
AANGBULD,DDEXPPXU,25836.055
AANGBULD,LLHREMKS,27527.041
AANGBULD,DNMPSKTB,4813872.0
AANGBULD,WPQXWHYO,10849388.0
AANGBULD,VWMBASNE,166342.08
AANGBULD,RJGPVEXX,578829.75
AANGBULD,ATLDMDBO,39907440.0
AANGBULD,SAHWCZNH,1991183.1
AANGBULD,LUENUFGA,3457145.0
AANGBULD,HXYSSRXE,5779148.0
AANGBULD,QRKRBYJL,1760042.1
AANGBULD,FRHNWLNI,1044323.7
AANGBULD,MBSBZBXA,4477301.5
AANGBULD,BJALXPFS,175500.56
AANGBULD,RAWUKQMJ,3336943.0
AANGBULD,ZGJXVMNI,2541262.0
AANGBULD,LRVGFDFM,4879175.0
AANGBULD,BTMOEMEP,12606820.0
AANGBULD,UXSPKBJR,310409.2
AANGBULD,BEZYMBBT,3461202.8
AANGBULD,SAAYMURU,25720.334
AANGBULD,QJQJSWFU,126393.086
AANGBULD,EVBVXETX,4948398.0
AANGBULD,DUCMGGNW,1170847.1
AANGBULD,OJIFIHMZ,1202337.2
AANGBULD,STZDBITS,40083890.0
AANGBULD,SNHYOVBM,469905.66
AANGBULD,LPHPPJUG,1310058.0
AANGBULD,FCYBOAXC,134004850.0
AANGBULD,JPBRUTWP,5302410.0
AANGBULD,LTOYKIML,346697.66
AANGBULD,QVLMOEYE,1239731.2
AANGBULD,JERHKLYW,5449.347
AANGBULD,ZXERAXWP,13632.855
AANGBULD,LSOIUSXD,96186.19
AANGBULD,XUOIQPFL,2383548.0
AANGBULD,WBLJNPZQ,151439.78
AANGBULD,OXKURKXR,103795.16
AANGBULD,AXULOHBQ,62830.035
AANGBULD,DBWLZWNK,161191.5
AANGBULD,NZKBIBNU,204075.39
AANGBULD,OKMBFVKS,1766981.4
AANGBULD,VUAFAIYJ,425946.53
AANGBULD,CCLHWFWF,18770536.0
AANGBULD,OGAFEHLU,51.40233
AANGBULD,SDWAYPIK,4272495.0
AANGBULD,UIFPPCLR,4682.926
AANGBULD,KEUWZRKO,325372.5
AANGBULD,FQCLOEXA,1643624.6
AANGBULD,APQGTRMF,1416.669
AANGBULD,ZCELVYQU,9713.015
AANGBULD,KAGJCHMR,5250.254
AANGBULD,KJNSOAHR,8981361.0
AANGBULD,QKXNTIIB,1442540.8
AANGBULD,GKQIJYDH,12384081.0
AANGBULD,VBYCLTYZ,306101.06
AANGBULD,GYHKIVQT,12112535.0
AANGBULD,ROACSLMG,1988425.9
AANGBULD,VMAQSTJE,60159.44
AANGBULD,XIFHSOWQ,45661.754
AANGBULD,FITUEHWN,109294.805
AANGBULD,UGEQLMXM,128943.89
AANGBULD,BUZIIBYG,17480552.0
AANGBULD,JBVHSUWY,234194.08
AANGBULD,NAQIHUKZ,16.759062
AANGBULD,MIRCVAMV,954.4155
AANGBULD,WHPUAOID,27139.65
AANGBULD,UQYUIVVR,3806183.2
AANGBULD,FWUCPMMW,69.58363
AANGBULD,IGDVVKUD,2402.0315
AANGBULD,FDXPMYGF,6410.852
AANGBULD,QSDCUCLB,0.83985925
AANGBULD,YSYHGLQK,3925.3892
AANGBULD,PYZMVUWD,131.53397
AANGBULD,HCDTGMST,144459.19
AANGBULD,JSLXRQOK,144.67194
AANGBULD,XIIEJNEE,987.3648
AANGBULD,BLANHGYY,206.66646
AANGBULD,DJBLNPNC,25.76807
AANGBULD,ANWUJOKX,1.1611645
AANGBULD,GMBFCMIU,1.4957297
AANGBULD,TGOELCAG,50165.75
AANGBULD,RUVXNNVA,2.120472
AANGBULD,TANNMIMB,28.809961
AANGBULD,GIKPEWTY,0.18123308
AANGBULD,PLMZALFA,1.4957297
AANGBULD,KFQSHBNH,20701.924
AANGBULD,RJCAXSGH,16356.631
WHPUAOID,DEWLVASR,234308.23
WHPUAOID,ELQGMQWE,455774.9
WHPUAOID,AHMDUILJ,101115.805
WHPUAOID,XIPPENFQ,116199.63
WHPUAOID,FTSVTTSR,183780.86
WHPUAOID,XMKRPGLB,801409.5
WHPUAOID,RCBZUSIM,7443.9756
WHPUAOID,SUOYXCHP,337.50897
WHPUAOID,ZKENOUDA,282606.44
WHPUAOID,WQMVCOEM,2018.5896
WHPUAOID,BSRMSVTC,129426.23
WHPUAOID,DDEXPPXU,25846.75
WHPUAOID,LLHREMKS,27696.684
WHPUAOID,DNMPSKTB,4804676.0
WHPUAOID,WPQXWHYO,10794667.0
WHPUAOID,VWMBASNE,166410.94
WHPUAOID,RJGPVEXX,576951.0
WHPUAOID,ATLDMDBO,39910028.0
WHPUAOID,SAHWCZNH,1991456.5
WHPUAOID,LUENUFGA,3457620.0
WHPUAOID,HXYSSRXE,5710201.5
WHPUAOID,QRKRBYJL,1757313.4
WHPUAOID,FRHNWLNI,1041010.44
WHPUAOID,MBSBZBXA,4463029.0
WHPUAOID,BJALXPFS,175524.66
WHPUAOID,RAWUKQMJ,3336621.8
WHPUAOID,ZGJXVMNI,2541424.5
WHPUAOID,LRVGFDFM,4884413.0
WHPUAOID,BTMOEMEP,12607638.0
WHPUAOID,UXSPKBJR,310429.03
WHPUAOID,BEZYMBBT,3461678.2
WHPUAOID,SAAYMURU,25730.982
WHPUAOID,QJQJSWFU,126236.6
WHPUAOID,EVBVXETX,4924440.5
WHPUAOID,DUCMGGNW,1171007.9
WHPUAOID,OJIFIHMZ,1204515.5
WHPUAOID,STZDBITS,40086490.0
WHPUAOID,SNHYOVBM,469140.44
WHPUAOID,LPHPPJUG,1319974.1
WHPUAOID,FCYBOAXC,109909224.0
WHPUAOID,JPBRUTWP,5261909.0
WHPUAOID,LTOYKIML,346745.28
WHPUAOID,QVLMOEYE,1237432.6
WHPUAOID,JERHKLYW,5451.6035
WHPUAOID,ZXERAXWP,13634.728
WHPUAOID,LSOIUSXD,96360.45
WHPUAOID,XUOIQPFL,2383875.2
WHPUAOID,WBLJNPZQ,151460.58
WHPUAOID,OXKURKXR,103809.414
WHPUAOID,AXULOHBQ,62642.047
WHPUAOID,DBWLZWNK,161483.53
WHPUAOID,NZKBIBNU,201665.72
WHPUAOID,OKMBFVKS,1764608.6
WHPUAOID,VUAFAIYJ,426122.84
WHPUAOID,CCLHWFWF,18771752.0
WHPUAOID,OGAFEHLU,51.21766
WHPUAOID,SDWAYPIK,4272752.0
WHPUAOID,UIFPPCLR,4684.8647
WHPUAOID,KEUWZRKO,325393.28
WHPUAOID,FQCLOEXA,1643729.6
WHPUAOID,APQGTRMF,1432.2874
WHPUAOID,ZCELVYQU,9714.3955
WHPUAOID,KAGJCHMR,5255.4897
WHPUAOID,KJNSOAHR,8981943.0
WHPUAOID,QKXNTIIB,1442738.9
WHPUAOID,GKQIJYDH,12393061.0
WHPUAOID,VBYCLTYZ,305626.47
WHPUAOID,GYHKIVQT,12119144.0
WHPUAOID,ROACSLMG,1975523.6
WHPUAOID,VMAQSTJE,60066.168
WHPUAOID,XIFHSOWQ,45668.027
WHPUAOID,FITUEHWN,109309.82
WHPUAOID,UGEQLMXM,128961.6
WHPUAOID,BUZIIBYG,17373884.0
WHPUAOID,JBVHSUWY,234291.03
WHPUAOID,NAQIHUKZ,16.669273
WHPUAOID,MIRCVAMV,951.88226
WHPUAOID,AANGBULD,77250.14
WHPUAOID,UQYUIVVR,3807759.0
WHPUAOID,FWUCPMMW,69.462036
WHPUAOID,IGDVVKUD,2403.0251
WHPUAOID,FDXPMYGF,6578.818
WHPUAOID,QSDCUCLB,1.7954619
WHPUAOID,YSYHGLQK,3929.3079
WHPUAOID,PYZMVUWD,131.67674
WHPUAOID,HCDTGMST,144725.05
WHPUAOID,JSLXRQOK,144.85098
WHPUAOID,XIIEJNEE,987.8334
WHPUAOID,BLANHGYY,206.30583
WHPUAOID,DJBLNPNC,25.850786
WHPUAOID,ANWUJOKX,1.0507956
WHPUAOID,GMBFCMIU,0.8867165
WHPUAOID,TGOELCAG,50205.188
WHPUAOID,RUVXNNVA,3.7375422
WHPUAOID,TANNMIMB,24.672342
WHPUAOID,GIKPEWTY,0.13118824
WHPUAOID,PLMZALFA,0.8867165
WHPUAOID,KFQSHBNH,20695.43
WHPUAOID,RJCAXSGH,16358.986
UQYUIVVR,DEWLVASR,234335.72
UQYUIVVR,ELQGMQWE,455828.38
UQYUIVVR,AHMDUILJ,101081.0
UQYUIVVR,XIPPENFQ,116213.26
UQYUIVVR,FTSVTTSR,183802.42
UQYUIVVR,XMKRPGLB,801503.56
UQYUIVVR,RCBZUSIM,7446.0137
UQYUIVVR,SUOYXCHP,337.6961
UQYUIVVR,ZKENOUDA,282660.34
UQYUIVVR,WQMVCOEM,2018.6849
UQYUIVVR,BSRMSVTC,129441.41
UQYUIVVR,DDEXPPXU,25873.633
UQYUIVVR,LLHREMKS,28469.975
UQYUIVVR,DNMPSKTB,4829027.0
UQYUIVVR,WPQXWHYO,10841486.0
UQYUIVVR,VWMBASNE,166430.47
UQYUIVVR,RJGPVEXX,579374.9
UQYUIVVR,ATLDMDBO,39918856.0
UQYUIVVR,SAHWCZNH,1991690.1
UQYUIVVR,LUENUFGA,3458025.5
UQYUIVVR,HXYSSRXE,5735383.0
UQYUIVVR,QRKRBYJL,1757519.5
UQYUIVVR,FRHNWLNI,1043526.25
UQYUIVVR,MBSBZBXA,4478442.0
UQYUIVVR,BJALXPFS,175545.25
UQYUIVVR,RAWUKQMJ,3333476.0
UQYUIVVR,ZGJXVMNI,2541977.2
UQYUIVVR,LRVGFDFM,4881767.5
UQYUIVVR,BTMOEMEP,12610067.0
UQYUIVVR,UXSPKBJR,310488.25
UQYUIVVR,BEZYMBBT,3462176.8
UQYUIVVR,SAAYMURU,25723.719
UQYUIVVR,QJQJSWFU,126117.47
UQYUIVVR,EVBVXETX,5126398.0
UQYUIVVR,DUCMGGNW,1171145.2
UQYUIVVR,OJIFIHMZ,1204656.9
UQYUIVVR,STZDBITS,40094210.0
UQYUIVVR,SNHYOVBM,468944.06
UQYUIVVR,LPHPPJUG,1309988.0
UQYUIVVR,FCYBOAXC,155645340.0
UQYUIVVR,JPBRUTWP,5285209.5
UQYUIVVR,LTOYKIML,346785.97
UQYUIVVR,QVLMOEYE,1239030.4
UQYUIVVR,JERHKLYW,5453.096
UQYUIVVR,ZXERAXWP,13630.879
UQYUIVVR,LSOIUSXD,96371.76
UQYUIVVR,XUOIQPFL,2384218.8
UQYUIVVR,WBLJNPZQ,151478.34
UQYUIVVR,OXKURKXR,103821.59
UQYUIVVR,AXULOHBQ,62649.395
UQYUIVVR,DBWLZWNK,161502.47
UQYUIVVR,NZKBIBNU,201300.05
UQYUIVVR,OKMBFVKS,1764859.4
UQYUIVVR,VUAFAIYJ,426172.84
UQYUIVVR,CCLHWFWF,18775368.0
UQYUIVVR,OGAFEHLU,52.999153
UQYUIVVR,SDWAYPIK,4273583.0
UQYUIVVR,UIFPPCLR,4683.5425
UQYUIVVR,KEUWZRKO,325455.34
UQYUIVVR,FQCLOEXA,1644087.1
UQYUIVVR,APQGTRMF,1414.7328
UQYUIVVR,ZCELVYQU,9711.653
UQYUIVVR,KAGJCHMR,5257.27
UQYUIVVR,KJNSOAHR,8983674.0
UQYUIVVR,QKXNTIIB,1442908.1
UQYUIVVR,GKQIJYDH,12390697.0
UQYUIVVR,VBYCLTYZ,305662.3
UQYUIVVR,GYHKIVQT,12115654.0
UQYUIVVR,ROACSLMG,1995808.6
UQYUIVVR,VMAQSTJE,60073.21
UQYUIVVR,XIFHSOWQ,45673.383
UQYUIVVR,FITUEHWN,109322.64
UQYUIVVR,UGEQLMXM,128976.73
UQYUIVVR,BUZIIBYG,18060540.0
UQYUIVVR,JBVHSUWY,234318.52
UQYUIVVR,NAQIHUKZ,17.362583
UQYUIVVR,MIRCVAMV,953.2978
UQYUIVVR,AANGBULD,77178.34
UQYUIVVR,WHPUAOID,27154.072
UQYUIVVR,FWUCPMMW,69.55143
UQYUIVVR,IGDVVKUD,2405.5242
UQYUIVVR,FDXPMYGF,6578.2217
UQYUIVVR,QSDCUCLB,1.788672
UQYUIVVR,YSYHGLQK,3930.6387
UQYUIVVR,PYZMVUWD,131.35516
UQYUIVVR,HCDTGMST,144701.6
UQYUIVVR,JSLXRQOK,144.77625
UQYUIVVR,XIIEJNEE,988.6428
UQYUIVVR,BLANHGYY,206.59517
UQYUIVVR,DJBLNPNC,25.762594
UQYUIVVR,ANWUJOKX,1.0978603
UQYUIVVR,GMBFCMIU,1.9046631
UQYUIVVR,TGOELCAG,50268.285
UQYUIVVR,RUVXNNVA,3.4703588
UQYUIVVR,TANNMIMB,28.050827
UQYUIVVR,GIKPEWTY,0.13358012
UQYUIVVR,PLMZALFA,1.9046631
UQYUIVVR,KFQSHBNH,20714.05
UQYUIVVR,RJCAXSGH,16357.832
FWUCPMMW,DEWLVASR,234315.83
FWUCPMMW,ELQGMQWE,455789.7
FWUCPMMW,AHMDUILJ,100204.51
FWUCPMMW,XIPPENFQ,116203.4
FWUCPMMW,FTSVTTSR,183806.8
FWUCPMMW,XMKRPGLB,801522.6
FWUCPMMW,RCBZUSIM,7445.0264
FWUCPMMW,SUOYXCHP,337.46185
FWUCPMMW,ZKENOUDA,281958.72
FWUCPMMW,WQMVCOEM,2016.5298
FWUCPMMW,BSRMSVTC,129444.49
FWUCPMMW,DDEXPPXU,25850.398
FWUCPMMW,LLHREMKS,27453.396
FWUCPMMW,DNMPSKTB,4779827.5
FWUCPMMW,WPQXWHYO,10717488.0
FWUCPMMW,VWMBASNE,166434.44
FWUCPMMW,RJGPVEXX,577166.75
FWUCPMMW,ATLDMDBO,39892292.0
FWUCPMMW,SAHWCZNH,1991604.8
FWUCPMMW,LUENUFGA,3457732.0
FWUCPMMW,HXYSSRXE,5686540.0
FWUCPMMW,QRKRBYJL,1757561.4
FWUCPMMW,FRHNWLNI,1043135.2
FWUCPMMW,MBSBZBXA,4463173.5
FWUCPMMW,BJALXPFS,175530.36
FWUCPMMW,RAWUKQMJ,3334286.8
FWUCPMMW,ZGJXVMNI,2538375.0
FWUCPMMW,LRVGFDFM,4885102.0
FWUCPMMW,BTMOEMEP,12608071.0
FWUCPMMW,UXSPKBJR,309717.56
FWUCPMMW,BEZYMBBT,3462239.5
FWUCPMMW,SAAYMURU,25734.613
FWUCPMMW,QJQJSWFU,126262.73
FWUCPMMW,EVBVXETX,4891311.5
FWUCPMMW,DUCMGGNW,1171045.9
FWUCPMMW,OJIFIHMZ,1204685.5
FWUCPMMW,STZDBITS,40087864.0
FWUCPMMW,SNHYOVBM,468153.16
FWUCPMMW,LPHPPJUG,1314033.2
FWUCPMMW,FCYBOAXC,110115064.0
FWUCPMMW,JPBRUTWP,5225159.5
FWUCPMMW,LTOYKIML,346756.53
FWUCPMMW,QVLMOEYE,1235231.4
FWUCPMMW,JERHKLYW,5452.373
FWUCPMMW,ZXERAXWP,13641.882
FWUCPMMW,LSOIUSXD,96374.055
FWUCPMMW,XUOIQPFL,2386243.2
FWUCPMMW,WBLJNPZQ,151465.48
FWUCPMMW,OXKURKXR,103812.78
FWUCPMMW,AXULOHBQ,62644.08
FWUCPMMW,DBWLZWNK,161506.33
FWUCPMMW,NZKBIBNU,201497.5
FWUCPMMW,OKMBFVKS,1763355.2
FWUCPMMW,VUAFAIYJ,426183.0
FWUCPMMW,CCLHWFWF,18772396.0
FWUCPMMW,OGAFEHLU,51.13753
FWUCPMMW,SDWAYPIK,4272890.5
FWUCPMMW,UIFPPCLR,4685.5264
FWUCPMMW,KEUWZRKO,324647.5
FWUCPMMW,FQCLOEXA,1641929.5
FWUCPMMW,APQGTRMF,1411.3804
FWUCPMMW,ZCELVYQU,9718.408
FWUCPMMW,KAGJCHMR,5254.753
FWUCPMMW,KJNSOAHR,8982252.0
FWUCPMMW,QKXNTIIB,1442785.6
FWUCPMMW,GKQIJYDH,12394834.0
FWUCPMMW,VBYCLTYZ,305669.6
FWUCPMMW,GYHKIVQT,12119560.0
FWUCPMMW,ROACSLMG,1966746.8
FWUCPMMW,VMAQSTJE,60074.645
FWUCPMMW,XIFHSOWQ,45691.984
FWUCPMMW,FITUEHWN,109367.17
FWUCPMMW,UGEQLMXM,128965.78
FWUCPMMW,BUZIIBYG,17291172.0
FWUCPMMW,JBVHSUWY,234324.11
FWUCPMMW,NAQIHUKZ,16.72461
FWUCPMMW,MIRCVAMV,952.299
FWUCPMMW,AANGBULD,77220.38
FWUCPMMW,WHPUAOID,27154.719
FWUCPMMW,UQYUIVVR,3808296.5
FWUCPMMW,IGDVVKUD,2403.3655
FWUCPMMW,FDXPMYGF,6517.081
FWUCPMMW,QSDCUCLB,2.2510836
FWUCPMMW,YSYHGLQK,3928.7568
FWUCPMMW,PYZMVUWD,131.09477
FWUCPMMW,HCDTGMST,144531.67
FWUCPMMW,JSLXRQOK,144.70222
FWUCPMMW,XIIEJNEE,986.8249
FWUCPMMW,BLANHGYY,206.2064
FWUCPMMW,DJBLNPNC,25.737658
FWUCPMMW,ANWUJOKX,1.0031655
FWUCPMMW,GMBFCMIU,1.1110764
FWUCPMMW,TGOELCAG,50230.617
FWUCPMMW,RUVXNNVA,4.4291754
FWUCPMMW,TANNMIMB,27.936775
FWUCPMMW,GIKPEWTY,0.09725638
FWUCPMMW,PLMZALFA,1.1110764
FWUCPMMW,KFQSHBNH,20697.227
FWUCPMMW,RJCAXSGH,16345.715
IGDVVKUD,DEWLVASR,234311.81
IGDVVKUD,ELQGMQWE,455781.88
IGDVVKUD,AHMDUILJ,101601.06
IGDVVKUD,XIPPENFQ,116201.41
IGDVVKUD,FTSVTTSR,183783.66
IGDVVKUD,XMKRPGLB,801421.75
IGDVVKUD,RCBZUSIM,7444.089
IGDVVKUD,SUOYXCHP,337.5143
IGDVVKUD,ZKENOUDA,282610.75
IGDVVKUD,WQMVCOEM,2018.6213
IGDVVKUD,BSRMSVTC,129428.195
IGDVVKUD,DDEXPPXU,25847.145
IGDVVKUD,LLHREMKS,27707.225
IGDVVKUD,DNMPSKTB,4809549.0
IGDVVKUD,WPQXWHYO,10794729.0
IGDVVKUD,VWMBASNE,166413.48
IGDVVKUD,RJGPVEXX,577473.94
IGDVVKUD,ATLDMDBO,39910028.0
IGDVVKUD,SAHWCZNH,1991486.9
IGDVVKUD,LUENUFGA,3457672.8
IGDVVKUD,HXYSSRXE,5698961.5
IGDVVKUD,QRKRBYJL,1757340.1
IGDVVKUD,FRHNWLNI,1041954.06
IGDVVKUD,MBSBZBXA,4463097.0
IGDVVKUD,BJALXPFS,175527.34
IGDVVKUD,RAWUKQMJ,3341267.5
IGDVVKUD,ZGJXVMNI,2540765.2
IGDVVKUD,LRVGFDFM,4884487.5
IGDVVKUD,BTMOEMEP,12607854.0
IGDVVKUD,UXSPKBJR,310433.78
IGDVVKUD,BEZYMBBT,3461671.5
IGDVVKUD,SAAYMURU,25731.375
IGDVVKUD,QJQJSWFU,126238.53
IGDVVKUD,EVBVXETX,4930126.0
IGDVVKUD,DUCMGGNW,1171025.8
IGDVVKUD,OJIFIHMZ,1204533.9
IGDVVKUD,STZDBITS,40087176.0
IGDVVKUD,SNHYOVBM,469144.0
IGDVVKUD,LPHPPJUG,1316853.4
IGDVVKUD,FCYBOAXC,114349220.0
IGDVVKUD,JPBRUTWP,5262912.5
IGDVVKUD,LTOYKIML,346750.56
IGDVVKUD,QVLMOEYE,1240121.5
IGDVVKUD,JERHKLYW,5451.6865
IGDVVKUD,ZXERAXWP,13634.937
IGDVVKUD,LSOIUSXD,96361.92
IGDVVKUD,XUOIQPFL,2385851.8
IGDVVKUD,WBLJNPZQ,151462.89
IGDVVKUD,OXKURKXR,103811.0
IGDVVKUD,AXULOHBQ,62643.004
IGDVVKUD,DBWLZWNK,161485.98
IGDVVKUD,NZKBIBNU,201848.5
IGDVVKUD,OKMBFVKS,1766610.6
IGDVVKUD,VUAFAIYJ,426129.34
IGDVVKUD,CCLHWFWF,18772072.0
IGDVVKUD,OGAFEHLU,51.30084
IGDVVKUD,SDWAYPIK,4272817.0
IGDVVKUD,UIFPPCLR,4684.9365
IGDVVKUD,KEUWZRKO,325398.25
IGDVVKUD,FQCLOEXA,1643303.4
IGDVVKUD,APQGTRMF,1432.2976
IGDVVKUD,ZCELVYQU,9714.544
IGDVVKUD,KAGJCHMR,5255.5703
IGDVVKUD,KJNSOAHR,8982097.0
IGDVVKUD,QKXNTIIB,1442760.9
IGDVVKUD,GKQIJYDH,12393273.0
IGDVVKUD,VBYCLTYZ,305631.12
IGDVVKUD,GYHKIVQT,12119352.0
IGDVVKUD,ROACSLMG,1970071.4
IGDVVKUD,VMAQSTJE,60067.082
IGDVVKUD,XIFHSOWQ,45668.723
IGDVVKUD,FITUEHWN,109311.484
IGDVVKUD,UGEQLMXM,128963.57
IGDVVKUD,BUZIIBYG,17420140.0
IGDVVKUD,JBVHSUWY,234294.61
IGDVVKUD,NAQIHUKZ,16.743238
IGDVVKUD,MIRCVAMV,951.8891
IGDVVKUD,AANGBULD,77331.59
IGDVVKUD,WHPUAOID,27151.3
IGDVVKUD,UQYUIVVR,3807817.0
IGDVVKUD,FWUCPMMW,69.53579
IGDVVKUD,FDXPMYGF,6578.9185
IGDVVKUD,QSDCUCLB,1.912317
IGDVVKUD,YSYHGLQK,3929.368
IGDVVKUD,PYZMVUWD,131.67769
IGDVVKUD,HCDTGMST,144727.27
IGDVVKUD,JSLXRQOK,144.85327
IGDVVKUD,XIIEJNEE,987.84894
IGDVVKUD,BLANHGYY,206.30731
IGDVVKUD,DJBLNPNC,25.878899
IGDVVKUD,ANWUJOKX,1.0356951
IGDVVKUD,GMBFCMIU,1.1089561
IGDVVKUD,TGOELCAG,50258.12
IGDVVKUD,RUVXNNVA,3.7585306
IGDVVKUD,TANNMIMB,24.862722
IGDVVKUD,GIKPEWTY,0.11598553
IGDVVKUD,PLMZALFA,1.1089561
IGDVVKUD,KFQSHBNH,20695.746
IGDVVKUD,RJCAXSGH,16359.236
FDXPMYGF,DEWLVASR,234311.81
FDXPMYGF,ELQGMQWE,455781.88
FDXPMYGF,AHMDUILJ,101574.414
FDXPMYGF,XIPPENFQ,116201.41
FDXPMYGF,FTSVTTSR,183783.66
FDXPMYGF,XMKRPGLB,801421.75
FDXPMYGF,RCBZUSIM,7444.089
FDXPMYGF,SUOYXCHP,337.5143
FDXPMYGF,ZKENOUDA,282610.75
FDXPMYGF,WQMVCOEM,2018.6213
FDXPMYGF,BSRMSVTC,129428.195
FDXPMYGF,DDEXPPXU,25847.145
FDXPMYGF,LLHREMKS,27745.303
FDXPMYGF,DNMPSKTB,4822575.0
FDXPMYGF,WPQXWHYO,10809090.0
FDXPMYGF,VWMBASNE,166413.48
FDXPMYGF,RJGPVEXX,578774.0
FDXPMYGF,ATLDMDBO,39910028.0
FDXPMYGF,SAHWCZNH,1991486.9
FDXPMYGF,LUENUFGA,3457672.8
FDXPMYGF,HXYSSRXE,5678530.5
FDXPMYGF,QRKRBYJL,1757340.1
FDXPMYGF,FRHNWLNI,1044299.75
FDXPMYGF,MBSBZBXA,4463097.0
FDXPMYGF,BJALXPFS,175527.34
FDXPMYGF,RAWUKQMJ,3345903.8
FDXPMYGF,ZGJXVMNI,2540765.2
FDXPMYGF,LRVGFDFM,4884487.5
FDXPMYGF,BTMOEMEP,12607854.0
FDXPMYGF,UXSPKBJR,310433.78
FDXPMYGF,BEZYMBBT,3461671.5
FDXPMYGF,SAAYMURU,25731.375
FDXPMYGF,QJQJSWFU,126238.53
FDXPMYGF,EVBVXETX,4891353.5
FDXPMYGF,DUCMGGNW,1171025.8
FDXPMYGF,OJIFIHMZ,1204533.9
FDXPMYGF,STZDBITS,40087176.0
FDXPMYGF,SNHYOVBM,468897.1
FDXPMYGF,LPHPPJUG,1321333.1
FDXPMYGF,FCYBOAXC,116236610.0
FDXPMYGF,JPBRUTWP,5211553.5
FDXPMYGF,LTOYKIML,346750.56
FDXPMYGF,QVLMOEYE,1250395.1
FDXPMYGF,JERHKLYW,5451.6865
FDXPMYGF,ZXERAXWP,13634.937
FDXPMYGF,LSOIUSXD,96361.92
FDXPMYGF,XUOIQPFL,2385851.8
FDXPMYGF,WBLJNPZQ,151462.89
FDXPMYGF,OXKURKXR,103811.0
FDXPMYGF,AXULOHBQ,62643.004
FDXPMYGF,DBWLZWNK,161485.98
FDXPMYGF,NZKBIBNU,203677.39
FDXPMYGF,OKMBFVKS,1769062.0
FDXPMYGF,VUAFAIYJ,426129.34
FDXPMYGF,CCLHWFWF,18772072.0
FDXPMYGF,OGAFEHLU,51.565285
FDXPMYGF,SDWAYPIK,4272817.0
FDXPMYGF,UIFPPCLR,4684.9365
FDXPMYGF,KEUWZRKO,325398.25
FDXPMYGF,FQCLOEXA,1643303.4
FDXPMYGF,APQGTRMF,1431.5447
FDXPMYGF,ZCELVYQU,9714.544
FDXPMYGF,KAGJCHMR,5255.5703
FDXPMYGF,KJNSOAHR,8982097.0
FDXPMYGF,QKXNTIIB,1442760.9
FDXPMYGF,GKQIJYDH,12393273.0
FDXPMYGF,VBYCLTYZ,305631.12
FDXPMYGF,GYHKIVQT,12119352.0
FDXPMYGF,ROACSLMG,1957359.1
FDXPMYGF,VMAQSTJE,60067.082
FDXPMYGF,XIFHSOWQ,45668.723
FDXPMYGF,FITUEHWN,109311.484
FDXPMYGF,UGEQLMXM,128963.57
FDXPMYGF,BUZIIBYG,17457560.0
FDXPMYGF,JBVHSUWY,234294.61
FDXPMYGF,NAQIHUKZ,16.832947
FDXPMYGF,MIRCVAMV,951.3885
FDXPMYGF,AANGBULD,77331.59
FDXPMYGF,WHPUAOID,27151.3
FDXPMYGF,UQYUIVVR,3807817.0
FDXPMYGF,FWUCPMMW,69.49873
FDXPMYGF,IGDVVKUD,2403.063
FDXPMYGF,QSDCUCLB,1.4040658
FDXPMYGF,YSYHGLQK,3929.368
FDXPMYGF,PYZMVUWD,131.60799
FDXPMYGF,HCDTGMST,144811.48
FDXPMYGF,JSLXRQOK,144.85327
FDXPMYGF,XIIEJNEE,987.84894
FDXPMYGF,BLANHGYY,206.19841
FDXPMYGF,DJBLNPNC,25.86477
FDXPMYGF,ANWUJOKX,1.1522901
FDXPMYGF,GMBFCMIU,1.1666961
FDXPMYGF,TGOELCAG,50258.12
FDXPMYGF,RUVXNNVA,3.2571297
FDXPMYGF,TANNMIMB,25.607008
FDXPMYGF,GIKPEWTY,0.18235865
FDXPMYGF,PLMZALFA,1.1666961
FDXPMYGF,KFQSHBNH,20695.746
FDXPMYGF,RJCAXSGH,16359.236
QSDCUCLB,DEWLVASR,234303.1
QSDCUCLB,ELQGMQWE,455764.9
QSDCUCLB,AHMDUILJ,103075.75
QSDCUCLB,XIPPENFQ,116209.27
QSDCUCLB,FTSVTTSR,183796.81
QSDCUCLB,XMKRPGLB,801333.1
QSDCUCLB,RCBZUSIM,7445.1543
QSDCUCLB,SUOYXCHP,337.468
QSDCUCLB,ZKENOUDA,282621.0
QSDCUCLB,WQMVCOEM,2018.345
QSDCUCLB,BSRMSVTC,129537.85
QSDCUCLB,DDEXPPXU,25848.994
QSDCUCLB,LLHREMKS,27594.857
QSDCUCLB,DNMPSKTB,4805271.5
QSDCUCLB,WPQXWHYO,10774550.0
QSDCUCLB,VWMBASNE,166425.39
QSDCUCLB,RJGPVEXX,578522.4
QSDCUCLB,ATLDMDBO,39890164.0
QSDCUCLB,SAHWCZNH,1991496.4
QSDCUCLB,LUENUFGA,3457544.0
QSDCUCLB,HXYSSRXE,5731331.5
QSDCUCLB,QRKRBYJL,1757465.9
QSDCUCLB,FRHNWLNI,1043078.5
QSDCUCLB,MBSBZBXA,4462931.0
QSDCUCLB,BJALXPFS,175520.81
QSDCUCLB,RAWUKQMJ,3338690.5
QSDCUCLB,ZGJXVMNI,2539687.2
QSDCUCLB,LRVGFDFM,4883947.0
QSDCUCLB,BTMOEMEP,12607398.0
QSDCUCLB,UXSPKBJR,310445.03
QSDCUCLB,BEZYMBBT,3462051.2
QSDCUCLB,SAAYMURU,25735.055
QSDCUCLB,QJQJSWFU,126255.87
QSDCUCLB,EVBVXETX,4970883.5
QSDCUCLB,DUCMGGNW,1170982.2
QSDCUCLB,OJIFIHMZ,1204400.6
QSDCUCLB,STZDBITS,40085720.0
QSDCUCLB,SNHYOVBM,468240.22
QSDCUCLB,LPHPPJUG,1323453.0
QSDCUCLB,FCYBOAXC,114173120.0
QSDCUCLB,JPBRUTWP,5266151.0
QSDCUCLB,LTOYKIML,346737.7
QSDCUCLB,QVLMOEYE,1240456.2
QSDCUCLB,JERHKLYW,5452.0767
QSDCUCLB,ZXERAXWP,13641.141
QSDCUCLB,LSOIUSXD,96305.33
QSDCUCLB,XUOIQPFL,2386113.5
QSDCUCLB,WBLJNPZQ,151457.25
QSDCUCLB,OXKURKXR,103807.14
QSDCUCLB,AXULOHBQ,62640.67
QSDCUCLB,DBWLZWNK,161391.16
QSDCUCLB,NZKBIBNU,201486.55
QSDCUCLB,OKMBFVKS,1767765.1
QSDCUCLB,VUAFAIYJ,426159.84
QSDCUCLB,CCLHWFWF,18771392.0
QSDCUCLB,OGAFEHLU,52.47126
QSDCUCLB,SDWAYPIK,4272658.0
QSDCUCLB,UIFPPCLR,4682.1846
QSDCUCLB,KEUWZRKO,325410.03
QSDCUCLB,FQCLOEXA,1642778.4
QSDCUCLB,APQGTRMF,1411.645
QSDCUCLB,ZCELVYQU,9718.575
QSDCUCLB,KAGJCHMR,5254.8433
QSDCUCLB,KJNSOAHR,8981772.0
QSDCUCLB,QKXNTIIB,1442444.4
QSDCUCLB,GKQIJYDH,12394006.0
QSDCUCLB,VBYCLTYZ,305597.3
QSDCUCLB,GYHKIVQT,12151387.0
QSDCUCLB,ROACSLMG,1985990.6
QSDCUCLB,VMAQSTJE,60071.38
QSDCUCLB,XIFHSOWQ,45689.504
QSDCUCLB,FITUEHWN,109361.23
QSDCUCLB,UGEQLMXM,128682.1
QSDCUCLB,BUZIIBYG,17473684.0
QSDCUCLB,JBVHSUWY,234311.36
QSDCUCLB,NAQIHUKZ,17.17802
QSDCUCLB,MIRCVAMV,955.2364
QSDCUCLB,AANGBULD,77648.04
QSDCUCLB,WHPUAOID,27155.186
QSDCUCLB,UQYUIVVR,3807396.0
QSDCUCLB,FWUCPMMW,70.135155
QSDCUCLB,IGDVVKUD,2401.4917
QSDCUCLB,FDXPMYGF,6517.193
QSDCUCLB,YSYHGLQK,3940.1929
QSDCUCLB,PYZMVUWD,131.70906
QSDCUCLB,HCDTGMST,144547.25
QSDCUCLB,JSLXRQOK,144.83331
QSDCUCLB,XIIEJNEE,990.57434
QSDCUCLB,BLANHGYY,206.84488
QSDCUCLB,DJBLNPNC,25.989048
QSDCUCLB,ANWUJOKX,1.1477339
QSDCUCLB,GMBFCMIU,1.0985928
QSDCUCLB,TGOELCAG,50508.8
QSDCUCLB,RUVXNNVA,3.4416695
QSDCUCLB,TANNMIMB,26.466866
QSDCUCLB,GIKPEWTY,0.17765091
QSDCUCLB,PLMZALFA,1.0985928
QSDCUCLB,KFQSHBNH,20696.102
QSDCUCLB,RJCAXSGH,16335.74
YSYHGLQK,DEWLVASR,234301.75
YSYHGLQK,ELQGMQWE,455762.3
YSYHGLQK,AHMDUILJ,101193.18
YSYHGLQK,XIPPENFQ,116196.414
YSYHGLQK,FTSVTTSR,183795.75
YSYHGLQK,XMKRPGLB,801474.5
YSYHGLQK,RCBZUSIM,7444.579
YSYHGLQK,SUOYXCHP,337.44168
YSYHGLQK,ZKENOUDA,282619.38
YSYHGLQK,WQMVCOEM,2018.188
YSYHGLQK,BSRMSVTC,129436.72
YSYHGLQK,DDEXPPXU,25848.846
YSYHGLQK,LLHREMKS,27465.418
YSYHGLQK,DNMPSKTB,4800402.5
YSYHGLQK,WPQXWHYO,10757034.0
YSYHGLQK,VWMBASNE,166424.44
YSYHGLQK,RJGPVEXX,578494.8
YSYHGLQK,ATLDMDBO,39888260.0
YSYHGLQK,SAHWCZNH,1991401.5
YSYHGLQK,LUENUFGA,3457524.2
YSYHGLQK,HXYSSRXE,5741260.5
YSYHGLQK,QRKRBYJL,1757455.8
YSYHGLQK,FRHNWLNI,1043028.75
YSYHGLQK,MBSBZBXA,4462905.5
YSYHGLQK,BJALXPFS,175519.81
YSYHGLQK,RAWUKQMJ,3335851.8
YSYHGLQK,ZGJXVMNI,2539566.2
YSYHGLQK,LRVGFDFM,4884808.5
YSYHGLQK,BTMOEMEP,12607301.0
YSYHGLQK,UXSPKBJR,310443.25
YSYHGLQK,BEZYMBBT,3461886.0
YSYHGLQK,SAAYMURU,25733.068
YSYHGLQK,QJQJSWFU,126255.14
YSYHGLQK,EVBVXETX,4953691.0
YSYHGLQK,DUCMGGNW,1170975.5
YSYHGLQK,OJIFIHMZ,1204613.1
YSYHGLQK,STZDBITS,40085416.0
YSYHGLQK,SNHYOVBM,468125.03
YSYHGLQK,LPHPPJUG,1327889.4
YSYHGLQK,FCYBOAXC,137274560.0
YSYHGLQK,JPBRUTWP,5287684.5
YSYHGLQK,LTOYKIML,346735.7
YSYHGLQK,QVLMOEYE,1238127.9
YSYHGLQK,JERHKLYW,5452.0454
YSYHGLQK,ZXERAXWP,13641.0625
YSYHGLQK,LSOIUSXD,96368.266
YSYHGLQK,XUOIQPFL,2385999.8
YSYHGLQK,WBLJNPZQ,151456.39
YSYHGLQK,OXKURKXR,103806.55
YSYHGLQK,AXULOHBQ,62640.316
YSYHGLQK,DBWLZWNK,161496.62
YSYHGLQK,NZKBIBNU,201476.94
YSYHGLQK,OKMBFVKS,1764182.9
YSYHGLQK,VUAFAIYJ,426157.4
YSYHGLQK,CCLHWFWF,18771252.0
YSYHGLQK,OGAFEHLU,51.731174
YSYHGLQK,SDWAYPIK,4272633.5
YSYHGLQK,UIFPPCLR,4685.2446
YSYHGLQK,KEUWZRKO,325408.2
YSYHGLQK,FQCLOEXA,1642700.1
YSYHGLQK,APQGTRMF,1411.2961
YSYHGLQK,ZCELVYQU,9717.824
YSYHGLQK,KAGJCHMR,5254.4375
YSYHGLQK,KJNSOAHR,8981703.0
YSYHGLQK,QKXNTIIB,1442698.9
YSYHGLQK,GKQIJYDH,12394077.0
YSYHGLQK,VBYCLTYZ,305651.25
YSYHGLQK,GYHKIVQT,12118821.0
YSYHGLQK,ROACSLMG,1989269.9
YSYHGLQK,VMAQSTJE,60071.035
YSYHGLQK,XIFHSOWQ,45689.242
YSYHGLQK,FITUEHWN,109360.6
YSYHGLQK,UGEQLMXM,128958.03
YSYHGLQK,BUZIIBYG,17365932.0
YSYHGLQK,JBVHSUWY,234310.03
YSYHGLQK,NAQIHUKZ,16.926422
YSYHGLQK,MIRCVAMV,952.2422
YSYHGLQK,AANGBULD,77223.85
YSYHGLQK,WHPUAOID,27153.088
YSYHGLQK,UQYUIVVR,3808067.8
YSYHGLQK,FWUCPMMW,69.48233
YSYHGLQK,IGDVVKUD,2403.2222
YSYHGLQK,FDXPMYGF,6578.197
YSYHGLQK,QSDCUCLB,1.8991864
YSYHGLQK,PYZMVUWD,131.20335
YSYHGLQK,HCDTGMST,145225.55
YSYHGLQK,JSLXRQOK,144.82199
YSYHGLQK,XIIEJNEE,987.6368
YSYHGLQK,BLANHGYY,206.19406
YSYHGLQK,DJBLNPNC,25.762423
YSYHGLQK,ANWUJOKX,1.0602052
YSYHGLQK,GMBFCMIU,1.4681973
YSYHGLQK,TGOELCAG,50232.87
YSYHGLQK,RUVXNNVA,4.457399
YSYHGLQK,TANNMIMB,24.582117
YSYHGLQK,GIKPEWTY,0.115242645
YSYHGLQK,PLMZALFA,1.4681973
YSYHGLQK,KFQSHBNH,20695.982
YSYHGLQK,RJCAXSGH,16335.647
PYZMVUWD,DEWLVASR,234318.73
PYZMVUWD,ELQGMQWE,455795.34
PYZMVUWD,AHMDUILJ,98723.24
PYZMVUWD,XIPPENFQ,116204.836
PYZMVUWD,FTSVTTSR,183789.1
PYZMVUWD,XMKRPGLB,801445.44
PYZMVUWD,RCBZUSIM,7444.309
PYZMVUWD,SUOYXCHP,337.39923
PYZMVUWD,ZKENOUDA,282639.88
PYZMVUWD,WQMVCOEM,2017.9348
PYZMVUWD,BSRMSVTC,129432.02
PYZMVUWD,DDEXPPXU,25847.91
PYZMVUWD,LLHREMKS,27422.152
PYZMVUWD,DNMPSKTB,4746341.0
PYZMVUWD,WPQXWHYO,10675603.0
PYZMVUWD,VWMBASNE,166418.4
PYZMVUWD,RJGPVEXX,578574.8
PYZMVUWD,ATLDMDBO,39892828.0
PYZMVUWD,SAHWCZNH,1991629.4
PYZMVUWD,LUENUFGA,3457775.0
PYZMVUWD,HXYSSRXE,5662631.0
PYZMVUWD,QRKRBYJL,1757392.1
PYZMVUWD,FRHNWLNI,1043173.0
PYZMVUWD,MBSBZBXA,4463229.0
PYZMVUWD,BJALXPFS,175532.53
PYZMVUWD,RAWUKQMJ,3336233.5
PYZMVUWD,ZGJXVMNI,2539856.8
PYZMVUWD,LRVGFDFM,4884631.5
PYZMVUWD,BTMOEMEP,12608239.0
PYZMVUWD,UXSPKBJR,310465.75
PYZMVUWD,BEZYMBBT,3462282.2
PYZMVUWD,SAAYMURU,25732.135
PYZMVUWD,QJQJSWFU,126264.3
PYZMVUWD,EVBVXETX,4826881.5
PYZMVUWD,DUCMGGNW,1171060.4
PYZMVUWD,OJIFIHMZ,1204569.5
PYZMVUWD,STZDBITS,40088396.0
PYZMVUWD,SNHYOVBM,468108.06
PYZMVUWD,LPHPPJUG,1283683.0
PYZMVUWD,FCYBOAXC,106543320.0
PYZMVUWD,JPBRUTWP,5188063.0
PYZMVUWD,LTOYKIML,346760.8
PYZMVUWD,QVLMOEYE,1231946.8
PYZMVUWD,JERHKLYW,5451.8477
PYZMVUWD,ZXERAXWP,13635.339
PYZMVUWD,LSOIUSXD,96364.77
PYZMVUWD,XUOIQPFL,2386272.8
PYZMVUWD,WBLJNPZQ,151467.36
PYZMVUWD,OXKURKXR,103814.07
PYZMVUWD,AXULOHBQ,62644.855
PYZMVUWD,DBWLZWNK,161490.77
PYZMVUWD,NZKBIBNU,202530.14
PYZMVUWD,OKMBFVKS,1764384.8
PYZMVUWD,VUAFAIYJ,426141.94
PYZMVUWD,CCLHWFWF,18772648.0
PYZMVUWD,OGAFEHLU,51.309856
PYZMVUWD,SDWAYPIK,4272943.5
PYZMVUWD,UIFPPCLR,4685.075
PYZMVUWD,KEUWZRKO,325431.75
PYZMVUWD,FQCLOEXA,1642888.1
PYZMVUWD,APQGTRMF,1411.2443
PYZMVUWD,ZCELVYQU,9714.831
PYZMVUWD,KAGJCHMR,5254.247
PYZMVUWD,KJNSOAHR,8982372.0
PYZMVUWD,QKXNTIIB,1442803.5
PYZMVUWD,GKQIJYDH,12393652.0
PYZMVUWD,VBYCLTYZ,305640.16
PYZMVUWD,GYHKIVQT,12119722.0
PYZMVUWD,ROACSLMG,1944751.2
PYZMVUWD,VMAQSTJE,60068.86
PYZMVUWD,XIFHSOWQ,45670.074
PYZMVUWD,FITUEHWN,109314.72
PYZMVUWD,UGEQLMXM,128967.38
PYZMVUWD,BUZIIBYG,17225204.0
PYZMVUWD,JBVHSUWY,234301.53
PYZMVUWD,NAQIHUKZ,16.751043
PYZMVUWD,MIRCVAMV,951.9481
PYZMVUWD,AANGBULD,77212.945
PYZMVUWD,WHPUAOID,27152.104
PYZMVUWD,UQYUIVVR,3807929.8
PYZMVUWD,FWUCPMMW,69.36308
PYZMVUWD,IGDVVKUD,2403.134
PYZMVUWD,FDXPMYGF,6522.914
PYZMVUWD,QSDCUCLB,1.4695501
PYZMVUWD,YSYHGLQK,3928.3748
PYZMVUWD,HCDTGMST,144231.5
PYZMVUWD,JSLXRQOK,144.81664
PYZMVUWD,XIIEJNEE,987.6005
PYZMVUWD,BLANHGYY,206.18645
PYZMVUWD,DJBLNPNC,25.756298
PYZMVUWD,ANWUJOKX,0.9860989
PYZMVUWD,GMBFCMIU,0.3294339
PYZMVUWD,TGOELCAG,50166.9
PYZMVUWD,RUVXNNVA,2.8347466
PYZMVUWD,TANNMIMB,23.239107
PYZMVUWD,GIKPEWTY,0.0768231
PYZMVUWD,PLMZALFA,0.3294339
PYZMVUWD,KFQSHBNH,20696.357
PYZMVUWD,RJCAXSGH,16344.312
HCDTGMST,DEWLVASR,234304.66
HCDTGMST,ELQGMQWE,455767.97
HCDTGMST,AHMDUILJ,104614.234
HCDTGMST,XIPPENFQ,116197.86
HCDTGMST,FTSVTTSR,183778.05
HCDTGMST,XMKRPGLB,801397.3
HCDTGMST,RCBZUSIM,7443.862
HCDTGMST,SUOYXCHP,337.40924
HCDTGMST,ZKENOUDA,282622.88
HCDTGMST,WQMVCOEM,2016.9742
HCDTGMST,BSRMSVTC,129424.25
HCDTGMST,DDEXPPXU,25846.355
HCDTGMST,LLHREMKS,27732.127
HCDTGMST,DNMPSKTB,4803205.5
HCDTGMST,WPQXWHYO,10814121.0
HCDTGMST,VWMBASNE,166408.4
HCDTGMST,RJGPVEXX,577751.06
HCDTGMST,ATLDMDBO,39912540.0
HCDTGMST,SAHWCZNH,1991426.1
HCDTGMST,LUENUFGA,3457567.2
HCDTGMST,HXYSSRXE,5707043.5
HCDTGMST,QRKRBYJL,1757286.5
HCDTGMST,FRHNWLNI,1042377.44
HCDTGMST,MBSBZBXA,4463305.5
HCDTGMST,BJALXPFS,175521.98
HCDTGMST,RAWUKQMJ,3340378.5
HCDTGMST,ZGJXVMNI,2541572.2
HCDTGMST,LRVGFDFM,4884715.5
HCDTGMST,BTMOEMEP,12608432.0
HCDTGMST,UXSPKBJR,310447.1
HCDTGMST,BEZYMBBT,3461625.2
HCDTGMST,SAAYMURU,25730.59
HCDTGMST,QJQJSWFU,126256.71
HCDTGMST,EVBVXETX,4961993.5
HCDTGMST,DUCMGGNW,1170990.1
HCDTGMST,OJIFIHMZ,1204497.1
HCDTGMST,STZDBITS,40089010.0
HCDTGMST,SNHYOVBM,468859.1
HCDTGMST,LPHPPJUG,1304344.6
HCDTGMST,FCYBOAXC,114546110.0
HCDTGMST,JPBRUTWP,5260499.0
HCDTGMST,LTOYKIML,346740.0
HCDTGMST,QVLMOEYE,1236841.5
HCDTGMST,JERHKLYW,5451.52
HCDTGMST,ZXERAXWP,13634.52
HCDTGMST,LSOIUSXD,96358.984
HCDTGMST,XUOIQPFL,2383839.0
HCDTGMST,WBLJNPZQ,151458.27
HCDTGMST,OXKURKXR,103807.83
HCDTGMST,AXULOHBQ,62837.707
HCDTGMST,DBWLZWNK,161481.06
HCDTGMST,NZKBIBNU,201351.12
HCDTGMST,OKMBFVKS,1766600.5
HCDTGMST,VUAFAIYJ,426116.34
HCDTGMST,CCLHWFWF,18772932.0
HCDTGMST,OGAFEHLU,51.652847
HCDTGMST,SDWAYPIK,4273016.5
HCDTGMST,UIFPPCLR,4684.7935
HCDTGMST,KEUWZRKO,325412.22
HCDTGMST,FQCLOEXA,1643825.2
HCDTGMST,APQGTRMF,1413.5115
HCDTGMST,ZCELVYQU,9714.247
HCDTGMST,KAGJCHMR,5253.931
HCDTGMST,KJNSOAHR,8982509.0
HCDTGMST,QKXNTIIB,1442716.8
HCDTGMST,GKQIJYDH,12393841.0
HCDTGMST,VBYCLTYZ,305621.78
HCDTGMST,GYHKIVQT,12119907.0
HCDTGMST,ROACSLMG,1975361.6
HCDTGMST,VMAQSTJE,60065.25
HCDTGMST,XIFHSOWQ,45667.33
HCDTGMST,FITUEHWN,109308.15
HCDTGMST,UGEQLMXM,128959.63
HCDTGMST,BUZIIBYG,17557404.0
HCDTGMST,JBVHSUWY,234287.45
HCDTGMST,NAQIHUKZ,16.867432
HCDTGMST,MIRCVAMV,953.47797
HCDTGMST,AANGBULD,77216.41
HCDTGMST,WHPUAOID,27150.473
HCDTGMST,UQYUIVVR,3807701.0
HCDTGMST,FWUCPMMW,69.59289
HCDTGMST,IGDVVKUD,2402.9917
HCDTGMST,FDXPMYGF,6567.213
HCDTGMST,QSDCUCLB,1.3633211
HCDTGMST,YSYHGLQK,3928.1387
HCDTGMST,PYZMVUWD,131.44368
HCDTGMST,JSLXRQOK,144.73433
HCDTGMST,XIIEJNEE,987.78815
HCDTGMST,BLANHGYY,206.51906
HCDTGMST,DJBLNPNC,25.771587
HCDTGMST,ANWUJOKX,1.163013
HCDTGMST,GMBFCMIU,1.3760736
HCDTGMST,TGOELCAG,50169.145
HCDTGMST,RUVXNNVA,2.4841585
HCDTGMST,TANNMIMB,25.42308
HCDTGMST,GIKPEWTY,0.16968131
HCDTGMST,PLMZALFA,1.3760736
HCDTGMST,KFQSHBNH,20721.342
HCDTGMST,RJCAXSGH,16364.043
JSLXRQOK,DEWLVASR,234318.73
JSLXRQOK,ELQGMQWE,455795.34
JSLXRQOK,AHMDUILJ,100927.36
JSLXRQOK,XIPPENFQ,116204.836
JSLXRQOK,FTSVTTSR,183789.1
JSLXRQOK,XMKRPGLB,801445.44
JSLXRQOK,RCBZUSIM,7444.309
JSLXRQOK,SUOYXCHP,337.39923
JSLXRQOK,ZKENOUDA,282639.88
JSLXRQOK,WQMVCOEM,2017.9348
JSLXRQOK,BSRMSVTC,129432.02
JSLXRQOK,DDEXPPXU,25847.91
JSLXRQOK,LLHREMKS,27520.506
JSLXRQOK,DNMPSKTB,4787505.5
JSLXRQOK,WPQXWHYO,10747355.0
JSLXRQOK,VWMBASNE,166418.4
JSLXRQOK,RJGPVEXX,577348.94
JSLXRQOK,ATLDMDBO,39891910.0
JSLXRQOK,SAHWCZNH,1991545.9
JSLXRQOK,LUENUFGA,3457775.0
JSLXRQOK,HXYSSRXE,5692801.5
JSLXRQOK,QRKRBYJL,1757392.1
JSLXRQOK,FRHNWLNI,1042175.6
JSLXRQOK,MBSBZBXA,4463229.0
JSLXRQOK,BJALXPFS,175532.53
JSLXRQOK,RAWUKQMJ,3338057.0
JSLXRQOK,ZGJXVMNI,2540448.0
JSLXRQOK,LRVGFDFM,4884631.5
JSLXRQOK,BTMOEMEP,12608239.0
JSLXRQOK,UXSPKBJR,310465.75
JSLXRQOK,BEZYMBBT,3461833.2
JSLXRQOK,SAAYMURU,25732.135
JSLXRQOK,QJQJSWFU,126264.3
JSLXRQOK,EVBVXETX,4913444.5
JSLXRQOK,DUCMGGNW,1171060.4
JSLXRQOK,OJIFIHMZ,1204569.5
JSLXRQOK,STZDBITS,40088396.0
JSLXRQOK,SNHYOVBM,468111.62
JSLXRQOK,LPHPPJUG,1311904.6
JSLXRQOK,FCYBOAXC,107098320.0
JSLXRQOK,JPBRUTWP,5244604.5
JSLXRQOK,LTOYKIML,346760.8
JSLXRQOK,QVLMOEYE,1235115.9
JSLXRQOK,JERHKLYW,5451.8477
JSLXRQOK,ZXERAXWP,13635.339
JSLXRQOK,LSOIUSXD,96364.77
JSLXRQOK,XUOIQPFL,2383982.2
JSLXRQOK,WBLJNPZQ,151467.36
JSLXRQOK,OXKURKXR,103814.07
JSLXRQOK,AXULOHBQ,62644.855
JSLXRQOK,DBWLZWNK,161490.77
JSLXRQOK,NZKBIBNU,201312.14
JSLXRQOK,OKMBFVKS,1765367.8
JSLXRQOK,VUAFAIYJ,426141.94
JSLXRQOK,CCLHWFWF,18772648.0
JSLXRQOK,OGAFEHLU,51.042004
JSLXRQOK,SDWAYPIK,4272943.5
JSLXRQOK,UIFPPCLR,4685.075
JSLXRQOK,KEUWZRKO,325431.75
JSLXRQOK,FQCLOEXA,1643098.0
JSLXRQOK,APQGTRMF,1411.2563
JSLXRQOK,ZCELVYQU,9714.831
JSLXRQOK,KAGJCHMR,5254.247
JSLXRQOK,KJNSOAHR,8982372.0
JSLXRQOK,QKXNTIIB,1442803.5
JSLXRQOK,GKQIJYDH,12393652.0
JSLXRQOK,VBYCLTYZ,305640.16
JSLXRQOK,GYHKIVQT,12119722.0
JSLXRQOK,ROACSLMG,1972334.8
JSLXRQOK,VMAQSTJE,60068.86
JSLXRQOK,XIFHSOWQ,45670.074
JSLXRQOK,FITUEHWN,109314.72
JSLXRQOK,UGEQLMXM,128967.38
JSLXRQOK,BUZIIBYG,17315592.0
JSLXRQOK,JBVHSUWY,234301.53
JSLXRQOK,NAQIHUKZ,16.697048
JSLXRQOK,MIRCVAMV,951.9563
JSLXRQOK,AANGBULD,77221.05
JSLXRQOK,WHPUAOID,27152.104
JSLXRQOK,UQYUIVVR,3807929.8
JSLXRQOK,FWUCPMMW,69.37104
JSLXRQOK,IGDVVKUD,2403.134
JSLXRQOK,FDXPMYGF,6577.9585
JSLXRQOK,QSDCUCLB,1.6610026
JSLXRQOK,YSYHGLQK,3928.3748
JSLXRQOK,PYZMVUWD,131.1879
JSLXRQOK,HCDTGMST,144528.5
JSLXRQOK,XIIEJNEE,987.6005
JSLXRQOK,BLANHGYY,206.18823
JSLXRQOK,DJBLNPNC,25.740597
JSLXRQOK,ANWUJOKX,0.9755335
JSLXRQOK,GMBFCMIU,0.6621132
JSLXRQOK,TGOELCAG,50172.16
JSLXRQOK,RUVXNNVA,3.181933
JSLXRQOK,TANNMIMB,24.091398
JSLXRQOK,GIKPEWTY,0.08994484
JSLXRQOK,PLMZALFA,0.6621132
JSLXRQOK,KFQSHBNH,20696.357
JSLXRQOK,RJCAXSGH,16335.943
XIIEJNEE,DEWLVASR,234318.73
XIIEJNEE,ELQGMQWE,455795.34
XIIEJNEE,AHMDUILJ,103834.266
XIIEJNEE,XIPPENFQ,116204.836
XIIEJNEE,FTSVTTSR,183789.1
XIIEJNEE,XMKRPGLB,801445.44
XIIEJNEE,RCBZUSIM,7444.309
XIIEJNEE,SUOYXCHP,337.39923
XIIEJNEE,ZKENOUDA,282639.88
XIIEJNEE,WQMVCOEM,2017.9348
XIIEJNEE,BSRMSVTC,129432.02
XIIEJNEE,DDEXPPXU,25847.91
XIIEJNEE,LLHREMKS,27410.857
XIIEJNEE,DNMPSKTB,4797611.0
XIIEJNEE,WPQXWHYO,10779586.0
XIIEJNEE,VWMBASNE,166418.4
XIIEJNEE,RJGPVEXX,579012.5
XIIEJNEE,ATLDMDBO,39912844.0
XIIEJNEE,SAHWCZNH,1991629.4
XIIEJNEE,LUENUFGA,3457775.0
XIIEJNEE,HXYSSRXE,5728391.5
XIIEJNEE,QRKRBYJL,1757392.1
XIIEJNEE,FRHNWLNI,1043437.7
XIIEJNEE,MBSBZBXA,4463229.0
XIIEJNEE,BJALXPFS,175532.53
XIIEJNEE,RAWUKQMJ,3337910.5
XIIEJNEE,ZGJXVMNI,2541133.8
XIIEJNEE,LRVGFDFM,4884631.5
XIIEJNEE,BTMOEMEP,12608239.0
XIIEJNEE,UXSPKBJR,310465.75
XIIEJNEE,BEZYMBBT,3462282.2
XIIEJNEE,SAAYMURU,25732.135
XIIEJNEE,QJQJSWFU,126264.3
XIIEJNEE,EVBVXETX,4887232.0
XIIEJNEE,DUCMGGNW,1171060.4
XIIEJNEE,OJIFIHMZ,1204569.5
XIIEJNEE,STZDBITS,40088396.0
XIIEJNEE,SNHYOVBM,468522.53
XIIEJNEE,LPHPPJUG,1291708.2
XIIEJNEE,FCYBOAXC,128258410.0
XIIEJNEE,JPBRUTWP,5250885.5
XIIEJNEE,LTOYKIML,346760.8
XIIEJNEE,QVLMOEYE,1231856.2
XIIEJNEE,JERHKLYW,5451.8477
XIIEJNEE,ZXERAXWP,13635.339
XIIEJNEE,LSOIUSXD,96364.77
XIIEJNEE,XUOIQPFL,2386272.8
XIIEJNEE,WBLJNPZQ,151467.36
XIIEJNEE,OXKURKXR,103814.07
XIIEJNEE,AXULOHBQ,62841.48
XIIEJNEE,DBWLZWNK,161490.77
XIIEJNEE,NZKBIBNU,202581.52
XIIEJNEE,OKMBFVKS,1760431.6
XIIEJNEE,VUAFAIYJ,426141.94
XIIEJNEE,CCLHWFWF,18772648.0
XIIEJNEE,OGAFEHLU,51.228977
XIIEJNEE,SDWAYPIK,4272943.5
XIIEJNEE,UIFPPCLR,4685.075
XIIEJNEE,KEUWZRKO,325431.75
XIIEJNEE,FQCLOEXA,1643714.0
XIIEJNEE,APQGTRMF,1412.4954
XIIEJNEE,ZCELVYQU,9714.831
XIIEJNEE,KAGJCHMR,5254.247
XIIEJNEE,KJNSOAHR,8982372.0
XIIEJNEE,QKXNTIIB,1442803.5
XIIEJNEE,GKQIJYDH,12393652.0
XIIEJNEE,VBYCLTYZ,305640.16
XIIEJNEE,GYHKIVQT,12119722.0
XIIEJNEE,ROACSLMG,1966439.2
XIIEJNEE,VMAQSTJE,60068.86
XIIEJNEE,XIFHSOWQ,45670.074
XIIEJNEE,FITUEHWN,109314.72
XIIEJNEE,UGEQLMXM,128967.38
XIIEJNEE,BUZIIBYG,17381176.0
XIIEJNEE,JBVHSUWY,234301.53
XIIEJNEE,NAQIHUKZ,16.70523
XIIEJNEE,MIRCVAMV,952.79236
XIIEJNEE,AANGBULD,77212.945
XIIEJNEE,WHPUAOID,27152.104
XIIEJNEE,UQYUIVVR,3807929.8
XIIEJNEE,FWUCPMMW,69.42542
XIIEJNEE,IGDVVKUD,2403.134
XIIEJNEE,FDXPMYGF,6483.909
XIIEJNEE,QSDCUCLB,1.8299239
XIIEJNEE,YSYHGLQK,3928.3748
XIIEJNEE,PYZMVUWD,131.30386
XIIEJNEE,HCDTGMST,144608.88
XIIEJNEE,JSLXRQOK,144.81664
XIIEJNEE,BLANHGYY,206.37
XIIEJNEE,DJBLNPNC,25.712017
XIIEJNEE,ANWUJOKX,0.9976069
XIIEJNEE,GMBFCMIU,1.0332525
XIIEJNEE,TGOELCAG,50166.9
XIIEJNEE,RUVXNNVA,3.3744907
XIIEJNEE,TANNMIMB,24.230295
XIIEJNEE,GIKPEWTY,0.07538104
XIIEJNEE,PLMZALFA,1.0332525
XIIEJNEE,KFQSHBNH,20696.357
XIIEJNEE,RJCAXSGH,16344.312
BLANHGYY,DEWLVASR,234311.81
BLANHGYY,ELQGMQWE,455781.88
BLANHGYY,AHMDUILJ,99596.47
BLANHGYY,XIPPENFQ,116201.41
BLANHGYY,FTSVTTSR,183783.66
BLANHGYY,XMKRPGLB,801421.75
BLANHGYY,RCBZUSIM,7444.089
BLANHGYY,SUOYXCHP,337.41925
BLANHGYY,ZKENOUDA,282631.5
BLANHGYY,WQMVCOEM,2018.0542
BLANHGYY,BSRMSVTC,129428.195
BLANHGYY,DDEXPPXU,25847.145
BLANHGYY,LLHREMKS,27482.03
BLANHGYY,DNMPSKTB,4760207.5
BLANHGYY,WPQXWHYO,10702229.0
BLANHGYY,VWMBASNE,166413.48
BLANHGYY,RJGPVEXX,579458.3
BLANHGYY,ATLDMDBO,39911624.0
BLANHGYY,SAHWCZNH,1991570.5
BLANHGYY,LUENUFGA,3457672.8
BLANHGYY,HXYSSRXE,5648343.5
BLANHGYY,QRKRBYJL,1757340.1
BLANHGYY,FRHNWLNI,1045457.7
BLANHGYY,MBSBZBXA,4463097.0
BLANHGYY,BJALXPFS,175527.34
BLANHGYY,RAWUKQMJ,3340563.2
BLANHGYY,ZGJXVMNI,2541058.5
BLANHGYY,LRVGFDFM,4884487.5
BLANHGYY,BTMOEMEP,12607854.0
BLANHGYY,UXSPKBJR,310456.56
BLANHGYY,BEZYMBBT,3461816.8
BLANHGYY,SAAYMURU,25731.375
BLANHGYY,QJQJSWFU,126166.07
BLANHGYY,EVBVXETX,4817445.0
BLANHGYY,DUCMGGNW,1171025.8
BLANHGYY,OJIFIHMZ,1204533.9
BLANHGYY,STZDBITS,40087176.0
BLANHGYY,SNHYOVBM,469319.44
BLANHGYY,LPHPPJUG,1287948.0
BLANHGYY,FCYBOAXC,102886080.0
BLANHGYY,JPBRUTWP,5171361.5
BLANHGYY,LTOYKIML,346750.56
BLANHGYY,QVLMOEYE,1235025.2
BLANHGYY,JERHKLYW,5451.6865
BLANHGYY,ZXERAXWP,13634.937
BLANHGYY,LSOIUSXD,96361.92
BLANHGYY,XUOIQPFL,2385952.0
BLANHGYY,WBLJNPZQ,151462.89
BLANHGYY,OXKURKXR,103811.0
BLANHGYY,AXULOHBQ,62643.004
BLANHGYY,DBWLZWNK,161485.98
BLANHGYY,NZKBIBNU,202541.14
BLANHGYY,OKMBFVKS,1766238.4
BLANHGYY,VUAFAIYJ,426129.34
BLANHGYY,CCLHWFWF,18772072.0
BLANHGYY,OGAFEHLU,51.443398
BLANHGYY,SDWAYPIK,4272817.0
BLANHGYY,UIFPPCLR,4684.9365
BLANHGYY,KEUWZRKO,325422.12
BLANHGYY,FQCLOEXA,1643493.0
BLANHGYY,APQGTRMF,1414.8995
BLANHGYY,ZCELVYQU,9714.544
BLANHGYY,KAGJCHMR,5254.092
BLANHGYY,KJNSOAHR,8982097.0
BLANHGYY,QKXNTIIB,1442760.9
BLANHGYY,GKQIJYDH,12393273.0
BLANHGYY,VBYCLTYZ,305631.12
BLANHGYY,GYHKIVQT,12119352.0
BLANHGYY,ROACSLMG,1943005.0
BLANHGYY,VMAQSTJE,60067.082
BLANHGYY,XIFHSOWQ,45668.723
BLANHGYY,FITUEHWN,109311.484
BLANHGYY,UGEQLMXM,128963.57
BLANHGYY,BUZIIBYG,17258452.0
BLANHGYY,JBVHSUWY,234294.61
BLANHGYY,NAQIHUKZ,16.796356
BLANHGYY,MIRCVAMV,952.9638
BLANHGYY,AANGBULD,77210.664
BLANHGYY,WHPUAOID,27151.3
BLANHGYY,UQYUIVVR,3807817.0
BLANHGYY,FWUCPMMW,69.54749
BLANHGYY,IGDVVKUD,2403.063
BLANHGYY,FDXPMYGF,6555.2285
BLANHGYY,QSDCUCLB,1.9640548
BLANHGYY,YSYHGLQK,3928.2585
BLANHGYY,PYZMVUWD,131.33939
BLANHGYY,HCDTGMST,144494.19
BLANHGYY,JSLXRQOK,144.81232
BLANHGYY,XIIEJNEE,987.5713
BLANHGYY,DJBLNPNC,25.751825
BLANHGYY,ANWUJOKX,0.94900954
BLANHGYY,GMBFCMIU,0.3875314
BLANHGYY,TGOELCAG,50165.414
BLANHGYY,RUVXNNVA,3.7630863
BLANHGYY,TANNMIMB,24.671364
BLANHGYY,GIKPEWTY,0.06833793
BLANHGYY,PLMZALFA,0.3875314
BLANHGYY,KFQSHBNH,20695.746
BLANHGYY,RJCAXSGH,16335.46
DJBLNPNC,DEWLVASR,234319.86
DJBLNPNC,ELQGMQWE,455797.5
DJBLNPNC,AHMDUILJ,100279.55
DJBLNPNC,XIPPENFQ,116217.586
DJBLNPNC,FTSVTTSR,183809.95
DJBLNPNC,XMKRPGLB,801390.44
DJBLNPNC,RCBZUSIM,7445.6865
DJBLNPNC,SUOYXCHP,337.462
DJBLNPNC,ZKENOUDA,282641.22
DJBLNPNC,WQMVCOEM,2018.3093
DJBLNPNC,BSRMSVTC,129547.12
DJBLNPNC,DDEXPPXU,25850.844
DJBLNPNC,LLHREMKS,27478.02
DJBLNPNC,DNMPSKTB,4778064.0
DJBLNPNC,WPQXWHYO,10743215.0
DJBLNPNC,VWMBASNE,166437.28
DJBLNPNC,RJGPVEXX,578563.75
DJBLNPNC,ATLDMDBO,39892980.0
DJBLNPNC,SAHWCZNH,1991638.9
DJBLNPNC,LUENUFGA,3457791.2
DJBLNPNC,HXYSSRXE,5687435.0
DJBLNPNC,QRKRBYJL,1757591.5
DJBLNPNC,FRHNWLNI,1043153.1
DJBLNPNC,MBSBZBXA,4463250.0
DJBLNPNC,BJALXPFS,175533.38
DJBLNPNC,RAWUKQMJ,3336249.2
DJBLNPNC,ZGJXVMNI,2539869.0
DJBLNPNC,LRVGFDFM,4884296.5
DJBLNPNC,BTMOEMEP,12608287.0
DJBLNPNC,UXSPKBJR,310467.22
DJBLNPNC,BEZYMBBT,3462298.8
DJBLNPNC,SAAYMURU,25736.896
DJBLNPNC,QJQJSWFU,126264.9
DJBLNPNC,EVBVXETX,4888644.0
DJBLNPNC,DUCMGGNW,1171066.0
DJBLNPNC,OJIFIHMZ,1204486.8
DJBLNPNC,STZDBITS,40088550.0
DJBLNPNC,SNHYOVBM,468466.66
DJBLNPNC,LPHPPJUG,1303935.5
DJBLNPNC,FCYBOAXC,106724940.0
DJBLNPNC,JPBRUTWP,5212239.0
DJBLNPNC,LTOYKIML,346762.47
DJBLNPNC,QVLMOEYE,1236457.1
DJBLNPNC,JERHKLYW,5452.467
DJBLNPNC,ZXERAXWP,13642.116
DJBLNPNC,LSOIUSXD,96312.22
DJBLNPNC,XUOIQPFL,2386284.2
DJBLNPNC,WBLJNPZQ,151468.08
DJBLNPNC,OXKURKXR,103814.56
DJBLNPNC,AXULOHBQ,62645.152
DJBLNPNC,DBWLZWNK,161402.7
DJBLNPNC,NZKBIBNU,201500.95
DJBLNPNC,OKMBFVKS,1764393.1
DJBLNPNC,VUAFAIYJ,426190.3
DJBLNPNC,CCLHWFWF,18772720.0
DJBLNPNC,OGAFEHLU,51.424908
DJBLNPNC,SDWAYPIK,4272963.5
DJBLNPNC,UIFPPCLR,4682.5195
DJBLNPNC,KEUWZRKO,325433.3
DJBLNPNC,FQCLOEXA,1642895.9
DJBLNPNC,APQGTRMF,1412.3275
DJBLNPNC,ZCELVYQU,9719.2705
DJBLNPNC,KAGJCHMR,5255.219
DJBLNPNC,KJNSOAHR,8982406.0
DJBLNPNC,QKXNTIIB,1442547.6
DJBLNPNC,GKQIJYDH,12394881.0
DJBLNPNC,VBYCLTYZ,305619.2
DJBLNPNC,GYHKIVQT,12152244.0
DJBLNPNC,ROACSLMG,1960841.8
DJBLNPNC,VMAQSTJE,60075.676
DJBLNPNC,XIFHSOWQ,45692.77
DJBLNPNC,FITUEHWN,109369.05
DJBLNPNC,UGEQLMXM,128691.31
DJBLNPNC,BUZIIBYG,17343788.0
DJBLNPNC,JBVHSUWY,234328.12
DJBLNPNC,NAQIHUKZ,16.785147
DJBLNPNC,MIRCVAMV,952.93835
DJBLNPNC,AANGBULD,77227.234
DJBLNPNC,WHPUAOID,27157.127
DJBLNPNC,UQYUIVVR,3807668.2
DJBLNPNC,FWUCPMMW,69.41706
DJBLNPNC,IGDVVKUD,2401.6624
DJBLNPNC,FDXPMYGF,6495.3296
DJBLNPNC,QSDCUCLB,1.8962905
DJBLNPNC,YSYHGLQK,3929.1018
DJBLNPNC,PYZMVUWD,131.28816
DJBLNPNC,HCDTGMST,144603.78
DJBLNPNC,JSLXRQOK,144.84367
DJBLNPNC,XIIEJNEE,987.7839
DJBLNPNC,BLANHGYY,206.34537
DJBLNPNC,ANWUJOKX,1.0362561
DJBLNPNC,GMBFCMIU,0.60109186
DJBLNPNC,TGOELCAG,50235.074
DJBLNPNC,RUVXNNVA,3.6421466
DJBLNPNC,TANNMIMB,23.724937
DJBLNPNC,GIKPEWTY,0.11082735
DJBLNPNC,PLMZALFA,0.60109186
DJBLNPNC,KFQSHBNH,20697.582
DJBLNPNC,RJCAXSGH,16336.909
ANWUJOKX,DEWLVASR,233497.39
ANWUJOKX,ELQGMQWE,455730.6
ANWUJOKX,AHMDUILJ,101698.1
ANWUJOKX,XIPPENFQ,116196.414
ANWUJOKX,FTSVTTSR,183776.48
ANWUJOKX,XMKRPGLB,801272.75
ANWUJOKX,RCBZUSIM,7449.3096
ANWUJOKX,SUOYXCHP,336.10406
ANWUJOKX,ZKENOUDA,282852.88
ANWUJOKX,WQMVCOEM,2017.2755
ANWUJOKX,BSRMSVTC,129523.52
ANWUJOKX,DDEXPPXU,25857.674
ANWUJOKX,LLHREMKS,27656.14
ANWUJOKX,DNMPSKTB,4831187.5
ANWUJOKX,WPQXWHYO,10839211.0
ANWUJOKX,VWMBASNE,166406.97
ANWUJOKX,RJGPVEXX,580187.1
ANWUJOKX,ATLDMDBO,39886664.0
ANWUJOKX,SAHWCZNH,1991346.4
ANWUJOKX,LUENUFGA,3457484.8
ANWUJOKX,HXYSSRXE,5742328.0
ANWUJOKX,QRKRBYJL,1757333.5
ANWUJOKX,FRHNWLNI,1045015.1
ANWUJOKX,MBSBZBXA,4462854.5
ANWUJOKX,BJALXPFS,175501.39
ANWUJOKX,RAWUKQMJ,3333651.0
ANWUJOKX,ZGJXVMNI,2539280.5
ANWUJOKX,LRVGFDFM,4880897.0
ANWUJOKX,BTMOEMEP,12607181.0
ANWUJOKX,UXSPKBJR,309365.38
ANWUJOKX,BEZYMBBT,3461853.0
ANWUJOKX,SAAYMURU,25750.498
ANWUJOKX,QJQJSWFU,126324.64
ANWUJOKX,EVBVXETX,4968210.5
ANWUJOKX,DUCMGGNW,1170894.0
ANWUJOKX,OJIFIHMZ,1207076.4
ANWUJOKX,STZDBITS,40085030.0
ANWUJOKX,SNHYOVBM,470731.4
ANWUJOKX,LPHPPJUG,1330372.5
ANWUJOKX,FCYBOAXC,112110344.0
ANWUJOKX,JPBRUTWP,5282266.5
ANWUJOKX,LTOYKIML,346699.3
ANWUJOKX,QVLMOEYE,1247430.6
ANWUJOKX,JERHKLYW,5440.5073
ANWUJOKX,ZXERAXWP,13634.325
ANWUJOKX,LSOIUSXD,96294.68
ANWUJOKX,XUOIQPFL,2385977.0
ANWUJOKX,WBLJNPZQ,151440.5
ANWUJOKX,OXKURKXR,103795.66
ANWUJOKX,AXULOHBQ,62633.742
ANWUJOKX,DBWLZWNK,161373.3
ANWUJOKX,NZKBIBNU,202214.2
ANWUJOKX,OKMBFVKS,1764470.6
ANWUJOKX,VUAFAIYJ,426526.2
ANWUJOKX,CCLHWFWF,18771072.0
ANWUJOKX,OGAFEHLU,51.766266
ANWUJOKX,SDWAYPIK,4272584.5
ANWUJOKX,UIFPPCLR,4739.8696
ANWUJOKX,KEUWZRKO,325361.3
ANWUJOKX,FQCLOEXA,1642468.2
ANWUJOKX,APQGTRMF,1429.8018
ANWUJOKX,ZCELVYQU,9704.32
ANWUJOKX,KAGJCHMR,5243.3374
ANWUJOKX,KJNSOAHR,8981926.0
ANWUJOKX,QKXNTIIB,1445649.0
ANWUJOKX,GKQIJYDH,12393793.0
ANWUJOKX,VBYCLTYZ,305563.5
ANWUJOKX,GYHKIVQT,12151178.0
ANWUJOKX,ROACSLMG,1984159.9
ANWUJOKX,VMAQSTJE,60064.734
ANWUJOKX,XIFHSOWQ,45687.977
ANWUJOKX,FITUEHWN,109357.57
ANWUJOKX,UGEQLMXM,128667.87
ANWUJOKX,BUZIIBYG,17494792.0
ANWUJOKX,JBVHSUWY,234512.78
ANWUJOKX,NAQIHUKZ,16.881445
ANWUJOKX,MIRCVAMV,951.3726
ANWUJOKX,AANGBULD,77194.984
ANWUJOKX,WHPUAOID,27174.771
ANWUJOKX,UQYUIVVR,3807330.5
ANWUJOKX,FWUCPMMW,69.22073
ANWUJOKX,IGDVVKUD,2394.8838
ANWUJOKX,FDXPMYGF,6543.7466
ANWUJOKX,QSDCUCLB,1.4400067
ANWUJOKX,YSYHGLQK,3938.1787
ANWUJOKX,PYZMVUWD,132.02959
ANWUJOKX,HCDTGMST,144873.78
ANWUJOKX,JSLXRQOK,144.77797
ANWUJOKX,XIIEJNEE,992.2585
ANWUJOKX,BLANHGYY,206.13469
ANWUJOKX,DJBLNPNC,25.817678
ANWUJOKX,GMBFCMIU,0.84818494
ANWUJOKX,TGOELCAG,50275.957
ANWUJOKX,RUVXNNVA,3.2650056
ANWUJOKX,TANNMIMB,24.319141
ANWUJOKX,GIKPEWTY,0.13239485
ANWUJOKX,PLMZALFA,0.84818494
ANWUJOKX,KFQSHBNH,20667.914
ANWUJOKX,RJCAXSGH,16337.236
GMBFCMIU,DEWLVASR,233512.08
GMBFCMIU,ELQGMQWE,455759.25
GMBFCMIU,AHMDUILJ,102223.57
GMBFCMIU,XIPPENFQ,116203.73
GMBFCMIU,FTSVTTSR,183788.05
GMBFCMIU,XMKRPGLB,801323.2
GMBFCMIU,RCBZUSIM,7452.4434
GMBFCMIU,SUOYXCHP,335.92953
GMBFCMIU,ZKENOUDA,282870.7
GMBFCMIU,WQMVCOEM,2017.4006
GMBFCMIU,BSRMSVTC,129531.68
GMBFCMIU,DDEXPPXU,25859.3
GMBFCMIU,LLHREMKS,27718.668
GMBFCMIU,DNMPSKTB,4842964.5
GMBFCMIU,WPQXWHYO,10892038.0
GMBFCMIU,VWMBASNE,166417.45
GMBFCMIU,RJGPVEXX,580223.6
GMBFCMIU,ATLDMDBO,39889176.0
GMBFCMIU,SAHWCZNH,1991471.8
GMBFCMIU,LUENUFGA,3457702.2
GMBFCMIU,HXYSSRXE,5780074.0
GMBFCMIU,QRKRBYJL,1757444.0
GMBFCMIU,FRHNWLNI,1045080.9
GMBFCMIU,MBSBZBXA,4463135.0
GMBFCMIU,BJALXPFS,175512.44
GMBFCMIU,RAWUKQMJ,3333914.8
GMBFCMIU,ZGJXVMNI,2539440.2
GMBFCMIU,LRVGFDFM,4881204.5
GMBFCMIU,BTMOEMEP,12607975.0
GMBFCMIU,UXSPKBJR,309384.84
GMBFCMIU,BEZYMBBT,3462071.0
GMBFCMIU,SAAYMURU,25752.12
GMBFCMIU,QJQJSWFU,126332.586
GMBFCMIU,EVBVXETX,5021920.5
GMBFCMIU,DUCMGGNW,1170967.8
GMBFCMIU,OJIFIHMZ,1207152.4
GMBFCMIU,STZDBITS,40087556.0
GMBFCMIU,SNHYOVBM,470761.06
GMBFCMIU,LPHPPJUG,1341871.0
GMBFCMIU,FCYBOAXC,117574920.0
GMBFCMIU,JPBRUTWP,5344343.5
GMBFCMIU,LTOYKIML,346721.16
GMBFCMIU,QVLMOEYE,1252619.9
GMBFCMIU,JERHKLYW,5440.85
GMBFCMIU,ZXERAXWP,13688.345
GMBFCMIU,LSOIUSXD,96300.74
GMBFCMIU,XUOIQPFL,2386127.0
GMBFCMIU,WBLJNPZQ,151450.03
GMBFCMIU,OXKURKXR,103802.19
GMBFCMIU,AXULOHBQ,62637.688
GMBFCMIU,DBWLZWNK,161383.45
GMBFCMIU,NZKBIBNU,202127.05
GMBFCMIU,OKMBFVKS,1767532.5
GMBFCMIU,VUAFAIYJ,426553.03
GMBFCMIU,CCLHWFWF,18772252.0
GMBFCMIU,OGAFEHLU,51.534927
GMBFCMIU,SDWAYPIK,4272853.5
GMBFCMIU,UIFPPCLR,4728.8867
GMBFCMIU,KEUWZRKO,325381.8
GMBFCMIU,FQCLOEXA,1642571.6
GMBFCMIU,APQGTRMF,1429.8905
GMBFCMIU,ZCELVYQU,9708.402
GMBFCMIU,KAGJCHMR,5243.6675
GMBFCMIU,KJNSOAHR,8982492.0
GMBFCMIU,QKXNTIIB,1445740.0
GMBFCMIU,GKQIJYDH,12394573.0
GMBFCMIU,VBYCLTYZ,305582.75
GMBFCMIU,GYHKIVQT,12151943.0
GMBFCMIU,ROACSLMG,2005105.2
GMBFCMIU,VMAQSTJE,60068.516
GMBFCMIU,XIFHSOWQ,45690.85
GMBFCMIU,FITUEHWN,109364.46
GMBFCMIU,UGEQLMXM,128675.97
GMBFCMIU,BUZIIBYG,17568660.0
GMBFCMIU,JBVHSUWY,234527.55
GMBFCMIU,NAQIHUKZ,16.939827
GMBFCMIU,MIRCVAMV,953.1781
GMBFCMIU,AANGBULD,77199.84
GMBFCMIU,WHPUAOID,27176.482
GMBFCMIU,UQYUIVVR,3807570.2
GMBFCMIU,FWUCPMMW,69.34906
GMBFCMIU,IGDVVKUD,2395.0325
GMBFCMIU,FDXPMYGF,6530.2603
GMBFCMIU,QSDCUCLB,1.8487737
GMBFCMIU,YSYHGLQK,3945.3755
GMBFCMIU,PYZMVUWD,132.0353
GMBFCMIU,HCDTGMST,144882.89
GMBFCMIU,JSLXRQOK,144.78702
GMBFCMIU,XIIEJNEE,991.1556
GMBFCMIU,BLANHGYY,206.51323
GMBFCMIU,DJBLNPNC,25.78733
GMBFCMIU,ANWUJOKX,1.1276445
GMBFCMIU,TGOELCAG,50279.12
GMBFCMIU,RUVXNNVA,3.8439226
GMBFCMIU,TANNMIMB,25.884373
GMBFCMIU,GIKPEWTY,0.15248781
GMBFCMIU,PLMZALFA,1.4300346
GMBFCMIU,KFQSHBNH,20683.215
GMBFCMIU,RJCAXSGH,16349.332
TGOELCAG,DEWLVASR,234294.61
TGOELCAG,ELQGMQWE,455748.4
TGOELCAG,AHMDUILJ,104180.14
TGOELCAG,XIPPENFQ,116192.87
TGOELCAG,FTSVTTSR,183790.14
TGOELCAG,XMKRPGLB,801450.06
TGOELCAG,RCBZUSIM,7444.3516
TGOELCAG,SUOYXCHP,337.43167
TGOELCAG,ZKENOUDA,282610.75
TGOELCAG,WQMVCOEM,2017.108
TGOELCAG,BSRMSVTC,129432.766
TGOELCAG,DDEXPPXU,25848.057
TGOELCAG,LLHREMKS,27479.12
TGOELCAG,DNMPSKTB,4847872.0
TGOELCAG,WPQXWHYO,10875078.0
TGOELCAG,VWMBASNE,166419.36
TGOELCAG,RJGPVEXX,578875.6
TGOELCAG,ATLDMDBO,39910788.0
TGOELCAG,SAHWCZNH,1991340.8
TGOELCAG,LUENUFGA,3457418.8
TGOELCAG,HXYSSRXE,5808061.5
TGOELCAG,QRKRBYJL,1757402.1
TGOELCAG,FRHNWLNI,1044406.4
TGOELCAG,MBSBZBXA,4463114.0
TGOELCAG,BJALXPFS,175514.45
TGOELCAG,RAWUKQMJ,3339391.2
TGOELCAG,ZGJXVMNI,2541463.2
TGOELCAG,LRVGFDFM,4885037.0
TGOELCAG,BTMOEMEP,12607879.0
TGOELCAG,UXSPKBJR,310433.78
TGOELCAG,BEZYMBBT,3461476.8
TGOELCAG,SAAYMURU,25732.283
TGOELCAG,QJQJSWFU,126251.29
TGOELCAG,EVBVXETX,4967377.0
TGOELCAG,DUCMGGNW,1170939.9
TGOELCAG,OJIFIHMZ,1204576.4
TGOELCAG,STZDBITS,40087252.0
TGOELCAG,SNHYOVBM,468652.12
TGOELCAG,LPHPPJUG,1336628.1
TGOELCAG,FCYBOAXC,125815576.0
TGOELCAG,JPBRUTWP,5338877.5
TGOELCAG,LTOYKIML,346725.1
TGOELCAG,QVLMOEYE,1237399.6
TGOELCAG,JERHKLYW,5451.879
TGOELCAG,ZXERAXWP,13640.646
TGOELCAG,LSOIUSXD,96365.33
TGOELCAG,XUOIQPFL,2383736.8
TGOELCAG,WBLJNPZQ,151451.77
TGOELCAG,OXKURKXR,103803.375
TGOELCAG,AXULOHBQ,62835.008
TGOELCAG,DBWLZWNK,161491.69
TGOELCAG,NZKBIBNU,204091.55
TGOELCAG,OKMBFVKS,1766078.4
TGOELCAG,VUAFAIYJ,426144.38
TGOELCAG,CCLHWFWF,18772108.0
TGOELCAG,OGAFEHLU,51.285904
TGOELCAG,SDWAYPIK,4272833.5
TGOELCAG,UIFPPCLR,4685.1016
TGOELCAG,KEUWZRKO,325398.25
TGOELCAG,FQCLOEXA,1643754.8
TGOELCAG,APQGTRMF,1412.887
TGOELCAG,ZCELVYQU,9717.527
TGOELCAG,KAGJCHMR,5254.277
TGOELCAG,KJNSOAHR,8982115.0
TGOELCAG,QKXNTIIB,1442654.9
TGOELCAG,GKQIJYDH,12394644.0
TGOELCAG,VBYCLTYZ,305641.9
TGOELCAG,GYHKIVQT,12119375.0
TGOELCAG,ROACSLMG,1999781.0
TGOELCAG,VMAQSTJE,60069.203
TGOELCAG,XIFHSOWQ,45687.848
TGOELCAG,FITUEHWN,109357.26
TGOELCAG,UGEQLMXM,128954.1
TGOELCAG,BUZIIBYG,17599684.0
TGOELCAG,JBVHSUWY,234302.88
TGOELCAG,NAQIHUKZ,16.719606
TGOELCAG,MIRCVAMV,953.316
TGOELCAG,AANGBULD,77221.49
TGOELCAG,WHPUAOID,27152.26
TGOELCAG,UQYUIVVR,3807951.5
TGOELCAG,FWUCPMMW,69.56172
TGOELCAG,IGDVVKUD,2403.1511
TGOELCAG,FDXPMYGF,6415.764
TGOELCAG,QSDCUCLB,1.0866609
TGOELCAG,YSYHGLQK,3928.401
TGOELCAG,PYZMVUWD,131.38521
TGOELCAG,HCDTGMST,144261.08
TGOELCAG,JSLXRQOK,144.74399
TGOELCAG,XIIEJNEE,987.8537
TGOELCAG,BLANHGYY,206.42744
TGOELCAG,DJBLNPNC,25.780493
TGOELCAG,ANWUJOKX,1.422354
TGOELCAG,GMBFCMIU,2.5483108
TGOELCAG,RUVXNNVA,2.410001
TGOELCAG,TANNMIMB,34.654102
TGOELCAG,GIKPEWTY,0.31396633
TGOELCAG,PLMZALFA,2.5483108
TGOELCAG,KFQSHBNH,20721.578
TGOELCAG,RJCAXSGH,16364.2295
RUVXNNVA,DEWLVASR,233497.39
RUVXNNVA,ELQGMQWE,455730.6
RUVXNNVA,AHMDUILJ,101538.484
RUVXNNVA,XIPPENFQ,116196.414
RUVXNNVA,FTSVTTSR,183776.48
RUVXNNVA,XMKRPGLB,801272.75
RUVXNNVA,RCBZUSIM,7449.3096
RUVXNNVA,SUOYXCHP,336.10406
RUVXNNVA,ZKENOUDA,282852.88
RUVXNNVA,WQMVCOEM,2017.2755
RUVXNNVA,BSRMSVTC,129523.52
RUVXNNVA,DDEXPPXU,25857.674
RUVXNNVA,LLHREMKS,27682.027
RUVXNNVA,DNMPSKTB,4830915.5
RUVXNNVA,WPQXWHYO,10838591.0
RUVXNNVA,VWMBASNE,166406.97
RUVXNNVA,RJGPVEXX,580187.1
RUVXNNVA,ATLDMDBO,39886664.0
RUVXNNVA,SAHWCZNH,1991346.4
RUVXNNVA,LUENUFGA,3457484.8
RUVXNNVA,HXYSSRXE,5758467.5
RUVXNNVA,QRKRBYJL,1757333.5
RUVXNNVA,FRHNWLNI,1045015.1
RUVXNNVA,MBSBZBXA,4462854.5
RUVXNNVA,BJALXPFS,175501.39
RUVXNNVA,RAWUKQMJ,3333651.0
RUVXNNVA,ZGJXVMNI,2539280.5
RUVXNNVA,LRVGFDFM,4880897.0
RUVXNNVA,BTMOEMEP,12607181.0
RUVXNNVA,UXSPKBJR,309365.38
RUVXNNVA,BEZYMBBT,3461853.0
RUVXNNVA,SAAYMURU,25750.498
RUVXNNVA,QJQJSWFU,126324.64
RUVXNNVA,EVBVXETX,4986837.5
RUVXNNVA,DUCMGGNW,1170894.0
RUVXNNVA,OJIFIHMZ,1207076.4
RUVXNNVA,STZDBITS,40085030.0
RUVXNNVA,SNHYOVBM,470731.4
RUVXNNVA,LPHPPJUG,1336320.9
RUVXNNVA,FCYBOAXC,111333830.0
RUVXNNVA,JPBRUTWP,5307995.5
RUVXNNVA,LTOYKIML,346699.3
RUVXNNVA,QVLMOEYE,1251163.2
RUVXNNVA,JERHKLYW,5440.5073
RUVXNNVA,ZXERAXWP,13634.325
RUVXNNVA,LSOIUSXD,96294.68
RUVXNNVA,XUOIQPFL,2385977.0
RUVXNNVA,WBLJNPZQ,151440.5
RUVXNNVA,OXKURKXR,103795.66
RUVXNNVA,AXULOHBQ,62633.742
RUVXNNVA,DBWLZWNK,161373.3
RUVXNNVA,NZKBIBNU,202214.2
RUVXNNVA,OKMBFVKS,1767392.5
RUVXNNVA,VUAFAIYJ,426526.2
RUVXNNVA,CCLHWFWF,18771072.0
RUVXNNVA,OGAFEHLU,51.81564
RUVXNNVA,SDWAYPIK,4272584.5
RUVXNNVA,UIFPPCLR,4739.8696
RUVXNNVA,KEUWZRKO,325361.3
RUVXNNVA,FQCLOEXA,1642468.2
RUVXNNVA,APQGTRMF,1429.8018
RUVXNNVA,ZCELVYQU,9704.32
RUVXNNVA,KAGJCHMR,5243.3374
RUVXNNVA,KJNSOAHR,8981926.0
RUVXNNVA,QKXNTIIB,1445649.0
RUVXNNVA,GKQIJYDH,12393793.0
RUVXNNVA,VBYCLTYZ,305563.5
RUVXNNVA,GYHKIVQT,12151178.0
RUVXNNVA,ROACSLMG,1993031.6
RUVXNNVA,VMAQSTJE,60064.734
RUVXNNVA,XIFHSOWQ,45687.977
RUVXNNVA,FITUEHWN,109357.57
RUVXNNVA,UGEQLMXM,128667.87
RUVXNNVA,BUZIIBYG,17510148.0
RUVXNNVA,JBVHSUWY,234512.78
RUVXNNVA,NAQIHUKZ,16.898176
RUVXNNVA,MIRCVAMV,951.3726
RUVXNNVA,AANGBULD,77194.984
RUVXNNVA,WHPUAOID,27174.771
RUVXNNVA,UQYUIVVR,3807330.5
RUVXNNVA,FWUCPMMW,69.22073
RUVXNNVA,IGDVVKUD,2394.8838
RUVXNNVA,FDXPMYGF,6543.7466
RUVXNNVA,QSDCUCLB,1.4762859
RUVXNNVA,YSYHGLQK,3938.1787
RUVXNNVA,PYZMVUWD,132.02959
RUVXNNVA,HCDTGMST,144873.78
RUVXNNVA,JSLXRQOK,144.77797
RUVXNNVA,XIIEJNEE,992.2585
RUVXNNVA,BLANHGYY,206.13469
RUVXNNVA,DJBLNPNC,25.817678
RUVXNNVA,ANWUJOKX,1.09902
RUVXNNVA,GMBFCMIU,0.9467858
RUVXNNVA,TGOELCAG,50275.957
RUVXNNVA,TANNMIMB,24.721962
RUVXNNVA,GIKPEWTY,0.14992242
RUVXNNVA,PLMZALFA,0.9467858
RUVXNNVA,KFQSHBNH,20667.914
RUVXNNVA,RJCAXSGH,16337.236
TANNMIMB,DEWLVASR,233497.39
TANNMIMB,ELQGMQWE,455730.6
TANNMIMB,AHMDUILJ,101601.734
TANNMIMB,XIPPENFQ,116196.414
TANNMIMB,FTSVTTSR,183776.48
TANNMIMB,XMKRPGLB,801272.75
TANNMIMB,RCBZUSIM,7449.3096
TANNMIMB,SUOYXCHP,336.10406
TANNMIMB,ZKENOUDA,282852.88
TANNMIMB,WQMVCOEM,2017.2755
TANNMIMB,BSRMSVTC,129523.52
TANNMIMB,DDEXPPXU,25857.674
TANNMIMB,LLHREMKS,27701.861
TANNMIMB,DNMPSKTB,4834321.5
TANNMIMB,WPQXWHYO,10846243.0
TANNMIMB,VWMBASNE,166406.97
TANNMIMB,RJGPVEXX,580187.1
TANNMIMB,ATLDMDBO,39886664.0
TANNMIMB,SAHWCZNH,1991346.4
TANNMIMB,LUENUFGA,3457484.8
TANNMIMB,HXYSSRXE,5761203.0
TANNMIMB,QRKRBYJL,1757333.5
TANNMIMB,FRHNWLNI,1045015.1
TANNMIMB,MBSBZBXA,4462854.5
TANNMIMB,BJALXPFS,175501.39
TANNMIMB,RAWUKQMJ,3333651.0
TANNMIMB,ZGJXVMNI,2539280.5
TANNMIMB,LRVGFDFM,4880897.0
TANNMIMB,BTMOEMEP,12607181.0
TANNMIMB,UXSPKBJR,309365.38
TANNMIMB,BEZYMBBT,3461853.0
TANNMIMB,SAAYMURU,25750.498
TANNMIMB,QJQJSWFU,126324.64
TANNMIMB,EVBVXETX,4983533.5
TANNMIMB,DUCMGGNW,1170894.0
TANNMIMB,OJIFIHMZ,1207076.4
TANNMIMB,STZDBITS,40085030.0
TANNMIMB,SNHYOVBM,470731.4
TANNMIMB,LPHPPJUG,1338009.2
TANNMIMB,FCYBOAXC,109389510.0
TANNMIMB,JPBRUTWP,5298088.0
TANNMIMB,LTOYKIML,346699.3
TANNMIMB,QVLMOEYE,1249704.9
TANNMIMB,JERHKLYW,5440.5073
TANNMIMB,ZXERAXWP,13634.325
TANNMIMB,LSOIUSXD,96294.68
TANNMIMB,XUOIQPFL,2385977.0
TANNMIMB,WBLJNPZQ,151440.5
TANNMIMB,OXKURKXR,103795.66
TANNMIMB,AXULOHBQ,62633.742
TANNMIMB,DBWLZWNK,161373.3
TANNMIMB,NZKBIBNU,202214.2
TANNMIMB,OKMBFVKS,1767392.5
TANNMIMB,VUAFAIYJ,426526.2
TANNMIMB,CCLHWFWF,18771072.0
TANNMIMB,OGAFEHLU,51.853455
TANNMIMB,SDWAYPIK,4272584.5
TANNMIMB,UIFPPCLR,4739.8696
TANNMIMB,KEUWZRKO,325361.3
TANNMIMB,FQCLOEXA,1642468.2
TANNMIMB,APQGTRMF,1429.8018
TANNMIMB,ZCELVYQU,9704.32
TANNMIMB,KAGJCHMR,5243.3374
TANNMIMB,KJNSOAHR,8981926.0
TANNMIMB,QKXNTIIB,1445649.0
TANNMIMB,GKQIJYDH,12393793.0
TANNMIMB,VBYCLTYZ,305563.5
TANNMIMB,GYHKIVQT,12151178.0
TANNMIMB,ROACSLMG,1991853.5
TANNMIMB,VMAQSTJE,60064.734
TANNMIMB,XIFHSOWQ,45687.977
TANNMIMB,FITUEHWN,109357.57
TANNMIMB,UGEQLMXM,128667.87
TANNMIMB,BUZIIBYG,17535048.0
TANNMIMB,JBVHSUWY,234512.78
TANNMIMB,NAQIHUKZ,16.910992
TANNMIMB,MIRCVAMV,951.3726
TANNMIMB,AANGBULD,77194.984
TANNMIMB,WHPUAOID,27174.771
TANNMIMB,UQYUIVVR,3807330.5
TANNMIMB,FWUCPMMW,69.22073
TANNMIMB,IGDVVKUD,2394.8838
TANNMIMB,FDXPMYGF,6543.7466
TANNMIMB,QSDCUCLB,1.4532404
TANNMIMB,YSYHGLQK,3938.1787
TANNMIMB,PYZMVUWD,132.02959
TANNMIMB,HCDTGMST,144873.78
TANNMIMB,JSLXRQOK,144.77797
TANNMIMB,XIIEJNEE,992.2585
TANNMIMB,BLANHGYY,206.13469
TANNMIMB,DJBLNPNC,25.817678
TANNMIMB,ANWUJOKX,1.0696151
TANNMIMB,GMBFCMIU,0.8025067
TANNMIMB,TGOELCAG,50275.957
TANNMIMB,RUVXNNVA,3.1605778
TANNMIMB,GIKPEWTY,0.13247618
TANNMIMB,PLMZALFA,0.8025067
TANNMIMB,KFQSHBNH,20667.914
TANNMIMB,RJCAXSGH,16337.236
GIKPEWTY,DEWLVASR,233497.39
GIKPEWTY,ELQGMQWE,455730.6
GIKPEWTY,AHMDUILJ,101014.02
GIKPEWTY,XIPPENFQ,116196.414
GIKPEWTY,FTSVTTSR,183776.48
GIKPEWTY,XMKRPGLB,801272.75
GIKPEWTY,RCBZUSIM,7449.3096
GIKPEWTY,SUOYXCHP,336.10406
GIKPEWTY,ZKENOUDA,282852.88
GIKPEWTY,WQMVCOEM,2017.2755
GIKPEWTY,BSRMSVTC,129523.52
GIKPEWTY,DDEXPPXU,25857.674
GIKPEWTY,LLHREMKS,27656.14
GIKPEWTY,DNMPSKTB,4831187.5
GIKPEWTY,WPQXWHYO,10839211.0
GIKPEWTY,VWMBASNE,166406.97
GIKPEWTY,RJGPVEXX,580187.1
GIKPEWTY,ATLDMDBO,39886664.0
GIKPEWTY,SAHWCZNH,1991346.4
GIKPEWTY,LUENUFGA,3457484.8
GIKPEWTY,HXYSSRXE,5722019.5
GIKPEWTY,QRKRBYJL,1757333.5
GIKPEWTY,FRHNWLNI,1045015.1
GIKPEWTY,MBSBZBXA,4462854.5
GIKPEWTY,BJALXPFS,175501.39
GIKPEWTY,RAWUKQMJ,3333651.0
GIKPEWTY,ZGJXVMNI,2539280.5
GIKPEWTY,LRVGFDFM,4880897.0
GIKPEWTY,BTMOEMEP,12607181.0
GIKPEWTY,UXSPKBJR,309365.38
GIKPEWTY,BEZYMBBT,3461853.0
GIKPEWTY,SAAYMURU,25750.498
GIKPEWTY,QJQJSWFU,126324.64
GIKPEWTY,EVBVXETX,4950640.0
GIKPEWTY,DUCMGGNW,1170894.0
GIKPEWTY,OJIFIHMZ,1207076.4
GIKPEWTY,STZDBITS,40085030.0
GIKPEWTY,SNHYOVBM,470731.4
GIKPEWTY,LPHPPJUG,1325667.4
GIKPEWTY,FCYBOAXC,105698460.0
GIKPEWTY,JPBRUTWP,5263585.0
GIKPEWTY,LTOYKIML,346699.3
GIKPEWTY,QVLMOEYE,1247430.6
GIKPEWTY,JERHKLYW,5440.5073
GIKPEWTY,ZXERAXWP,13634.325
GIKPEWTY,LSOIUSXD,96294.68
GIKPEWTY,XUOIQPFL,2385977.0
GIKPEWTY,WBLJNPZQ,151440.5
GIKPEWTY,OXKURKXR,103795.66
GIKPEWTY,AXULOHBQ,62633.742
GIKPEWTY,DBWLZWNK,161373.3
GIKPEWTY,NZKBIBNU,202214.2
GIKPEWTY,OKMBFVKS,1764470.6
GIKPEWTY,VUAFAIYJ,426526.2
GIKPEWTY,CCLHWFWF,18771072.0
GIKPEWTY,OGAFEHLU,51.766266
GIKPEWTY,SDWAYPIK,4272584.5
GIKPEWTY,UIFPPCLR,4739.8696
GIKPEWTY,KEUWZRKO,325361.3
GIKPEWTY,FQCLOEXA,1642468.2
GIKPEWTY,APQGTRMF,1429.8018
GIKPEWTY,ZCELVYQU,9704.32
GIKPEWTY,KAGJCHMR,5243.3374
GIKPEWTY,KJNSOAHR,8981926.0
GIKPEWTY,QKXNTIIB,1445649.0
GIKPEWTY,GKQIJYDH,12393793.0
GIKPEWTY,VBYCLTYZ,305563.5
GIKPEWTY,GYHKIVQT,12151178.0
GIKPEWTY,ROACSLMG,1977142.6
GIKPEWTY,VMAQSTJE,60064.734
GIKPEWTY,XIFHSOWQ,45687.977
GIKPEWTY,FITUEHWN,109357.57
GIKPEWTY,UGEQLMXM,128667.87
GIKPEWTY,BUZIIBYG,17494792.0
GIKPEWTY,JBVHSUWY,234512.78
GIKPEWTY,NAQIHUKZ,16.881445
GIKPEWTY,MIRCVAMV,951.3726
GIKPEWTY,AANGBULD,77194.984
GIKPEWTY,WHPUAOID,27174.771
GIKPEWTY,UQYUIVVR,3807330.5
GIKPEWTY,FWUCPMMW,69.22073
GIKPEWTY,IGDVVKUD,2394.8838
GIKPEWTY,FDXPMYGF,6543.7466
GIKPEWTY,QSDCUCLB,1.4323997
GIKPEWTY,YSYHGLQK,3938.1787
GIKPEWTY,PYZMVUWD,132.02959
GIKPEWTY,HCDTGMST,144873.78
GIKPEWTY,JSLXRQOK,144.77797
GIKPEWTY,XIIEJNEE,992.2585
GIKPEWTY,BLANHGYY,206.13469
GIKPEWTY,DJBLNPNC,25.817678
GIKPEWTY,ANWUJOKX,1.0425355
GIKPEWTY,GMBFCMIU,0.6806085
GIKPEWTY,TGOELCAG,50275.957
GIKPEWTY,RUVXNNVA,3.2144737
GIKPEWTY,TANNMIMB,23.853922
GIKPEWTY,PLMZALFA,0.6806085
GIKPEWTY,KFQSHBNH,20667.914
GIKPEWTY,RJCAXSGH,16337.236
PLMZALFA,DEWLVASR,233512.08
PLMZALFA,ELQGMQWE,455759.25
PLMZALFA,AHMDUILJ,102223.57
PLMZALFA,XIPPENFQ,116203.73
PLMZALFA,FTSVTTSR,183788.05
PLMZALFA,XMKRPGLB,801323.2
PLMZALFA,RCBZUSIM,7452.4434
PLMZALFA,SUOYXCHP,335.92953
PLMZALFA,ZKENOUDA,282870.7
PLMZALFA,WQMVCOEM,2017.4006
PLMZALFA,BSRMSVTC,129531.68
PLMZALFA,DDEXPPXU,25859.3
PLMZALFA,LLHREMKS,27718.668
PLMZALFA,DNMPSKTB,4842964.5
PLMZALFA,WPQXWHYO,10892038.0
PLMZALFA,VWMBASNE,166417.45
PLMZALFA,RJGPVEXX,580223.6
PLMZALFA,ATLDMDBO,39889176.0
PLMZALFA,SAHWCZNH,1991471.8
PLMZALFA,LUENUFGA,3457702.2
PLMZALFA,HXYSSRXE,5780074.0
PLMZALFA,QRKRBYJL,1757444.0
PLMZALFA,FRHNWLNI,1045080.9
PLMZALFA,MBSBZBXA,4463135.0
PLMZALFA,BJALXPFS,175512.44
PLMZALFA,RAWUKQMJ,3333914.8
PLMZALFA,ZGJXVMNI,2539440.2
PLMZALFA,LRVGFDFM,4881204.5
PLMZALFA,BTMOEMEP,12607975.0
PLMZALFA,UXSPKBJR,309384.84
PLMZALFA,BEZYMBBT,3462071.0
PLMZALFA,SAAYMURU,25752.12
PLMZALFA,QJQJSWFU,126332.586
PLMZALFA,EVBVXETX,5021920.5
PLMZALFA,DUCMGGNW,1170967.8
PLMZALFA,OJIFIHMZ,1207152.4
PLMZALFA,STZDBITS,40087556.0
PLMZALFA,SNHYOVBM,470761.06
PLMZALFA,LPHPPJUG,1341871.0
PLMZALFA,FCYBOAXC,117574920.0
PLMZALFA,JPBRUTWP,5344343.5
PLMZALFA,LTOYKIML,346721.16
PLMZALFA,QVLMOEYE,1252619.9
PLMZALFA,JERHKLYW,5440.85
PLMZALFA,ZXERAXWP,13688.345
PLMZALFA,LSOIUSXD,96300.74
PLMZALFA,XUOIQPFL,2386127.0
PLMZALFA,WBLJNPZQ,151450.03
PLMZALFA,OXKURKXR,103802.19
PLMZALFA,AXULOHBQ,62637.688
PLMZALFA,DBWLZWNK,161383.45
PLMZALFA,NZKBIBNU,202127.05
PLMZALFA,OKMBFVKS,1767532.5
PLMZALFA,VUAFAIYJ,426553.03
PLMZALFA,CCLHWFWF,18772252.0
PLMZALFA,OGAFEHLU,51.534927
PLMZALFA,SDWAYPIK,4272853.5
PLMZALFA,UIFPPCLR,4728.8867
PLMZALFA,KEUWZRKO,325381.8
PLMZALFA,FQCLOEXA,1642571.6
PLMZALFA,APQGTRMF,1429.8905
PLMZALFA,ZCELVYQU,9708.402
PLMZALFA,KAGJCHMR,5243.6675
PLMZALFA,KJNSOAHR,8982492.0
PLMZALFA,QKXNTIIB,1445740.0
PLMZALFA,GKQIJYDH,12394573.0
PLMZALFA,VBYCLTYZ,305582.75
PLMZALFA,GYHKIVQT,12151943.0
PLMZALFA,ROACSLMG,2005105.2
PLMZALFA,VMAQSTJE,60068.516
PLMZALFA,XIFHSOWQ,45690.85
PLMZALFA,FITUEHWN,109364.46
PLMZALFA,UGEQLMXM,128675.97
PLMZALFA,BUZIIBYG,17568660.0
PLMZALFA,JBVHSUWY,234527.55
PLMZALFA,NAQIHUKZ,16.939827
PLMZALFA,MIRCVAMV,953.1781
PLMZALFA,AANGBULD,77199.84
PLMZALFA,WHPUAOID,27176.482
PLMZALFA,UQYUIVVR,3807570.2
PLMZALFA,FWUCPMMW,69.34906
PLMZALFA,IGDVVKUD,2395.0325
PLMZALFA,FDXPMYGF,6530.2603
PLMZALFA,QSDCUCLB,1.8487737
PLMZALFA,YSYHGLQK,3945.3755
PLMZALFA,PYZMVUWD,132.0353
PLMZALFA,HCDTGMST,144882.89
PLMZALFA,JSLXRQOK,144.78702
PLMZALFA,XIIEJNEE,991.1556
PLMZALFA,BLANHGYY,206.51323
PLMZALFA,DJBLNPNC,25.78733
PLMZALFA,ANWUJOKX,1.1276445
PLMZALFA,GMBFCMIU,1.4300346
PLMZALFA,TGOELCAG,50279.12
PLMZALFA,RUVXNNVA,3.8439226
PLMZALFA,TANNMIMB,25.884373
PLMZALFA,GIKPEWTY,0.15248781
PLMZALFA,KFQSHBNH,20683.215
PLMZALFA,RJCAXSGH,16349.332
KFQSHBNH,DEWLVASR,233495.38
KFQSHBNH,ELQGMQWE,455726.66
KFQSHBNH,AHMDUILJ,99494.984
KFQSHBNH,XIPPENFQ,116205.28
KFQSHBNH,FTSVTTSR,183789.8
KFQSHBNH,XMKRPGLB,801324.7
KFQSHBNH,RCBZUSIM,7448.0234
KFQSHBNH,SUOYXCHP,336.2846
KFQSHBNH,ZKENOUDA,282840.75
KFQSHBNH,WQMVCOEM,2018.0889
KFQSHBNH,BSRMSVTC,129407.96
KFQSHBNH,DDEXPPXU,25864.184
KFQSHBNH,LLHREMKS,27862.666
KFQSHBNH,DNMPSKTB,4861952.0
KFQSHBNH,WPQXWHYO,10868857.0
KFQSHBNH,VWMBASNE,166419.03
KFQSHBNH,RJGPVEXX,578873.94
KFQSHBNH,ATLDMDBO,39911624.0
KFQSHBNH,SAHWCZNH,1991245.8
KFQSHBNH,LUENUFGA,3457455.0
KFQSHBNH,HXYSSRXE,5770265.0
KFQSHBNH,QRKRBYJL,1757127.4
KFQSHBNH,FRHNWLNI,1043264.56
KFQSHBNH,MBSBZBXA,4463161.0
KFQSHBNH,BJALXPFS,175533.2
KFQSHBNH,RAWUKQMJ,3333797.2
KFQSHBNH,ZGJXVMNI,2540673.2
KFQSHBNH,LRVGFDFM,4881591.0
KFQSHBNH,BTMOEMEP,12607999.0
KFQSHBNH,UXSPKBJR,309352.1
KFQSHBNH,BEZYMBBT,3461909.2
KFQSHBNH,SAAYMURU,25730.662
KFQSHBNH,QJQJSWFU,126312.71
KFQSHBNH,EVBVXETX,4963328.0
KFQSHBNH,DUCMGGNW,1170884.0
KFQSHBNH,OJIFIHMZ,1207154.8
KFQSHBNH,STZDBITS,40087630.0
KFQSHBNH,SNHYOVBM,471272.25
KFQSHBNH,LPHPPJUG,1305636.5
KFQSHBNH,FCYBOAXC,124679416.0
KFQSHBNH,JPBRUTWP,5294613.0
KFQSHBNH,LTOYKIML,346696.34
KFQSHBNH,QVLMOEYE,1242804.4
KFQSHBNH,JERHKLYW,5448.864
KFQSHBNH,ZXERAXWP,13618.521
KFQSHBNH,LSOIUSXD,96420.3
KFQSHBNH,XUOIQPFL,2386015.5
KFQSHBNH,WBLJNPZQ,151467.94
KFQSHBNH,OXKURKXR,103789.42
KFQSHBNH,AXULOHBQ,62629.98
KFQSHBNH,DBWLZWNK,161460.73
KFQSHBNH,NZKBIBNU,202761.86
KFQSHBNH,OKMBFVKS,1757293.2
KFQSHBNH,VUAFAIYJ,426476.16
KFQSHBNH,CCLHWFWF,18772288.0
KFQSHBNH,OGAFEHLU,54.87375
KFQSHBNH,SDWAYPIK,4272878.0
KFQSHBNH,UIFPPCLR,4739.68
KFQSHBNH,KEUWZRKO,325347.34
KFQSHBNH,FQCLOEXA,1643320.6
KFQSHBNH,APQGTRMF,1434.2256
KFQSHBNH,ZCELVYQU,9694.209
KFQSHBNH,KAGJCHMR,5244.248
KFQSHBNH,KJNSOAHR,8982200.0
KFQSHBNH,QKXNTIIB,1445900.0
KFQSHBNH,GKQIJYDH,12393415.0
KFQSHBNH,VBYCLTYZ,305583.3
KFQSHBNH,GYHKIVQT,12119491.0
KFQSHBNH,ROACSLMG,1979223.5
KFQSHBNH,VMAQSTJE,60054.598
KFQSHBNH,XIFHSOWQ,45659.23
KFQSHBNH,FITUEHWN,109288.766
KFQSHBNH,UGEQLMXM,128936.76
KFQSHBNH,BUZIIBYG,17779960.0
KFQSHBNH,JBVHSUWY,234485.28
KFQSHBNH,NAQIHUKZ,18.039042
KFQSHBNH,MIRCVAMV,952.8224
KFQSHBNH,AANGBULD,77158.11
KFQSHBNH,WHPUAOID,27152.207
KFQSHBNH,UQYUIVVR,3807577.5
KFQSHBNH,FWUCPMMW,69.23158
KFQSHBNH,IGDVVKUD,2400.1724
KFQSHBNH,FDXPMYGF,6453.4546
KFQSHBNH,QSDCUCLB,1.5927336
KFQSHBNH,YSYHGLQK,3938.855
KFQSHBNH,PYZMVUWD,132.05858
KFQSHBNH,HCDTGMST,145209.34
KFQSHBNH,JSLXRQOK,144.73315
KFQSHBNH,XIIEJNEE,992.5655
KFQSHBNH,BLANHGYY,206.3775
KFQSHBNH,DJBLNPNC,25.798664
KFQSHBNH,ANWUJOKX,1.4948857
KFQSHBNH,GMBFCMIU,1.8887634
KFQSHBNH,TGOELCAG,50317.016
KFQSHBNH,RUVXNNVA,3.740508
KFQSHBNH,TANNMIMB,33.74765
KFQSHBNH,GIKPEWTY,0.42759144
KFQSHBNH,PLMZALFA,1.8887634
KFQSHBNH,RJCAXSGH,16347.227
RJCAXSGH,DEWLVASR,233504.28
RJCAXSGH,ELQGMQWE,455744.06
RJCAXSGH,AHMDUILJ,100443.125
RJCAXSGH,XIPPENFQ,116187.664
RJCAXSGH,FTSVTTSR,183761.94
RJCAXSGH,XMKRPGLB,801355.25
RJCAXSGH,RCBZUSIM,7449.352
RJCAXSGH,SUOYXCHP,336.2946
RJCAXSGH,ZKENOUDA,282851.53
RJCAXSGH,WQMVCOEM,2017.3958
RJCAXSGH,BSRMSVTC,129412.89
RJCAXSGH,DDEXPPXU,25826.965
RJCAXSGH,LLHREMKS,28334.889
RJCAXSGH,DNMPSKTB,4993571.5
RJCAXSGH,WPQXWHYO,10784316.0
RJCAXSGH,VWMBASNE,166393.8
RJCAXSGH,RJGPVEXX,579661.7
RJCAXSGH,ATLDMDBO,39909036.0
RJCAXSGH,SAHWCZNH,1991321.8
RJCAXSGH,LUENUFGA,3457587.0
RJCAXSGH,HXYSSRXE,5735230.0
RJCAXSGH,QRKRBYJL,1757194.4
RJCAXSGH,FRHNWLNI,1044056.8
RJCAXSGH,MBSBZBXA,4463331.0
RJCAXSGH,BJALXPFS,175506.6
RJCAXSGH,RAWUKQMJ,3333577.8
RJCAXSGH,ZGJXVMNI,2540506.0
RJCAXSGH,LRVGFDFM,4881777.0
RJCAXSGH,BTMOEMEP,12608504.0
RJCAXSGH,UXSPKBJR,309363.9
RJCAXSGH,BEZYMBBT,3461681.5
RJCAXSGH,SAAYMURU,25736.332
RJCAXSGH,QJQJSWFU,126324.03
RJCAXSGH,EVBVXETX,5209093.5
RJCAXSGH,DUCMGGNW,1170928.6
RJCAXSGH,OJIFIHMZ,1207200.8
RJCAXSGH,STZDBITS,40089240.0
RJCAXSGH,SNHYOVBM,471390.44
RJCAXSGH,LPHPPJUG,1342823.5
RJCAXSGH,FCYBOAXC,139852620.0
RJCAXSGH,JPBRUTWP,5455300.0
RJCAXSGH,LTOYKIML,346709.56
RJCAXSGH,QVLMOEYE,1277671.6
RJCAXSGH,JERHKLYW,5440.9277
RJCAXSGH,ZXERAXWP,13622.574
RJCAXSGH,LSOIUSXD,96350.53
RJCAXSGH,XUOIQPFL,2385858.5
RJCAXSGH,WBLJNPZQ,151444.97
RJCAXSGH,OXKURKXR,103798.73
RJCAXSGH,AXULOHBQ,62635.594
RJCAXSGH,DBWLZWNK,161466.89
RJCAXSGH,NZKBIBNU,203172.6
RJCAXSGH,OKMBFVKS,1758899.5
RJCAXSGH,VUAFAIYJ,426492.4
RJCAXSGH,CCLHWFWF,18773040.0
RJCAXSGH,OGAFEHLU,56.28613
RJCAXSGH,SDWAYPIK,4273041.0
RJCAXSGH,UIFPPCLR,4740.7246
RJCAXSGH,KEUWZRKO,325359.78
RJCAXSGH,FQCLOEXA,1643212.5
RJCAXSGH,APQGTRMF,1432.785
RJCAXSGH,ZCELVYQU,9696.345
RJCAXSGH,KAGJCHMR,5245.1836
RJCAXSGH,KJNSOAHR,8982560.0
RJCAXSGH,QKXNTIIB,1445955.1
RJCAXSGH,GKQIJYDH,12393912.0
RJCAXSGH,VBYCLTYZ,305594.97
RJCAXSGH,GYHKIVQT,12119976.0
RJCAXSGH,ROACSLMG,2038608.8
RJCAXSGH,VMAQSTJE,60059.98
RJCAXSGH,XIFHSOWQ,45666.848
RJCAXSGH,FITUEHWN,109307.0
RJCAXSGH,UGEQLMXM,128948.32
RJCAXSGH,BUZIIBYG,18554152.0
RJCAXSGH,JBVHSUWY,234494.22
RJCAXSGH,NAQIHUKZ,18.343843
RJCAXSGH,MIRCVAMV,952.0958
RJCAXSGH,AANGBULD,77143.17
RJCAXSGH,WHPUAOID,27170.678
RJCAXSGH,UQYUIVVR,3807722.8
RJCAXSGH,FWUCPMMW,69.19753
RJCAXSGH,IGDVVKUD,2396.8086
RJCAXSGH,FDXPMYGF,6511.4146
RJCAXSGH,QSDCUCLB,1.868078
RJCAXSGH,YSYHGLQK,3939.5615
RJCAXSGH,PYZMVUWD,131.99408
RJCAXSGH,HCDTGMST,145259.9
RJCAXSGH,JSLXRQOK,144.70508
RJCAXSGH,XIIEJNEE,993.0839
RJCAXSGH,BLANHGYY,206.46356
RJCAXSGH,DJBLNPNC,25.768484
RJCAXSGH,ANWUJOKX,2.0415885
RJCAXSGH,GMBFCMIU,4.857976
RJCAXSGH,TGOELCAG,50307.277
RJCAXSGH,RUVXNNVA,4.79969
RJCAXSGH,TANNMIMB,53.184555
RJCAXSGH,GIKPEWTY,0.73381424
RJCAXSGH,PLMZALFA,4.857976
RJCAXSGH,KFQSHBNH,20693.594
