leading_item_id,following_item_id,value
AANGBULD,AHMDUILJ,142988
AANGBULD,APQGTRMF,73677
AANGBULD,AXULOHBQ,135553
AANGBULD,BEZYMBBT,3281516
AANGBULD,BLANHGYY,70097
AANGBULD,BTMOEMEP,5138052
AANGBULD,BUZIIBYG,18798800
AANGBULD,DBWLZWNK,183909
AANGBULD,DEWLVASR,388598
AANGBULD,DNMPSKTB,5422835
AANGBULD,DUCMGGNW,934502
AANGBULD,ELQGMQWE,674348
AANGBULD,EVBVXETX,5053008
AANGBULD,FCYBOAXC,111024024
AANGBULD,FDXPMYGF,21435
AANGBULD,FITUEHWN,117377
AANGBULD,FQCLOEXA,2445276
AANGBULD,FRHNWLNI,877560
AANGBULD,FTSVTTSR,192363
AANGBULD,FWUCPMMW,20839
AANGBULD,GKQIJYDH,4863626
AANGBULD,GYHKIVQT,36761384
AANGBULD,HCDTGMST,117148
AANGBULD,HXYSSRXE,5081883
AANGBULD,IGDVVKUD,30717
AANGBULD,JBVHSUWY,429998
AANGBULD,JPBRUTWP,6895364
AANGBULD,KEUWZRKO,876144
AANGBULD,KJNSOAHR,24466308
AANGBULD,LLHREMKS,82555
AANGBULD,LSOIUSXD,239166
AANGBULD,LTOYKIML,371589
AANGBULD,LUENUFGA,3541990
AANGBULD,MBSBZBXA,3975908
AANGBULD,NAQIHUKZ,43029
AANGBULD,NZKBIBNU,280610
AANGBULD,OGAFEHLU,46214
AANGBULD,OKMBFVKS,1915720
AANGBULD,QKXNTIIB,1310975
AANGBULD,QRKRBYJL,2154862
AANGBULD,QVLMOEYE,1197431
AANGBULD,RAWUKQMJ,3566705
AANGBULD,RCBZUSIM,15607
AANGBULD,RJGPVEXX,590723
AANGBULD,ROACSLMG,2171077
AANGBULD,SAHWCZNH,1718364
AANGBULD,SDWAYPIK,5460148
AANGBULD,SNHYOVBM,292246
AANGBULD,UGEQLMXM,262154
AANGBULD,UIFPPCLR,144015
AANGBULD,UQYUIVVR,5720764
AANGBULD,UXSPKBJR,386839
AANGBULD,VBYCLTYZ,432724
AANGBULD,VUAFAIYJ,869088
AANGBULD,WBLJNPZQ,154272
AANGBULD,WHPUAOID,51432
AANGBULD,WPQXWHYO,21675682
AANGBULD,WQMVCOEM,19210
AANGBULD,XIFHSOWQ,102874
AANGBULD,XIIEJNEE,69068
AANGBULD,XUOIQPFL,2539342
AANGBULD,YSYHGLQK,21873
AANGBULD,ZCELVYQU,211709
AANGBULD,ZKENOUDA,426776
AANGBULD,ZXERAXWP,51444
AHMDUILJ,APQGTRMF,78166
AHMDUILJ,ATLDMDBO,34776020
AHMDUILJ,BEZYMBBT,3262591
AHMDUILJ,BJALXPFS,154387
AHMDUILJ,BLANHGYY,82806
AHMDUILJ,BSRMSVTC,283489
AHMDUILJ,BUZIIBYG,16359011
AHMDUILJ,DDEXPPXU,8137
AHMDUILJ,DJBLNPNC,20547
AHMDUILJ,DUCMGGNW,929666
AHMDUILJ,EVBVXETX,5102022
AHMDUILJ,FCYBOAXC,112594152
AHMDUILJ,FDXPMYGF,27120
AHMDUILJ,FITUEHWN,111776
AHMDUILJ,FQCLOEXA,2416858
AHMDUILJ,FRHNWLNI,889921
AHMDUILJ,FTSVTTSR,183683
AHMDUILJ,FWUCPMMW,25031
AHMDUILJ,GYHKIVQT,36849336
AHMDUILJ,HCDTGMST,113005
AHMDUILJ,HXYSSRXE,5369528
AHMDUILJ,IGDVVKUD,24888
AHMDUILJ,JPBRUTWP,6886452
AHMDUILJ,KAGJCHMR,32503
AHMDUILJ,KEUWZRKO,792425
AHMDUILJ,KJNSOAHR,25692150
AHMDUILJ,LRVGFDFM,2259837
AHMDUILJ,LSOIUSXD,257478
AHMDUILJ,LUENUFGA,3586424
AHMDUILJ,MIRCVAMV,88899
AHMDUILJ,NZKBIBNU,270144
AHMDUILJ,OJIFIHMZ,3310372
AHMDUILJ,PYZMVUWD,21235
AHMDUILJ,QRKRBYJL,2096154
AHMDUILJ,QVLMOEYE,1206848
AHMDUILJ,RAWUKQMJ,3639944
AHMDUILJ,RCBZUSIM,11212
AHMDUILJ,RJGPVEXX,601758
AHMDUILJ,ROACSLMG,2162170
AHMDUILJ,SAAYMURU,56833
AHMDUILJ,SAHWCZNH,1708008
AHMDUILJ,SDWAYPIK,5276519
AHMDUILJ,SNHYOVBM,285313
AHMDUILJ,STZDBITS,22763232
AHMDUILJ,SUOYXCHP,28279
AHMDUILJ,TGOELCAG,300344
AHMDUILJ,UGEQLMXM,266538
AHMDUILJ,UIFPPCLR,145932
AHMDUILJ,UXSPKBJR,405666
AHMDUILJ,VBYCLTYZ,440294
AHMDUILJ,VMAQSTJE,24033
AHMDUILJ,VWMBASNE,146606
AHMDUILJ,WPQXWHYO,21770252
AHMDUILJ,WQMVCOEM,22452
AHMDUILJ,XIFHSOWQ,100042
AHMDUILJ,XIIEJNEE,68195
AHMDUILJ,XIPPENFQ,136310
AHMDUILJ,XMKRPGLB,793744
AHMDUILJ,YSYHGLQK,26485
AHMDUILJ,ZGJXVMNI,2630268
AHMDUILJ,ZKENOUDA,422648
AHMDUILJ,ZXERAXWP,52094
APQGTRMF,AANGBULD,447082
APQGTRMF,ATLDMDBO,36947908
APQGTRMF,AXULOHBQ,120749
APQGTRMF,BEZYMBBT,3342321
APQGTRMF,BJALXPFS,157959
APQGTRMF,BSRMSVTC,279489
APQGTRMF,BTMOEMEP,4957021
APQGTRMF,BUZIIBYG,18317864
APQGTRMF,DBWLZWNK,193241
APQGTRMF,DDEXPPXU,11471
APQGTRMF,DEWLVASR,399572
APQGTRMF,DJBLNPNC,21235
APQGTRMF,DNMPSKTB,5527307
APQGTRMF,DUCMGGNW,925359
APQGTRMF,ELQGMQWE,658429
APQGTRMF,EVBVXETX,5135674
APQGTRMF,FCYBOAXC,110799752
APQGTRMF,FDXPMYGF,37322
APQGTRMF,FITUEHWN,115730
APQGTRMF,FQCLOEXA,2415271
APQGTRMF,FRHNWLNI,942330
APQGTRMF,FTSVTTSR,191035
APQGTRMF,GYHKIVQT,35901452
APQGTRMF,HXYSSRXE,5388621
APQGTRMF,IGDVVKUD,32268
APQGTRMF,JPBRUTWP,6559764
APQGTRMF,KEUWZRKO,861523
APQGTRMF,KJNSOAHR,27634832
APQGTRMF,LPHPPJUG,1183884
APQGTRMF,LUENUFGA,3556361
APQGTRMF,MBSBZBXA,3963444
APQGTRMF,MIRCVAMV,88899
APQGTRMF,NAQIHUKZ,51446
APQGTRMF,NZKBIBNU,272159
APQGTRMF,OGAFEHLU,45622
APQGTRMF,OJIFIHMZ,3337096
APQGTRMF,OKMBFVKS,1971172
APQGTRMF,OXKURKXR,144381
APQGTRMF,PYZMVUWD,20589
APQGTRMF,QJQJSWFU,141129
APQGTRMF,QKXNTIIB,1328266
APQGTRMF,QRKRBYJL,2014598
APQGTRMF,QVLMOEYE,1199884
APQGTRMF,RAWUKQMJ,3688662
APQGTRMF,RCBZUSIM,7207
APQGTRMF,RJGPVEXX,602037
APQGTRMF,ROACSLMG,2166451
APQGTRMF,SAHWCZNH,1702804
APQGTRMF,SDWAYPIK,5245945
APQGTRMF,SNHYOVBM,282406
APQGTRMF,UGEQLMXM,257857
APQGTRMF,UIFPPCLR,173654
APQGTRMF,UQYUIVVR,5143242
APQGTRMF,UXSPKBJR,415882
APQGTRMF,VMAQSTJE,13714
APQGTRMF,VWMBASNE,143311
APQGTRMF,WBLJNPZQ,157515
APQGTRMF,WHPUAOID,51343
APQGTRMF,WPQXWHYO,20503448
APQGTRMF,WQMVCOEM,26013
APQGTRMF,XIFHSOWQ,98125
APQGTRMF,XIPPENFQ,126253
APQGTRMF,XMKRPGLB,870084
APQGTRMF,XUOIQPFL,2458751
APQGTRMF,YSYHGLQK,20706
APQGTRMF,ZCELVYQU,218333
APQGTRMF,ZGJXVMNI,2646240
APQGTRMF,ZKENOUDA,413476
APQGTRMF,ZXERAXWP,57512
ATLDMDBO,AANGBULD,446688
ATLDMDBO,AHMDUILJ,129738
ATLDMDBO,APQGTRMF,64223
ATLDMDBO,AXULOHBQ,98297
ATLDMDBO,BEZYMBBT,3203690
ATLDMDBO,BJALXPFS,143909
ATLDMDBO,BSRMSVTC,266076
ATLDMDBO,BTMOEMEP,3962022
ATLDMDBO,CCLHWFWF,14290311
ATLDMDBO,DBWLZWNK,165399
ATLDMDBO,DEWLVASR,399265
ATLDMDBO,DNMPSKTB,5117618
ATLDMDBO,ELQGMQWE,659126
ATLDMDBO,EVBVXETX,5145312
ATLDMDBO,FCYBOAXC,112523168
ATLDMDBO,FDXPMYGF,15718
ATLDMDBO,FITUEHWN,112537
ATLDMDBO,FQCLOEXA,2285830
ATLDMDBO,FRHNWLNI,896988
ATLDMDBO,GYHKIVQT,34489404
ATLDMDBO,HXYSSRXE,4883876
ATLDMDBO,IGDVVKUD,31670
ATLDMDBO,JBVHSUWY,407623
ATLDMDBO,JPBRUTWP,6179354
ATLDMDBO,KEUWZRKO,735842
ATLDMDBO,KJNSOAHR,29014500
ATLDMDBO,LPHPPJUG,1174680
ATLDMDBO,LRVGFDFM,2042296
ATLDMDBO,LUENUFGA,3334968
ATLDMDBO,MIRCVAMV,81608
ATLDMDBO,NZKBIBNU,265399
ATLDMDBO,OGAFEHLU,28230
ATLDMDBO,OKMBFVKS,1832530
ATLDMDBO,OXKURKXR,116846
ATLDMDBO,PYZMVUWD,8799
ATLDMDBO,QJQJSWFU,124124
ATLDMDBO,QRKRBYJL,1921101
ATLDMDBO,QVLMOEYE,1167851
ATLDMDBO,RAWUKQMJ,3585554
ATLDMDBO,RCBZUSIM,38529
ATLDMDBO,RJGPVEXX,603078
ATLDMDBO,SAHWCZNH,1636372
ATLDMDBO,SDWAYPIK,5222906
ATLDMDBO,UGEQLMXM,242539
ATLDMDBO,UIFPPCLR,120671
ATLDMDBO,UXSPKBJR,385127
ATLDMDBO,VBYCLTYZ,405266
ATLDMDBO,VMAQSTJE,8108
ATLDMDBO,VUAFAIYJ,862240
ATLDMDBO,VWMBASNE,134482
ATLDMDBO,WBLJNPZQ,130514
ATLDMDBO,WPQXWHYO,21193794
ATLDMDBO,WQMVCOEM,16026
ATLDMDBO,XIFHSOWQ,78646
ATLDMDBO,XIPPENFQ,113236
ATLDMDBO,XUOIQPFL,2298129
ATLDMDBO,ZCELVYQU,216500
ATLDMDBO,ZGJXVMNI,2612198
ATLDMDBO,ZKENOUDA,422885
ATLDMDBO,ZXERAXWP,56169
AXULOHBQ,AANGBULD,454612
AXULOHBQ,AHMDUILJ,136889
AXULOHBQ,ATLDMDBO,38272956
AXULOHBQ,BEZYMBBT,3242268
AXULOHBQ,BJALXPFS,176945
AXULOHBQ,BSRMSVTC,281888
AXULOHBQ,BTMOEMEP,4551888
AXULOHBQ,DBWLZWNK,197271
AXULOHBQ,DDEXPPXU,13007
AXULOHBQ,DEWLVASR,378887
AXULOHBQ,DJBLNPNC,25142
AXULOHBQ,DNMPSKTB,4955163
AXULOHBQ,EVBVXETX,5061618
AXULOHBQ,FCYBOAXC,111282800
AXULOHBQ,FDXPMYGF,49019
AXULOHBQ,FITUEHWN,112272
AXULOHBQ,FQCLOEXA,2455429
AXULOHBQ,FRHNWLNI,944211
AXULOHBQ,GYHKIVQT,35918836
AXULOHBQ,HCDTGMST,116743
AXULOHBQ,HXYSSRXE,5410416
AXULOHBQ,IGDVVKUD,30717
AXULOHBQ,JSLXRQOK,22323
AXULOHBQ,KEUWZRKO,792978
AXULOHBQ,KJNSOAHR,24697812
AXULOHBQ,LPHPPJUG,1200427
AXULOHBQ,LRVGFDFM,2260141
AXULOHBQ,LTOYKIML,387868
AXULOHBQ,LUENUFGA,3469355
AXULOHBQ,MIRCVAMV,84204
AXULOHBQ,NAQIHUKZ,44976
AXULOHBQ,NZKBIBNU,261014
AXULOHBQ,OGAFEHLU,46332
AXULOHBQ,OKMBFVKS,1938111
AXULOHBQ,PYZMVUWD,23421
AXULOHBQ,QJQJSWFU,141778
AXULOHBQ,QRKRBYJL,2179746
AXULOHBQ,RCBZUSIM,12521
AXULOHBQ,RJGPVEXX,623192
AXULOHBQ,SAHWCZNH,1751562
AXULOHBQ,SDWAYPIK,5229038
AXULOHBQ,SUOYXCHP,28288
AXULOHBQ,UQYUIVVR,6072233
AXULOHBQ,UXSPKBJR,399572
AXULOHBQ,VMAQSTJE,18327
AXULOHBQ,VUAFAIYJ,865439
AXULOHBQ,VWMBASNE,138307
AXULOHBQ,WBLJNPZQ,152833
AXULOHBQ,WHPUAOID,47115
AXULOHBQ,WPQXWHYO,18798460
AXULOHBQ,WQMVCOEM,19885
AXULOHBQ,XIFHSOWQ,92617
AXULOHBQ,XIPPENFQ,128061
AXULOHBQ,XUOIQPFL,2494327
AXULOHBQ,ZGJXVMNI,2683353
AXULOHBQ,ZKENOUDA,419025
AXULOHBQ,ZXERAXWP,56018
BEZYMBBT,AANGBULD,446252
BEZYMBBT,AHMDUILJ,143284
BEZYMBBT,APQGTRMF,69111
BEZYMBBT,ATLDMDBO,36694684
BEZYMBBT,AXULOHBQ,116347
BEZYMBBT,BJALXPFS,155871
BEZYMBBT,DBWLZWNK,183310
BEZYMBBT,DNMPSKTB,5404418
BEZYMBBT,ELQGMQWE,658978
BEZYMBBT,EVBVXETX,5071114
BEZYMBBT,FDXPMYGF,27248
BEZYMBBT,FITUEHWN,114985
BEZYMBBT,FQCLOEXA,2292815
BEZYMBBT,FRHNWLNI,922817
BEZYMBBT,FTSVTTSR,187147
BEZYMBBT,FWUCPMMW,29797
BEZYMBBT,GKQIJYDH,4470195
BEZYMBBT,GYHKIVQT,32041498
BEZYMBBT,HXYSSRXE,4872956
BEZYMBBT,IGDVVKUD,28977
BEZYMBBT,JPBRUTWP,6374098
BEZYMBBT,JSLXRQOK,27150
BEZYMBBT,KAGJCHMR,37172
BEZYMBBT,KEUWZRKO,817684
BEZYMBBT,KJNSOAHR,25772994
BEZYMBBT,LLHREMKS,80671
BEZYMBBT,LPHPPJUG,1170411
BEZYMBBT,LTOYKIML,356342
BEZYMBBT,LUENUFGA,3516083
BEZYMBBT,MIRCVAMV,81621
BEZYMBBT,NZKBIBNU,270166
BEZYMBBT,OGAFEHLU,42778
BEZYMBBT,OKMBFVKS,1870530
BEZYMBBT,OXKURKXR,131740
BEZYMBBT,PYZMVUWD,19199
BEZYMBBT,QJQJSWFU,130613
BEZYMBBT,QRKRBYJL,2020193
BEZYMBBT,QVLMOEYE,1151737
BEZYMBBT,RAWUKQMJ,3686235
BEZYMBBT,RCBZUSIM,5717
BEZYMBBT,RJGPVEXX,608516
BEZYMBBT,SAAYMURU,54799
BEZYMBBT,SAHWCZNH,1666526
BEZYMBBT,SDWAYPIK,5398769
BEZYMBBT,STZDBITS,21790212
BEZYMBBT,TGOELCAG,299949
BEZYMBBT,UGEQLMXM,263825
BEZYMBBT,UIFPPCLR,137684
BEZYMBBT,UXSPKBJR,389554
BEZYMBBT,VBYCLTYZ,425980
BEZYMBBT,VMAQSTJE,9687
BEZYMBBT,VUAFAIYJ,861830
BEZYMBBT,VWMBASNE,142728
BEZYMBBT,WBLJNPZQ,146480
BEZYMBBT,WPQXWHYO,21575510
BEZYMBBT,WQMVCOEM,23554
BEZYMBBT,XIIEJNEE,73740
BEZYMBBT,XIPPENFQ,129226
BEZYMBBT,XMKRPGLB,854080
BEZYMBBT,XUOIQPFL,2335574
BEZYMBBT,YSYHGLQK,25380
BEZYMBBT,ZCELVYQU,219609
BEZYMBBT,ZGJXVMNI,2595914
BEZYMBBT,ZKENOUDA,414268
BEZYMBBT,ZXERAXWP,55523
BJALXPFS,AHMDUILJ,138882
BJALXPFS,APQGTRMF,78166
BJALXPFS,ATLDMDBO,37206972
BJALXPFS,AXULOHBQ,121399
BJALXPFS,BEZYMBBT,3250020
BJALXPFS,BSRMSVTC,282259
BJALXPFS,BTMOEMEP,4717222
BJALXPFS,DBWLZWNK,186961
BJALXPFS,DDEXPPXU,13015
BJALXPFS,DNMPSKTB,5473190
BJALXPFS,DUCMGGNW,919962
BJALXPFS,ELQGMQWE,656564
BJALXPFS,EVBVXETX,5123676
BJALXPFS,FDXPMYGF,25710
BJALXPFS,FITUEHWN,113197
BJALXPFS,GYHKIVQT,34250504
BJALXPFS,HCDTGMST,107475
BJALXPFS,HXYSSRXE,5512944
BJALXPFS,IGDVVKUD,30082
BJALXPFS,JBVHSUWY,423626
BJALXPFS,JERHKLYW,26016
BJALXPFS,JPBRUTWP,6915522
BJALXPFS,KEUWZRKO,861150
BJALXPFS,LPHPPJUG,1191450
BJALXPFS,LTOYKIML,380858
BJALXPFS,MBSBZBXA,4046430
BJALXPFS,MIRCVAMV,90118
BJALXPFS,OGAFEHLU,47683
BJALXPFS,OKMBFVKS,1901421
BJALXPFS,PYZMVUWD,21862
BJALXPFS,QJQJSWFU,139172
BJALXPFS,QRKRBYJL,2046919
BJALXPFS,QVLMOEYE,1202116
BJALXPFS,RAWUKQMJ,3572436
BJALXPFS,RCBZUSIM,11848
BJALXPFS,RJGPVEXX,598673
BJALXPFS,SAAYMURU,52134
BJALXPFS,SDWAYPIK,5406830
BJALXPFS,SNHYOVBM,288470
BJALXPFS,UGEQLMXM,266521
BJALXPFS,UIFPPCLR,141829
BJALXPFS,VMAQSTJE,21707
BJALXPFS,VWMBASNE,140816
BJALXPFS,WBLJNPZQ,152310
BJALXPFS,WHPUAOID,49032
BJALXPFS,WPQXWHYO,21833854
BJALXPFS,XIFHSOWQ,101904
BJALXPFS,XIPPENFQ,137114
BJALXPFS,XMKRPGLB,787297
BJALXPFS,XUOIQPFL,2494066
BJALXPFS,YSYHGLQK,26545
BJALXPFS,ZKENOUDA,418431
BLANHGYY,AHMDUILJ,137916
BLANHGYY,APQGTRMF,75147
BLANHGYY,AXULOHBQ,118026
BLANHGYY,BEZYMBBT,3332815
BLANHGYY,BJALXPFS,191309
BLANHGYY,BSRMSVTC,292324
BLANHGYY,BTMOEMEP,4279178
BLANHGYY,CCLHWFWF,13916400
BLANHGYY,DBWLZWNK,190163
BLANHGYY,DDEXPPXU,9996
BLANHGYY,DJBLNPNC,23421
BLANHGYY,DNMPSKTB,5543178
BLANHGYY,DUCMGGNW,936304
BLANHGYY,EVBVXETX,5043421
BLANHGYY,FCYBOAXC,114713240
BLANHGYY,FDXPMYGF,60485
BLANHGYY,FITUEHWN,117021
BLANHGYY,FQCLOEXA,2408370
BLANHGYY,FRHNWLNI,870798
BLANHGYY,FWUCPMMW,34071
BLANHGYY,HCDTGMST,111999
BLANHGYY,HXYSSRXE,5633726
BLANHGYY,IGDVVKUD,32904
BLANHGYY,JBVHSUWY,421972
BLANHGYY,JPBRUTWP,6695726
BLANHGYY,JSLXRQOK,24992
BLANHGYY,KEUWZRKO,798539
BLANHGYY,LPHPPJUG,1202014
BLANHGYY,LRVGFDFM,2320888
BLANHGYY,LTOYKIML,394572
BLANHGYY,LUENUFGA,3604200
BLANHGYY,MBSBZBXA,4060031
BLANHGYY,MIRCVAMV,86390
BLANHGYY,NAQIHUKZ,45783
BLANHGYY,NZKBIBNU,271835
BLANHGYY,OGAFEHLU,45783
BLANHGYY,OJIFIHMZ,3369164
BLANHGYY,OXKURKXR,139360
BLANHGYY,PYZMVUWD,26946
BLANHGYY,QJQJSWFU,138588
BLANHGYY,QKXNTIIB,1298174
BLANHGYY,QRKRBYJL,2125450
BLANHGYY,RAWUKQMJ,3565046
BLANHGYY,RCBZUSIM,15607
BLANHGYY,RJGPVEXX,645823
BLANHGYY,SAHWCZNH,1750270
BLANHGYY,SDWAYPIK,5286623
BLANHGYY,STZDBITS,21145948
BLANHGYY,SUOYXCHP,22329
BLANHGYY,TGOELCAG,304461
BLANHGYY,UIFPPCLR,144015
BLANHGYY,UQYUIVVR,4898294
BLANHGYY,UXSPKBJR,400624
BLANHGYY,VMAQSTJE,22815
BLANHGYY,VWMBASNE,141933
BLANHGYY,WBLJNPZQ,151454
BLANHGYY,WHPUAOID,47180
BLANHGYY,WPQXWHYO,18659770
BLANHGYY,WQMVCOEM,26946
BLANHGYY,XIFHSOWQ,94804
BLANHGYY,XIPPENFQ,131771
BLANHGYY,XUOIQPFL,2579657
BLANHGYY,ZGJXVMNI,2690064
BLANHGYY,ZKENOUDA,435922
BLANHGYY,ZXERAXWP,57356
BSRMSVTC,AHMDUILJ,143605
BSRMSVTC,ATLDMDBO,33257932
BSRMSVTC,BEZYMBBT,3254850
BSRMSVTC,BLANHGYY,79599
BSRMSVTC,DBWLZWNK,171033
BSRMSVTC,DDEXPPXU,11356
BSRMSVTC,DEWLVASR,398818
BSRMSVTC,DJBLNPNC,22197
BSRMSVTC,DNMPSKTB,5048370
BSRMSVTC,DUCMGGNW,909481
BSRMSVTC,EVBVXETX,5166277
BSRMSVTC,FDXPMYGF,21057
BSRMSVTC,FITUEHWN,109971
BSRMSVTC,FQCLOEXA,2358607
BSRMSVTC,FRHNWLNI,942358
BSRMSVTC,FTSVTTSR,163947
BSRMSVTC,FWUCPMMW,24654
BSRMSVTC,GKQIJYDH,4977743
BSRMSVTC,HCDTGMST,107298
BSRMSVTC,HXYSSRXE,5670035
BSRMSVTC,IGDVVKUD,23347
BSRMSVTC,JBVHSUWY,423284
BSRMSVTC,JPBRUTWP,6546674
BSRMSVTC,JSLXRQOK,23409
BSRMSVTC,KEUWZRKO,849727
BSRMSVTC,LLHREMKS,68260
BSRMSVTC,LRVGFDFM,2306702
BSRMSVTC,LSOIUSXD,249542
BSRMSVTC,LTOYKIML,375693
BSRMSVTC,LUENUFGA,3591323
BSRMSVTC,MBSBZBXA,4069812
BSRMSVTC,MIRCVAMV,88021
BSRMSVTC,NAQIHUKZ,40217
BSRMSVTC,NZKBIBNU,252485
BSRMSVTC,OGAFEHLU,42856
BSRMSVTC,OJIFIHMZ,3310212
BSRMSVTC,OXKURKXR,135885
BSRMSVTC,PYZMVUWD,26220
BSRMSVTC,QJQJSWFU,138411
BSRMSVTC,QRKRBYJL,2150502
BSRMSVTC,RJGPVEXX,602621
BSRMSVTC,ROACSLMG,2182744
BSRMSVTC,SAAYMURU,43811
BSRMSVTC,SAHWCZNH,1715381
BSRMSVTC,SDWAYPIK,5212194
BSRMSVTC,SNHYOVBM,289156
BSRMSVTC,STZDBITS,19829858
BSRMSVTC,SUOYXCHP,19751
BSRMSVTC,TGOELCAG,287788
BSRMSVTC,UIFPPCLR,144404
BSRMSVTC,UQYUIVVR,6216910
BSRMSVTC,UXSPKBJR,402204
BSRMSVTC,VMAQSTJE,11967
BSRMSVTC,VWMBASNE,133698
BSRMSVTC,WBLJNPZQ,148516
BSRMSVTC,WPQXWHYO,19141758
BSRMSVTC,WQMVCOEM,25190
BSRMSVTC,XIFHSOWQ,96420
BSRMSVTC,XIIEJNEE,69068
BSRMSVTC,XIPPENFQ,130063
BSRMSVTC,XMKRPGLB,804449
BSRMSVTC,XUOIQPFL,2514472
BSRMSVTC,ZGJXVMNI,2651680
BSRMSVTC,ZKENOUDA,422922
BTMOEMEP,AANGBULD,449380
BTMOEMEP,AHMDUILJ,137684
BTMOEMEP,APQGTRMF,64236
BTMOEMEP,ATLDMDBO,41005300
BTMOEMEP,AXULOHBQ,103670
BTMOEMEP,BEZYMBBT,3203703
BTMOEMEP,BJALXPFS,143541
BTMOEMEP,BLANHGYY,68233
BTMOEMEP,BSRMSVTC,248845
BTMOEMEP,CCLHWFWF,13120744
BTMOEMEP,DBWLZWNK,173070
BTMOEMEP,DEWLVASR,396972
BTMOEMEP,DJBLNPNC,16040
BTMOEMEP,DNMPSKTB,4707502
BTMOEMEP,ELQGMQWE,660390
BTMOEMEP,EVBVXETX,5130764
BTMOEMEP,FCYBOAXC,111035496
BTMOEMEP,FDXPMYGF,11170
BTMOEMEP,FITUEHWN,114400
BTMOEMEP,FQCLOEXA,2336979
BTMOEMEP,FRHNWLNI,901132
BTMOEMEP,GYHKIVQT,34169316
BTMOEMEP,HXYSSRXE,4809324
BTMOEMEP,IGDVVKUD,17276
BTMOEMEP,JBVHSUWY,406469
BTMOEMEP,JPBRUTWP,6184037
BTMOEMEP,JSLXRQOK,28392
BTMOEMEP,KEUWZRKO,739783
BTMOEMEP,KJNSOAHR,25616716
BTMOEMEP,LPHPPJUG,1183168
BTMOEMEP,LRVGFDFM,2170000
BTMOEMEP,LTOYKIML,377444
BTMOEMEP,LUENUFGA,3257558
BTMOEMEP,MIRCVAMV,79114
BTMOEMEP,NZKBIBNU,272405
BTMOEMEP,OGAFEHLU,35323
BTMOEMEP,OKMBFVKS,1838614
BTMOEMEP,OXKURKXR,128493
BTMOEMEP,PYZMVUWD,11819
BTMOEMEP,QJQJSWFU,127856
BTMOEMEP,QRKRBYJL,1977744
BTMOEMEP,QVLMOEYE,1173893
BTMOEMEP,RAWUKQMJ,3644444
BTMOEMEP,RCBZUSIM,195
BTMOEMEP,RJGPVEXX,597010
BTMOEMEP,ROACSLMG,2138250
BTMOEMEP,SAHWCZNH,1668886
BTMOEMEP,SDWAYPIK,5194800
BTMOEMEP,SUOYXCHP,12249
BTMOEMEP,TGOELCAG,292267
BTMOEMEP,UGEQLMXM,245881
BTMOEMEP,UIFPPCLR,128682
BTMOEMEP,UXSPKBJR,408277
BTMOEMEP,VBYCLTYZ,418851
BTMOEMEP,VMAQSTJE,12897
BTMOEMEP,VWMBASNE,128740
BTMOEMEP,WBLJNPZQ,147257
BTMOEMEP,WPQXWHYO,20727636
BTMOEMEP,WQMVCOEM,14128
BTMOEMEP,XIFHSOWQ,84135
BTMOEMEP,XIIEJNEE,55850
BTMOEMEP,XIPPENFQ,117215
BTMOEMEP,XUOIQPFL,2370553
BTMOEMEP,YSYHGLQK,19191
BTMOEMEP,ZCELVYQU,220238
BTMOEMEP,ZGJXVMNI,2568100
BTMOEMEP,ZKENOUDA,421450
BUZIIBYG,AHMDUILJ,134437
BUZIIBYG,APQGTRMF,67805
BUZIIBYG,BEZYMBBT,3160505
BUZIIBYG,BJALXPFS,149283
BUZIIBYG,BSRMSVTC,257110
BUZIIBYG,BTMOEMEP,3853927
BUZIIBYG,DBWLZWNK,180884
BUZIIBYG,DJBLNPNC,18021
BUZIIBYG,DNMPSKTB,4993216
BUZIIBYG,FCYBOAXC,113975992
BUZIIBYG,FDXPMYGF,13666
BUZIIBYG,FITUEHWN,99771
BUZIIBYG,FQCLOEXA,2326860
BUZIIBYG,FRHNWLNI,913716
BUZIIBYG,FWUCPMMW,16795
BUZIIBYG,GYHKIVQT,35943084
BUZIIBYG,HCDTGMST,116197
BUZIIBYG,HXYSSRXE,5033802
BUZIIBYG,IGDVVKUD,23151
BUZIIBYG,JERHKLYW,29449
BUZIIBYG,JPBRUTWP,6146140
BUZIIBYG,KEUWZRKO,816250
BUZIIBYG,KJNSOAHR,26408052
BUZIIBYG,LPHPPJUG,1160636
BUZIIBYG,LRVGFDFM,2212038
BUZIIBYG,LSOIUSXD,234506
BUZIIBYG,LTOYKIML,377444
BUZIIBYG,LUENUFGA,3460850
BUZIIBYG,MIRCVAMV,78167
BUZIIBYG,NZKBIBNU,247479
BUZIIBYG,OGAFEHLU,35323
BUZIIBYG,PYZMVUWD,16026
BUZIIBYG,QJQJSWFU,131652
BUZIIBYG,QVLMOEYE,1164669
BUZIIBYG,RCBZUSIM,0
BUZIIBYG,RJGPVEXX,583305
BUZIIBYG,ROACSLMG,2092667
BUZIIBYG,SAHWCZNH,1663989
BUZIIBYG,SDWAYPIK,5242381
BUZIIBYG,SNHYOVBM,289396
BUZIIBYG,STZDBITS,21119962
BUZIIBYG,SUOYXCHP,19555
BUZIIBYG,TGOELCAG,304250
BUZIIBYG,UGEQLMXM,253796
BUZIIBYG,UXSPKBJR,385140
BUZIIBYG,VWMBASNE,134597
BUZIIBYG,WBLJNPZQ,136016
BUZIIBYG,WPQXWHYO,21927790
BUZIIBYG,WQMVCOEM,24822
BUZIIBYG,XIFHSOWQ,100659
BUZIIBYG,XIPPENFQ,127002
BUZIIBYG,XMKRPGLB,781207
BUZIIBYG,XUOIQPFL,2341089
BUZIIBYG,YSYHGLQK,18388
BUZIIBYG,ZGJXVMNI,2578366
BUZIIBYG,ZKENOUDA,420815
BUZIIBYG,ZXERAXWP,55343
CCLHWFWF,AANGBULD,454398
CCLHWFWF,AHMDUILJ,143275
CCLHWFWF,ATLDMDBO,37956388
CCLHWFWF,AXULOHBQ,108083
CCLHWFWF,BLANHGYY,66185
CCLHWFWF,BTMOEMEP,4896252
CCLHWFWF,DBWLZWNK,178009
CCLHWFWF,DJBLNPNC,23983
CCLHWFWF,DNMPSKTB,5298812
CCLHWFWF,DUCMGGNW,876429
CCLHWFWF,ELQGMQWE,660390
CCLHWFWF,FCYBOAXC,111988952
CCLHWFWF,FQCLOEXA,2298085
CCLHWFWF,FTSVTTSR,179316
CCLHWFWF,FWUCPMMW,11774
CCLHWFWF,JBVHSUWY,411522
CCLHWFWF,JERHKLYW,30885
CCLHWFWF,JPBRUTWP,6151770
CCLHWFWF,JSLXRQOK,15415
CCLHWFWF,KEUWZRKO,817862
CCLHWFWF,LLHREMKS,66934
CCLHWFWF,LRVGFDFM,2199850
CCLHWFWF,LSOIUSXD,226911
CCLHWFWF,LTOYKIML,364303
CCLHWFWF,LUENUFGA,3530500
CCLHWFWF,MIRCVAMV,75853
CCLHWFWF,NAQIHUKZ,35323
CCLHWFWF,OGAFEHLU,35874
CCLHWFWF,OKMBFVKS,1839084
CCLHWFWF,QKXNTIIB,1263476
CCLHWFWF,QRKRBYJL,2105566
CCLHWFWF,QVLMOEYE,1168914
CCLHWFWF,RAWUKQMJ,3632812
CCLHWFWF,RJGPVEXX,604356
CCLHWFWF,ROACSLMG,2121845
CCLHWFWF,SAAYMURU,46054
CCLHWFWF,SAHWCZNH,1658857
CCLHWFWF,SDWAYPIK,5303745
CCLHWFWF,STZDBITS,22029836
CCLHWFWF,UGEQLMXM,252479
CCLHWFWF,UIFPPCLR,134551
CCLHWFWF,UXSPKBJR,399442
CCLHWFWF,VBYCLTYZ,428642
CCLHWFWF,VUAFAIYJ,868025
CCLHWFWF,VWMBASNE,122382
CCLHWFWF,WBLJNPZQ,128676
CCLHWFWF,WHPUAOID,37629
CCLHWFWF,WPQXWHYO,21478752
CCLHWFWF,WQMVCOEM,19246
CCLHWFWF,XIFHSOWQ,86657
CCLHWFWF,XIIEJNEE,72304
CCLHWFWF,XIPPENFQ,126988
CCLHWFWF,XUOIQPFL,2283255
CCLHWFWF,YSYHGLQK,27248
CCLHWFWF,ZGJXVMNI,2581612
CCLHWFWF,ZKENOUDA,420395
CCLHWFWF,ZXERAXWP,56169
DBWLZWNK,APQGTRMF,70951
DBWLZWNK,ATLDMDBO,36305188
DBWLZWNK,AXULOHBQ,116484
DBWLZWNK,BEZYMBBT,3262759
DBWLZWNK,BJALXPFS,159231
DBWLZWNK,BSRMSVTC,282596
DBWLZWNK,BTMOEMEP,4159930
DBWLZWNK,CCLHWFWF,13167070
DBWLZWNK,DEWLVASR,401285
DBWLZWNK,DNMPSKTB,4903948
DBWLZWNK,DUCMGGNW,914964
DBWLZWNK,ELQGMQWE,659320
DBWLZWNK,EVBVXETX,5075912
DBWLZWNK,FCYBOAXC,112091368
DBWLZWNK,FDXPMYGF,18936
DBWLZWNK,FITUEHWN,116314
DBWLZWNK,FQCLOEXA,2389526
DBWLZWNK,FRHNWLNI,934406
DBWLZWNK,FWUCPMMW,32993
DBWLZWNK,GYHKIVQT,36327148
DBWLZWNK,HXYSSRXE,4940894
DBWLZWNK,IGDVVKUD,32523
DBWLZWNK,JBVHSUWY,417663
DBWLZWNK,JPBRUTWP,6945471
DBWLZWNK,KAGJCHMR,38186
DBWLZWNK,KEUWZRKO,784222
DBWLZWNK,KJNSOAHR,25474410
DBWLZWNK,LLHREMKS,79332
DBWLZWNK,LPHPPJUG,1179124
DBWLZWNK,LRVGFDFM,2233832
DBWLZWNK,LSOIUSXD,252192
DBWLZWNK,LUENUFGA,3508250
DBWLZWNK,MIRCVAMV,81254
DBWLZWNK,NZKBIBNU,274381
DBWLZWNK,OGAFEHLU,39782
DBWLZWNK,OKMBFVKS,1963369
DBWLZWNK,PYZMVUWD,17856
DBWLZWNK,QRKRBYJL,2023635
DBWLZWNK,QVLMOEYE,1188920
DBWLZWNK,RAWUKQMJ,3614506
DBWLZWNK,RCBZUSIM,8434
DBWLZWNK,ROACSLMG,2160969
DBWLZWNK,SAHWCZNH,1713002
DBWLZWNK,SDWAYPIK,5290052
DBWLZWNK,SUOYXCHP,22436
DBWLZWNK,UGEQLMXM,255556
DBWLZWNK,UQYUIVVR,6215126
DBWLZWNK,UXSPKBJR,393339
DBWLZWNK,VBYCLTYZ,459767
DBWLZWNK,VMAQSTJE,19213
DBWLZWNK,VUAFAIYJ,868681
DBWLZWNK,VWMBASNE,127778
DBWLZWNK,WBLJNPZQ,143483
DBWLZWNK,WHPUAOID,49948
DBWLZWNK,WPQXWHYO,21607608
DBWLZWNK,WQMVCOEM,25680
DBWLZWNK,XIFHSOWQ,93318
DBWLZWNK,XIPPENFQ,124730
DBWLZWNK,XUOIQPFL,2397283
DBWLZWNK,ZCELVYQU,217039
DBWLZWNK,ZGJXVMNI,2624173
DBWLZWNK,ZKENOUDA,421745
DBWLZWNK,ZXERAXWP,58144
DDEXPPXU,ATLDMDBO,35837364
DDEXPPXU,AXULOHBQ,123568
DDEXPPXU,BEZYMBBT,3290946
DDEXPPXU,BLANHGYY,79649
DDEXPPXU,BTMOEMEP,4955084
DDEXPPXU,DJBLNPNC,26600
DDEXPPXU,DNMPSKTB,4870422
DDEXPPXU,EVBVXETX,5043030
DDEXPPXU,FITUEHWN,113333
DDEXPPXU,FQCLOEXA,2474798
DDEXPPXU,FTSVTTSR,199566
DDEXPPXU,GKQIJYDH,4922353
DDEXPPXU,GYHKIVQT,36776596
DDEXPPXU,HCDTGMST,117837
DDEXPPXU,HXYSSRXE,5350228
DDEXPPXU,IGDVVKUD,32679
DDEXPPXU,JERHKLYW,24090
DDEXPPXU,JPBRUTWP,6826122
DDEXPPXU,KAGJCHMR,40623
DDEXPPXU,KEUWZRKO,873303
DDEXPPXU,LLHREMKS,82699
DDEXPPXU,LRVGFDFM,2330413
DDEXPPXU,LSOIUSXD,247095
DDEXPPXU,MIRCVAMV,88899
DDEXPPXU,NZKBIBNU,279386
DDEXPPXU,OKMBFVKS,1939742
DDEXPPXU,PYZMVUWD,26946
DDEXPPXU,QKXNTIIB,1310285
DDEXPPXU,RAWUKQMJ,3566705
DDEXPPXU,RJGPVEXX,639026
DDEXPPXU,SAAYMURU,49432
DDEXPPXU,SAHWCZNH,1740265
DDEXPPXU,SDWAYPIK,5265588
DDEXPPXU,SNHYOVBM,296800
DDEXPPXU,SUOYXCHP,28671
DDEXPPXU,UGEQLMXM,266866
DDEXPPXU,UIFPPCLR,146047
DDEXPPXU,UQYUIVVR,6101544
DDEXPPXU,VBYCLTYZ,446947
DDEXPPXU,VMAQSTJE,26820
DDEXPPXU,VWMBASNE,145557
DDEXPPXU,WBLJNPZQ,154939
DDEXPPXU,WHPUAOID,49555
DDEXPPXU,WPQXWHYO,21199624
DDEXPPXU,XIPPENFQ,140069
DDEXPPXU,XMKRPGLB,830456
DDEXPPXU,YSYHGLQK,28279
DDEXPPXU,ZCELVYQU,224494
DDEXPPXU,ZXERAXWP,57079
DEWLVASR,AANGBULD,442351
DEWLVASR,AHMDUILJ,143170
DEWLVASR,APQGTRMF,73029
DEWLVASR,ATLDMDBO,35460472
DEWLVASR,BEZYMBBT,3266410
DEWLVASR,BTMOEMEP,4146244
DEWLVASR,BUZIIBYG,18693132
DEWLVASR,CCLHWFWF,13017741
DEWLVASR,DDEXPPXU,6715
DEWLVASR,DNMPSKTB,5572466
DEWLVASR,DUCMGGNW,919330
DEWLVASR,ELQGMQWE,645890
DEWLVASR,EVBVXETX,5040158
DEWLVASR,FITUEHWN,113377
DEWLVASR,FQCLOEXA,2488947
DEWLVASR,FWUCPMMW,31344
DEWLVASR,GKQIJYDH,5172656
DEWLVASR,GYHKIVQT,29844918
DEWLVASR,HXYSSRXE,5629330
DEWLVASR,IGDVVKUD,26771
DEWLVASR,JBVHSUWY,415238
DEWLVASR,JERHKLYW,28794
DEWLVASR,JPBRUTWP,7013042
DEWLVASR,KAGJCHMR,36864
DEWLVASR,KEUWZRKO,859585
DEWLVASR,KJNSOAHR,22783824
DEWLVASR,LPHPPJUG,1170470
DEWLVASR,LRVGFDFM,2225550
DEWLVASR,LSOIUSXD,248792
DEWLVASR,LTOYKIML,361750
DEWLVASR,MBSBZBXA,4063630
DEWLVASR,MIRCVAMV,90922
DEWLVASR,NZKBIBNU,261321
DEWLVASR,OGAFEHLU,49146
DEWLVASR,OJIFIHMZ,3337772
DEWLVASR,OKMBFVKS,1931586
DEWLVASR,PYZMVUWD,24219
DEWLVASR,QKXNTIIB,1274154
DEWLVASR,QRKRBYJL,2144956
DEWLVASR,QVLMOEYE,1199075
DEWLVASR,RAWUKQMJ,3635486
DEWLVASR,RCBZUSIM,11947
DEWLVASR,RJGPVEXX,606027
DEWLVASR,ROACSLMG,2193577
DEWLVASR,SAHWCZNH,1702221
DEWLVASR,SDWAYPIK,5600318
DEWLVASR,SNHYOVBM,289282
DEWLVASR,STZDBITS,22701196
DEWLVASR,SUOYXCHP,26545
DEWLVASR,UGEQLMXM,267705
DEWLVASR,UIFPPCLR,144445
DEWLVASR,UXSPKBJR,399643
DEWLVASR,VMAQSTJE,21702
DEWLVASR,VUAFAIYJ,875060
DEWLVASR,WBLJNPZQ,146507
DEWLVASR,WPQXWHYO,19056466
DEWLVASR,XIIEJNEE,69068
DEWLVASR,XUOIQPFL,2468930
DEWLVASR,ZCELVYQU,235959
DEWLVASR,ZGJXVMNI,2656544
DEWLVASR,ZKENOUDA,399773
DEWLVASR,ZXERAXWP,45926
DJBLNPNC,AANGBULD,471529
DJBLNPNC,AHMDUILJ,145296
DJBLNPNC,AXULOHBQ,119211
DJBLNPNC,BLANHGYY,72755
DJBLNPNC,BSRMSVTC,290942
DJBLNPNC,BTMOEMEP,4488798
DJBLNPNC,CCLHWFWF,13998433
DJBLNPNC,DBWLZWNK,186521
DJBLNPNC,ELQGMQWE,688829
DJBLNPNC,FDXPMYGF,24369
DJBLNPNC,FITUEHWN,109375
DJBLNPNC,FRHNWLNI,870798
DJBLNPNC,FWUCPMMW,28865
DJBLNPNC,HCDTGMST,107911
DJBLNPNC,HXYSSRXE,5689301
DJBLNPNC,IGDVVKUD,34476
DJBLNPNC,JBVHSUWY,418261
DJBLNPNC,JERHKLYW,27483
DJBLNPNC,JPBRUTWP,6478793
DJBLNPNC,JSLXRQOK,24992
DJBLNPNC,KAGJCHMR,40623
DJBLNPNC,KEUWZRKO,871078
DJBLNPNC,LPHPPJUG,1205390
DJBLNPNC,LRVGFDFM,2315016
DJBLNPNC,LSOIUSXD,267304
DJBLNPNC,LTOYKIML,380602
DJBLNPNC,LUENUFGA,3653570
DJBLNPNC,MBSBZBXA,4049707
DJBLNPNC,MIRCVAMV,88899
DJBLNPNC,NZKBIBNU,271835
DJBLNPNC,OGAFEHLU,45783
DJBLNPNC,OXKURKXR,136852
DJBLNPNC,PYZMVUWD,26858
DJBLNPNC,QJQJSWFU,143161
DJBLNPNC,QKXNTIIB,1271285
DJBLNPNC,RAWUKQMJ,3638887
DJBLNPNC,RCBZUSIM,3696
DJBLNPNC,RJGPVEXX,645823
DJBLNPNC,ROACSLMG,2181792
DJBLNPNC,SAHWCZNH,1694162
DJBLNPNC,SDWAYPIK,5286623
DJBLNPNC,SNHYOVBM,296800
DJBLNPNC,STZDBITS,21028012
DJBLNPNC,SUOYXCHP,25927
DJBLNPNC,TGOELCAG,299585
DJBLNPNC,UGEQLMXM,270453
DJBLNPNC,UIFPPCLR,146735
DJBLNPNC,UQYUIVVR,5529909
DJBLNPNC,UXSPKBJR,405015
DJBLNPNC,VMAQSTJE,21065
DJBLNPNC,VWMBASNE,141933
DJBLNPNC,WBLJNPZQ,152638
DJBLNPNC,WHPUAOID,79485
DJBLNPNC,WQMVCOEM,24964
DJBLNPNC,XIFHSOWQ,96327
DJBLNPNC,XIPPENFQ,134906
DJBLNPNC,XUOIQPFL,2573350
DJBLNPNC,ZGJXVMNI,2695297
DJBLNPNC,ZKENOUDA,435922
DNMPSKTB,AANGBULD,446252
DNMPSKTB,AHMDUILJ,134437
DNMPSKTB,APQGTRMF,64389
DNMPSKTB,ATLDMDBO,42010052
DNMPSKTB,AXULOHBQ,107600
DNMPSKTB,BEZYMBBT,3176596
DNMPSKTB,BJALXPFS,151521
DNMPSKTB,BSRMSVTC,271578
DNMPSKTB,BTMOEMEP,4098488
DNMPSKTB,CCLHWFWF,13319296
DNMPSKTB,DBWLZWNK,178825
DNMPSKTB,DEWLVASR,402144
DNMPSKTB,DUCMGGNW,895191
DNMPSKTB,ELQGMQWE,659139
DNMPSKTB,EVBVXETX,5090271
DNMPSKTB,FCYBOAXC,111812976
DNMPSKTB,FDXPMYGF,15100
DNMPSKTB,FITUEHWN,114400
DNMPSKTB,FQCLOEXA,2324992
DNMPSKTB,FRHNWLNI,894263
DNMPSKTB,GYHKIVQT,32012436
DNMPSKTB,HCDTGMST,115791
DNMPSKTB,HXYSSRXE,4900499
DNMPSKTB,IGDVVKUD,29816
DNMPSKTB,JERHKLYW,29462
DNMPSKTB,JPBRUTWP,6350568
DNMPSKTB,KAGJCHMR,37424
DNMPSKTB,KEUWZRKO,807653
DNMPSKTB,KJNSOAHR,27424430
DNMPSKTB,LPHPPJUG,1182705
DNMPSKTB,LRVGFDFM,2045320
DNMPSKTB,LSOIUSXD,238776
DNMPSKTB,LTOYKIML,377444
DNMPSKTB,LUENUFGA,3258602
DNMPSKTB,MIRCVAMV,75867
DNMPSKTB,NZKBIBNU,273003
DNMPSKTB,OGAFEHLU,33023
DNMPSKTB,OKMBFVKS,1850630
DNMPSKTB,OXKURKXR,149254
DNMPSKTB,PYZMVUWD,22128
DNMPSKTB,QJQJSWFU,126182
DNMPSKTB,QRKRBYJL,1891159
DNMPSKTB,QVLMOEYE,1159279
DNMPSKTB,RAWUKQMJ,3675948
DNMPSKTB,RCBZUSIM,0
DNMPSKTB,RJGPVEXX,596298
DNMPSKTB,SAHWCZNH,1682681
DNMPSKTB,SDWAYPIK,5471466
DNMPSKTB,SNHYOVBM,280549
DNMPSKTB,UGEQLMXM,242492
DNMPSKTB,UIFPPCLR,128682
DNMPSKTB,VBYCLTYZ,416631
DNMPSKTB,VMAQSTJE,9687
DNMPSKTB,VWMBASNE,131988
DNMPSKTB,WBLJNPZQ,128676
DNMPSKTB,WHPUAOID,44727
DNMPSKTB,WPQXWHYO,21494946
DNMPSKTB,XIFHSOWQ,84148
DNMPSKTB,XIIEJNEE,60213
DNMPSKTB,XIPPENFQ,121985
DNMPSKTB,XMKRPGLB,769549
DNMPSKTB,XUOIQPFL,2378091
DNMPSKTB,ZCELVYQU,216955
DNMPSKTB,ZGJXVMNI,2540516
DNMPSKTB,ZKENOUDA,415337
DNMPSKTB,ZXERAXWP,55135
DUCMGGNW,APQGTRMF,74435
DUCMGGNW,ATLDMDBO,39117964
DUCMGGNW,BEZYMBBT,3237114
DUCMGGNW,BLANHGYY,80473
DUCMGGNW,BSRMSVTC,286896
DUCMGGNW,BTMOEMEP,4800482
DUCMGGNW,DDEXPPXU,13192
DUCMGGNW,ELQGMQWE,661659
DUCMGGNW,FCYBOAXC,112013992
DUCMGGNW,FDXPMYGF,32674
DUCMGGNW,FITUEHWN,114017
DUCMGGNW,FTSVTTSR,189065
DUCMGGNW,HCDTGMST,113412
DUCMGGNW,JBVHSUWY,413214
DUCMGGNW,KEUWZRKO,823811
DUCMGGNW,LPHPPJUG,1166084
DUCMGGNW,LTOYKIML,364305
DUCMGGNW,LUENUFGA,3635445
DUCMGGNW,MBSBZBXA,3928817
DUCMGGNW,NAQIHUKZ,49116
DUCMGGNW,OGAFEHLU,41214
DUCMGGNW,OJIFIHMZ,3309648
DUCMGGNW,OXKURKXR,146025
DUCMGGNW,PYZMVUWD,26257
DUCMGGNW,QVLMOEYE,1184540
DUCMGGNW,RCBZUSIM,0
DUCMGGNW,RJGPVEXX,610958
DUCMGGNW,ROACSLMG,2126498
DUCMGGNW,SAHWCZNH,1710724
DUCMGGNW,SNHYOVBM,288723
DUCMGGNW,STZDBITS,21908004
DUCMGGNW,UXSPKBJR,393367
DUCMGGNW,VMAQSTJE,15285
DUCMGGNW,VUAFAIYJ,878232
DUCMGGNW,WBLJNPZQ,152302
DUCMGGNW,XIFHSOWQ,101114
DUCMGGNW,XMKRPGLB,796824
DUCMGGNW,YSYHGLQK,26197
DUCMGGNW,ZGJXVMNI,2573108
DUCMGGNW,ZXERAXWP,55799
ELQGMQWE,AANGBULD,472816
ELQGMQWE,APQGTRMF,77867
ELQGMQWE,ATLDMDBO,39665956
ELQGMQWE,BEZYMBBT,3261538
ELQGMQWE,BLANHGYY,73037
ELQGMQWE,BSRMSVTC,289193
ELQGMQWE,BTMOEMEP,4551011
ELQGMQWE,BUZIIBYG,18606752
ELQGMQWE,CCLHWFWF,13838737
ELQGMQWE,DBWLZWNK,210205
ELQGMQWE,DDEXPPXU,6416
ELQGMQWE,DEWLVASR,392763
ELQGMQWE,DUCMGGNW,918698
ELQGMQWE,FCYBOAXC,111900600
ELQGMQWE,FDXPMYGF,27795
ELQGMQWE,FITUEHWN,117167
ELQGMQWE,FQCLOEXA,2407075
ELQGMQWE,FTSVTTSR,184709
ELQGMQWE,FWUCPMMW,23376
ELQGMQWE,GKQIJYDH,4797844
ELQGMQWE,GYHKIVQT,30035044
ELQGMQWE,HXYSSRXE,5104530
ELQGMQWE,IGDVVKUD,32424
ELQGMQWE,JERHKLYW,28794
ELQGMQWE,JSLXRQOK,28334
ELQGMQWE,KEUWZRKO,865635
ELQGMQWE,KJNSOAHR,23087556
ELQGMQWE,LLHREMKS,72340
ELQGMQWE,LRVGFDFM,2297152
ELQGMQWE,LSOIUSXD,252724
ELQGMQWE,LTOYKIML,381953
ELQGMQWE,NAQIHUKZ,50993
ELQGMQWE,NZKBIBNU,273613
ELQGMQWE,OKMBFVKS,1920032
ELQGMQWE,OXKURKXR,138718
ELQGMQWE,QKXNTIIB,1252073
ELQGMQWE,QRKRBYJL,2142151
ELQGMQWE,RAWUKQMJ,3581852
ELQGMQWE,ROACSLMG,2191713
ELQGMQWE,SAAYMURU,56129
ELQGMQWE,SAHWCZNH,1692391
ELQGMQWE,SDWAYPIK,5606865
ELQGMQWE,SNHYOVBM,291087
ELQGMQWE,STZDBITS,22352172
ELQGMQWE,UGEQLMXM,265571
ELQGMQWE,UIFPPCLR,159584
ELQGMQWE,UQYUIVVR,5170408
ELQGMQWE,VBYCLTYZ,421723
ELQGMQWE,VWMBASNE,145559
ELQGMQWE,WBLJNPZQ,166919
ELQGMQWE,WPQXWHYO,20557668
ELQGMQWE,WQMVCOEM,24737
ELQGMQWE,XIFHSOWQ,102057
ELQGMQWE,XIIEJNEE,66383
ELQGMQWE,XIPPENFQ,135818
ELQGMQWE,XMKRPGLB,808549
ELQGMQWE,XUOIQPFL,2329406
ELQGMQWE,YSYHGLQK,27241
ELQGMQWE,ZCELVYQU,199423
ELQGMQWE,ZGJXVMNI,2639958
ELQGMQWE,ZKENOUDA,441603
ELQGMQWE,ZXERAXWP,55312
EVBVXETX,AHMDUILJ,138851
EVBVXETX,APQGTRMF,67483
EVBVXETX,ATLDMDBO,39837300
EVBVXETX,AXULOHBQ,109426
EVBVXETX,BEZYMBBT,3173213
EVBVXETX,BJALXPFS,150717
EVBVXETX,BLANHGYY,68386
EVBVXETX,BSRMSVTC,262186
EVBVXETX,DBWLZWNK,184132
EVBVXETX,DEWLVASR,395117
EVBVXETX,DNMPSKTB,4725934
EVBVXETX,ELQGMQWE,657223
EVBVXETX,FCYBOAXC,111803992
EVBVXETX,FDXPMYGF,21648
EVBVXETX,FITUEHWN,112532
EVBVXETX,FQCLOEXA,2292815
EVBVXETX,FRHNWLNI,902537
EVBVXETX,GYHKIVQT,34875704
EVBVXETX,HCDTGMST,113490
EVBVXETX,HXYSSRXE,4859144
EVBVXETX,IGDVVKUD,18467
EVBVXETX,JPBRUTWP,6430712
EVBVXETX,KAGJCHMR,32559
EVBVXETX,KEUWZRKO,743030
EVBVXETX,KJNSOAHR,28407684
EVBVXETX,LPHPPJUG,1164831
EVBVXETX,LSOIUSXD,242387
EVBVXETX,LUENUFGA,3311178
EVBVXETX,MBSBZBXA,3806988
EVBVXETX,MIRCVAMV,76605
EVBVXETX,NZKBIBNU,267688
EVBVXETX,OGAFEHLU,35208
EVBVXETX,OKMBFVKS,1858403
EVBVXETX,OXKURKXR,132544
EVBVXETX,PYZMVUWD,13253
EVBVXETX,QJQJSWFU,128802
EVBVXETX,QRKRBYJL,1946012
EVBVXETX,QVLMOEYE,1152059
EVBVXETX,RCBZUSIM,4550
EVBVXETX,RJGPVEXX,595142
EVBVXETX,SAHWCZNH,1663198
EVBVXETX,SDWAYPIK,5272260
EVBVXETX,SUOYXCHP,25813
EVBVXETX,UGEQLMXM,249462
EVBVXETX,UIFPPCLR,131929
EVBVXETX,UXSPKBJR,326882
EVBVXETX,VMAQSTJE,10659
EVBVXETX,VWMBASNE,131988
EVBVXETX,WBLJNPZQ,145133
EVBVXETX,WPQXWHYO,21356564
EVBVXETX,WQMVCOEM,25261
EVBVXETX,XIFHSOWQ,89050
EVBVXETX,XIPPENFQ,121985
EVBVXETX,XMKRPGLB,783770
EVBVXETX,XUOIQPFL,2327919
EVBVXETX,ZCELVYQU,219373
EVBVXETX,ZGJXVMNI,2606725
EVBVXETX,ZKENOUDA,419583
EVBVXETX,ZXERAXWP,54898
FCYBOAXC,AANGBULD,451323
FCYBOAXC,ATLDMDBO,35825872
FCYBOAXC,AXULOHBQ,114914
FCYBOAXC,BEZYMBBT,3142598
FCYBOAXC,BLANHGYY,76455
FCYBOAXC,BSRMSVTC,267511
FCYBOAXC,BUZIIBYG,17194650
FCYBOAXC,CCLHWFWF,14043636
FCYBOAXC,DBWLZWNK,181799
FCYBOAXC,DDEXPPXU,1879
FCYBOAXC,DNMPSKTB,4745290
FCYBOAXC,DUCMGGNW,868034
FCYBOAXC,ELQGMQWE,654982
FCYBOAXC,EVBVXETX,5074780
FCYBOAXC,FDXPMYGF,12899
FCYBOAXC,FITUEHWN,110244
FCYBOAXC,FQCLOEXA,2383705
FCYBOAXC,FRHNWLNI,893224
FCYBOAXC,FTSVTTSR,182326
FCYBOAXC,FWUCPMMW,27728
FCYBOAXC,GYHKIVQT,36440520
FCYBOAXC,HCDTGMST,110189
FCYBOAXC,HXYSSRXE,5338476
FCYBOAXC,IGDVVKUD,26766
FCYBOAXC,JERHKLYW,28438
FCYBOAXC,JPBRUTWP,5921748
FCYBOAXC,JSLXRQOK,20352
FCYBOAXC,KAGJCHMR,31558
FCYBOAXC,KEUWZRKO,812373
FCYBOAXC,LLHREMKS,74805
FCYBOAXC,LPHPPJUG,1160326
FCYBOAXC,LRVGFDFM,2275649
FCYBOAXC,LSOIUSXD,222718
FCYBOAXC,LTOYKIML,357423
FCYBOAXC,LUENUFGA,3496032
FCYBOAXC,MIRCVAMV,76111
FCYBOAXC,NAQIHUKZ,41492
FCYBOAXC,NZKBIBNU,263730
FCYBOAXC,PYZMVUWD,8500
FCYBOAXC,QJQJSWFU,125808
FCYBOAXC,QKXNTIIB,1262861
FCYBOAXC,QRKRBYJL,1990381
FCYBOAXC,QVLMOEYE,1173854
FCYBOAXC,RJGPVEXX,597919
FCYBOAXC,SAAYMURU,49775
FCYBOAXC,SAHWCZNH,1665771
FCYBOAXC,SDWAYPIK,5328779
FCYBOAXC,SNHYOVBM,281341
FCYBOAXC,STZDBITS,21570692
FCYBOAXC,SUOYXCHP,24408
FCYBOAXC,UGEQLMXM,248294
FCYBOAXC,UIFPPCLR,129738
FCYBOAXC,UQYUIVVR,5281544
FCYBOAXC,UXSPKBJR,380805
FCYBOAXC,VMAQSTJE,2763
FCYBOAXC,VUAFAIYJ,864404
FCYBOAXC,VWMBASNE,129796
FCYBOAXC,WBLJNPZQ,128006
FCYBOAXC,WHPUAOID,45478
FCYBOAXC,WPQXWHYO,21242644
FCYBOAXC,WQMVCOEM,17233
FCYBOAXC,XIFHSOWQ,86680
FCYBOAXC,XIPPENFQ,121614
FCYBOAXC,XUOIQPFL,2307288
FCYBOAXC,ZGJXVMNI,2565882
FCYBOAXC,ZKENOUDA,414239
FCYBOAXC,ZXERAXWP,52025
FDXPMYGF,AANGBULD,471424
FDXPMYGF,AHMDUILJ,147504
FDXPMYGF,APQGTRMF,79988
FDXPMYGF,ATLDMDBO,37181908
FDXPMYGF,AXULOHBQ,119211
FDXPMYGF,BEZYMBBT,3296167
FDXPMYGF,BJALXPFS,165184
FDXPMYGF,BSRMSVTC,286895
FDXPMYGF,BTMOEMEP,4286666
FDXPMYGF,CCLHWFWF,13279740
FDXPMYGF,DBWLZWNK,199305
FDXPMYGF,DDEXPPXU,15202
FDXPMYGF,DJBLNPNC,23421
FDXPMYGF,DUCMGGNW,935986
FDXPMYGF,ELQGMQWE,688475
FDXPMYGF,EVBVXETX,5107240
FDXPMYGF,FITUEHWN,112804
FDXPMYGF,FQCLOEXA,2565720
FDXPMYGF,FRHNWLNI,954376
FDXPMYGF,FTSVTTSR,184523
FDXPMYGF,FWUCPMMW,33019
FDXPMYGF,HCDTGMST,110374
FDXPMYGF,HXYSSRXE,5508937
FDXPMYGF,IGDVVKUD,33707
FDXPMYGF,JBVHSUWY,421972
FDXPMYGF,JERHKLYW,31521
FDXPMYGF,JPBRUTWP,6435996
FDXPMYGF,JSLXRQOK,24992
FDXPMYGF,KAGJCHMR,40218
FDXPMYGF,KEUWZRKO,801064
FDXPMYGF,KJNSOAHR,27360474
FDXPMYGF,LRVGFDFM,2249380
FDXPMYGF,LTOYKIML,391470
FDXPMYGF,LUENUFGA,3486054
FDXPMYGF,MIRCVAMV,88899
FDXPMYGF,NAQIHUKZ,45783
FDXPMYGF,NZKBIBNU,274023
FDXPMYGF,OGAFEHLU,46489
FDXPMYGF,OJIFIHMZ,3351863
FDXPMYGF,OXKURKXR,139987
FDXPMYGF,PYZMVUWD,27713
FDXPMYGF,QKXNTIIB,1310975
FDXPMYGF,QRKRBYJL,2120789
FDXPMYGF,RCBZUSIM,15607
FDXPMYGF,RJGPVEXX,642835
FDXPMYGF,ROACSLMG,2199178
FDXPMYGF,SAHWCZNH,1694162
FDXPMYGF,STZDBITS,21468164
FDXPMYGF,SUOYXCHP,20357
FDXPMYGF,TGOELCAG,305345
FDXPMYGF,UXSPKBJR,406453
FDXPMYGF,VMAQSTJE,24874
FDXPMYGF,VUAFAIYJ,894837
FDXPMYGF,VWMBASNE,142854
FDXPMYGF,WBLJNPZQ,156856
FDXPMYGF,WHPUAOID,47807
FDXPMYGF,WPQXWHYO,18982882
FDXPMYGF,WQMVCOEM,26946
FDXPMYGF,XIFHSOWQ,96327
FDXPMYGF,XIIEJNEE,71901
FDXPMYGF,XIPPENFQ,134279
FDXPMYGF,ZGJXVMNI,2702865
FITUEHWN,AHMDUILJ,144269
FITUEHWN,APQGTRMF,80758
FITUEHWN,BEZYMBBT,3321624
FITUEHWN,BJALXPFS,152948
FITUEHWN,BSRMSVTC,299539
FITUEHWN,BTMOEMEP,5036131
FITUEHWN,DBWLZWNK,182441
FITUEHWN,DDEXPPXU,14579
FITUEHWN,DJBLNPNC,24002
FITUEHWN,DNMPSKTB,4914568
FITUEHWN,DUCMGGNW,930752
FITUEHWN,FCYBOAXC,112543200
FITUEHWN,FDXPMYGF,27924
FITUEHWN,FTSVTTSR,175225
FITUEHWN,FWUCPMMW,40582
FITUEHWN,GKQIJYDH,5041810
FITUEHWN,IGDVVKUD,34071
FITUEHWN,JBVHSUWY,434755
FITUEHWN,JERHKLYW,31521
FITUEHWN,JPBRUTWP,6268124
FITUEHWN,JSLXRQOK,24509
FITUEHWN,KAGJCHMR,38023
FITUEHWN,KJNSOAHR,23533770
FITUEHWN,LLHREMKS,74321
FITUEHWN,MIRCVAMV,93877
FITUEHWN,NAQIHUKZ,47306
FITUEHWN,NZKBIBNU,282818
FITUEHWN,OGAFEHLU,53478
FITUEHWN,OXKURKXR,135973
FITUEHWN,PYZMVUWD,24672
FITUEHWN,QJQJSWFU,133893
FITUEHWN,QRKRBYJL,2170629
FITUEHWN,QVLMOEYE,1210947
FITUEHWN,RAWUKQMJ,3604839
FITUEHWN,RCBZUSIM,13007
FITUEHWN,RJGPVEXX,640367
FITUEHWN,SAAYMURU,50662
FITUEHWN,SDWAYPIK,5312301
FITUEHWN,SNHYOVBM,291615
FITUEHWN,STZDBITS,19464798
FITUEHWN,SUOYXCHP,25895
FITUEHWN,TGOELCAG,297242
FITUEHWN,UGEQLMXM,266809
FITUEHWN,UIFPPCLR,145053
FITUEHWN,VMAQSTJE,21977
FITUEHWN,VUAFAIYJ,863740
FITUEHWN,WBLJNPZQ,150027
FITUEHWN,WHPUAOID,52022
FITUEHWN,WPQXWHYO,21548754
FITUEHWN,XIFHSOWQ,103568
FITUEHWN,XIIEJNEE,70873
FITUEHWN,XIPPENFQ,138497
FITUEHWN,YSYHGLQK,24241
FITUEHWN,ZKENOUDA,422465
FQCLOEXA,AANGBULD,457378
FQCLOEXA,AHMDUILJ,141352
FQCLOEXA,AXULOHBQ,135994
FQCLOEXA,BJALXPFS,152587
FQCLOEXA,BLANHGYY,77172
FQCLOEXA,BSRMSVTC,278443
FQCLOEXA,BTMOEMEP,5160052
FQCLOEXA,BUZIIBYG,17807726
FQCLOEXA,DDEXPPXU,13854
FQCLOEXA,DEWLVASR,402886
FQCLOEXA,DJBLNPNC,24374
FQCLOEXA,DNMPSKTB,4852368
FQCLOEXA,EVBVXETX,5117021
FQCLOEXA,FCYBOAXC,112573624
FQCLOEXA,FDXPMYGF,26197
FQCLOEXA,FITUEHWN,114778
FQCLOEXA,FRHNWLNI,903464
FQCLOEXA,GYHKIVQT,37269332
FQCLOEXA,HXYSSRXE,5121912
FQCLOEXA,IGDVVKUD,30947
FQCLOEXA,JBVHSUWY,405655
FQCLOEXA,JSLXRQOK,28481
FQCLOEXA,KEUWZRKO,784581
FQCLOEXA,KJNSOAHR,22980468
FQCLOEXA,LLHREMKS,79626
FQCLOEXA,LRVGFDFM,2241162
FQCLOEXA,LSOIUSXD,233905
FQCLOEXA,LUENUFGA,3494116
FQCLOEXA,MIRCVAMV,83662
FQCLOEXA,NAQIHUKZ,48684
FQCLOEXA,NZKBIBNU,272796
FQCLOEXA,OGAFEHLU,49472
FQCLOEXA,OXKURKXR,138229
FQCLOEXA,PYZMVUWD,26211
FQCLOEXA,QJQJSWFU,133429
FQCLOEXA,QVLMOEYE,1186286
FQCLOEXA,RCBZUSIM,6131
FQCLOEXA,RJGPVEXX,598279
FQCLOEXA,SAHWCZNH,1693440
FQCLOEXA,SDWAYPIK,5206938
FQCLOEXA,SNHYOVBM,288670
FQCLOEXA,STZDBITS,22829808
FQCLOEXA,UGEQLMXM,260541
FQCLOEXA,UIFPPCLR,142347
FQCLOEXA,UQYUIVVR,5363221
FQCLOEXA,UXSPKBJR,381899
FQCLOEXA,VUAFAIYJ,881634
FQCLOEXA,VWMBASNE,136614
FQCLOEXA,WBLJNPZQ,145062
FQCLOEXA,WHPUAOID,49537
FQCLOEXA,WPQXWHYO,17961216
FQCLOEXA,WQMVCOEM,25291
FQCLOEXA,XIFHSOWQ,92548
FQCLOEXA,XIPPENFQ,125483
FQCLOEXA,ZCELVYQU,223328
FQCLOEXA,ZGJXVMNI,2570224
FQCLOEXA,ZKENOUDA,421828
FQCLOEXA,ZXERAXWP,53788
FRHNWLNI,AHMDUILJ,144172
FRHNWLNI,APQGTRMF,69581
FRHNWLNI,ATLDMDBO,40000584
FRHNWLNI,AXULOHBQ,112923
FRHNWLNI,BEZYMBBT,3212991
FRHNWLNI,BJALXPFS,157973
FRHNWLNI,BLANHGYY,74978
FRHNWLNI,BSRMSVTC,268846
FRHNWLNI,BTMOEMEP,4497902
FRHNWLNI,DDEXPPXU,13854
FRHNWLNI,DEWLVASR,399419
FRHNWLNI,DJBLNPNC,23378
FRHNWLNI,DNMPSKTB,5339721
FRHNWLNI,DUCMGGNW,906098
FRHNWLNI,ELQGMQWE,657606
FRHNWLNI,EVBVXETX,5124602
FRHNWLNI,FDXPMYGF,25261
FRHNWLNI,FITUEHWN,114017
FRHNWLNI,FQCLOEXA,2499698
FRHNWLNI,FWUCPMMW,31191
FRHNWLNI,GYHKIVQT,36343232
FRHNWLNI,HCDTGMST,115969
FRHNWLNI,HXYSSRXE,5010087
FRHNWLNI,IGDVVKUD,29908
FRHNWLNI,JBVHSUWY,427299
FRHNWLNI,JERHKLYW,29287
FRHNWLNI,JPBRUTWP,7061532
FRHNWLNI,KAGJCHMR,36816
FRHNWLNI,KEUWZRKO,859983
FRHNWLNI,KJNSOAHR,27180656
FRHNWLNI,LPHPPJUG,1181287
FRHNWLNI,LSOIUSXD,244833
FRHNWLNI,LTOYKIML,381215
FRHNWLNI,LUENUFGA,3484991
FRHNWLNI,MBSBZBXA,3944255
FRHNWLNI,MIRCVAMV,89495
FRHNWLNI,NZKBIBNU,272819
FRHNWLNI,OGAFEHLU,48300
FRHNWLNI,OKMBFVKS,1881153
FRHNWLNI,OXKURKXR,129724
FRHNWLNI,PYZMVUWD,20459
FRHNWLNI,QJQJSWFU,132255
FRHNWLNI,QKXNTIIB,1282724
FRHNWLNI,QRKRBYJL,1977193
FRHNWLNI,QVLMOEYE,1193082
FRHNWLNI,RAWUKQMJ,3666984
FRHNWLNI,RCBZUSIM,5348
FRHNWLNI,RJGPVEXX,600854
FRHNWLNI,SAHWCZNH,1719406
FRHNWLNI,SDWAYPIK,5245355
FRHNWLNI,STZDBITS,21911294
FRHNWLNI,SUOYXCHP,28137
FRHNWLNI,UGEQLMXM,255914
FRHNWLNI,UIFPPCLR,142310
FRHNWLNI,UQYUIVVR,5230641
FRHNWLNI,UXSPKBJR,396863
FRHNWLNI,VBYCLTYZ,441534
FRHNWLNI,VMAQSTJE,15285
FRHNWLNI,WBLJNPZQ,150448
FRHNWLNI,WPQXWHYO,20430054
FRHNWLNI,XIFHSOWQ,95798
FRHNWLNI,XIPPENFQ,129042
FRHNWLNI,XUOIQPFL,2415547
FRHNWLNI,ZGJXVMNI,2625194
FRHNWLNI,ZKENOUDA,421407
FRHNWLNI,ZXERAXWP,55799
FTSVTTSR,AANGBULD,449987
FTSVTTSR,AHMDUILJ,143745
FTSVTTSR,BEZYMBBT,3240646
FTSVTTSR,BLANHGYY,79599
FTSVTTSR,BSRMSVTC,284736
FTSVTTSR,BTMOEMEP,4290414
FTSVTTSR,DDEXPPXU,12716
FTSVTTSR,DEWLVASR,398160
FTSVTTSR,DJBLNPNC,23233
FTSVTTSR,ELQGMQWE,655052
FTSVTTSR,EVBVXETX,5081696
FTSVTTSR,FDXPMYGF,25204
FTSVTTSR,FRHNWLNI,937010
FTSVTTSR,FWUCPMMW,20658
FTSVTTSR,GKQIJYDH,4667604
FTSVTTSR,GYHKIVQT,36255280
FTSVTTSR,HCDTGMST,114847
FTSVTTSR,HXYSSRXE,5331916
FTSVTTSR,IGDVVKUD,30082
FTSVTTSR,JBVHSUWY,411145
FTSVTTSR,JPBRUTWP,6362542
FTSVTTSR,KAGJCHMR,39656
FTSVTTSR,KEUWZRKO,861096
FTSVTTSR,LLHREMKS,66728
FTSVTTSR,LPHPPJUG,1186726
FTSVTTSR,LSOIUSXD,244833
FTSVTTSR,LTOYKIML,377559
FTSVTTSR,LUENUFGA,3543434
FTSVTTSR,MBSBZBXA,4045430
FTSVTTSR,MIRCVAMV,86713
FTSVTTSR,NZKBIBNU,265255
FTSVTTSR,OGAFEHLU,51697
FTSVTTSR,OJIFIHMZ,3326147
FTSVTTSR,OXKURKXR,140199
FTSVTTSR,PYZMVUWD,24759
FTSVTTSR,QJQJSWFU,140610
FTSVTTSR,QKXNTIIB,1286842
FTSVTTSR,QRKRBYJL,2109579
FTSVTTSR,QVLMOEYE,1184524
FTSVTTSR,RAWUKQMJ,3610415
FTSVTTSR,RCBZUSIM,11317
FTSVTTSR,RJGPVEXX,595835
FTSVTTSR,ROACSLMG,2197334
FTSVTTSR,SAAYMURU,46311
FTSVTTSR,SAHWCZNH,1718807
FTSVTTSR,SDWAYPIK,5220430
FTSVTTSR,SNHYOVBM,292659
FTSVTTSR,STZDBITS,18741904
FTSVTTSR,SUOYXCHP,26485
FTSVTTSR,TGOELCAG,297339
FTSVTTSR,UGEQLMXM,272013
FTSVTTSR,UXSPKBJR,376013
FTSVTTSR,VBYCLTYZ,434312
FTSVTTSR,VMAQSTJE,21707
FTSVTTSR,VWMBASNE,146606
FTSVTTSR,WHPUAOID,44993
FTSVTTSR,WPQXWHYO,21337372
FTSVTTSR,XIFHSOWQ,94140
FTSVTTSR,XIIEJNEE,69714
FTSVTTSR,XIPPENFQ,137114
FTSVTTSR,XUOIQPFL,2521615
FTSVTTSR,YSYHGLQK,25146
FTSVTTSR,ZCELVYQU,208965
FTSVTTSR,ZGJXVMNI,2667679
FTSVTTSR,ZKENOUDA,422648
FTSVTTSR,ZXERAXWP,49258
FWUCPMMW,AANGBULD,472298
FWUCPMMW,AHMDUILJ,145296
FWUCPMMW,APQGTRMF,80352
FWUCPMMW,AXULOHBQ,119211
FWUCPMMW,BJALXPFS,165953
FWUCPMMW,BLANHGYY,78554
FWUCPMMW,BSRMSVTC,298615
FWUCPMMW,CCLHWFWF,13720819
FWUCPMMW,DBWLZWNK,186521
FWUCPMMW,DDEXPPXU,8538
FWUCPMMW,DNMPSKTB,4927226
FWUCPMMW,ELQGMQWE,688901
FWUCPMMW,FCYBOAXC,113391912
FWUCPMMW,FDXPMYGF,27309
FWUCPMMW,FITUEHWN,117782
FWUCPMMW,FRHNWLNI,891234
FWUCPMMW,FTSVTTSR,190098
FWUCPMMW,HCDTGMST,113641
FWUCPMMW,HXYSSRXE,5842296
FWUCPMMW,JBVHSUWY,418261
FWUCPMMW,JPBRUTWP,7017002
FWUCPMMW,JSLXRQOK,24992
FWUCPMMW,LLHREMKS,73826
FWUCPMMW,LPHPPJUG,1205390
FWUCPMMW,LRVGFDFM,2314611
FWUCPMMW,LSOIUSXD,257604
FWUCPMMW,LTOYKIML,380602
FWUCPMMW,MIRCVAMV,86390
FWUCPMMW,NAQIHUKZ,48373
FWUCPMMW,NZKBIBNU,271514
FWUCPMMW,OGAFEHLU,45783
FWUCPMMW,OJIFIHMZ,3358642
FWUCPMMW,OXKURKXR,136852
FWUCPMMW,PYZMVUWD,26946
FWUCPMMW,QJQJSWFU,143161
FWUCPMMW,QKXNTIIB,1310975
FWUCPMMW,QVLMOEYE,1209349
FWUCPMMW,RAWUKQMJ,3627528
FWUCPMMW,RCBZUSIM,7735
FWUCPMMW,RJGPVEXX,645823
FWUCPMMW,SAHWCZNH,1708710
FWUCPMMW,SDWAYPIK,5251268
FWUCPMMW,STZDBITS,21169646
FWUCPMMW,UGEQLMXM,268880
FWUCPMMW,UIFPPCLR,147099
FWUCPMMW,UXSPKBJR,405015
FWUCPMMW,VBYCLTYZ,468100
FWUCPMMW,VMAQSTJE,25248
FWUCPMMW,VUAFAIYJ,899324
FWUCPMMW,VWMBASNE,149580
FWUCPMMW,WBLJNPZQ,150451
FWUCPMMW,WHPUAOID,83813
FWUCPMMW,XIFHSOWQ,102874
FWUCPMMW,XIIEJNEE,73444
FWUCPMMW,XIPPENFQ,134279
FWUCPMMW,XUOIQPFL,2573244
FWUCPMMW,YSYHGLQK,25269
FWUCPMMW,ZCELVYQU,227340
FWUCPMMW,ZGJXVMNI,2700099
FWUCPMMW,ZKENOUDA,434870
GKQIJYDH,APQGTRMF,68857
GKQIJYDH,BEZYMBBT,3200393
GKQIJYDH,BJALXPFS,158576
GKQIJYDH,BLANHGYY,65533
GKQIJYDH,BSRMSVTC,280962
GKQIJYDH,BTMOEMEP,4094233
GKQIJYDH,BUZIIBYG,18691954
GKQIJYDH,CCLHWFWF,13638864
GKQIJYDH,DBWLZWNK,161058
GKQIJYDH,DJBLNPNC,16685
GKQIJYDH,EVBVXETX,5077584
GKQIJYDH,FCYBOAXC,112788296
GKQIJYDH,FRHNWLNI,918157
GKQIJYDH,FTSVTTSR,178003
GKQIJYDH,FWUCPMMW,18618
GKQIJYDH,HCDTGMST,115791
GKQIJYDH,HXYSSRXE,5032840
GKQIJYDH,JERHKLYW,28464
GKQIJYDH,JPBRUTWP,6506152
GKQIJYDH,JSLXRQOK,19913
GKQIJYDH,KEUWZRKO,805450
GKQIJYDH,LLHREMKS,70516
GKQIJYDH,LRVGFDFM,2223176
GKQIJYDH,LSOIUSXD,239404
GKQIJYDH,MBSBZBXA,3906885
GKQIJYDH,NAQIHUKZ,39531
GKQIJYDH,NZKBIBNU,239536
GKQIJYDH,OGAFEHLU,37539
GKQIJYDH,PYZMVUWD,24429
GKQIJYDH,QJQJSWFU,133746
GKQIJYDH,QKXNTIIB,1238439
GKQIJYDH,QRKRBYJL,2051249
GKQIJYDH,QVLMOEYE,1165345
GKQIJYDH,RAWUKQMJ,3572177
GKQIJYDH,RJGPVEXX,601908
GKQIJYDH,ROACSLMG,2093145
GKQIJYDH,SAAYMURU,47119
GKQIJYDH,SDWAYPIK,5213036
GKQIJYDH,SNHYOVBM,289636
GKQIJYDH,SUOYXCHP,28408
GKQIJYDH,TGOELCAG,286574
GKQIJYDH,UGEQLMXM,255999
GKQIJYDH,UQYUIVVR,6100760
GKQIJYDH,UXSPKBJR,385255
GKQIJYDH,VBYCLTYZ,436523
GKQIJYDH,VMAQSTJE,10686
GKQIJYDH,VWMBASNE,143924
GKQIJYDH,WBLJNPZQ,149187
GKQIJYDH,WHPUAOID,44727
GKQIJYDH,XIFHSOWQ,92182
GKQIJYDH,XMKRPGLB,844316
GKQIJYDH,XUOIQPFL,2332889
GKQIJYDH,YSYHGLQK,15866
GKQIJYDH,ZGJXVMNI,2548177
GKQIJYDH,ZXERAXWP,44906
GYHKIVQT,AANGBULD,442845
GYHKIVQT,AHMDUILJ,141852
GYHKIVQT,APQGTRMF,67677
GYHKIVQT,ATLDMDBO,38852380
GYHKIVQT,AXULOHBQ,107708
GYHKIVQT,BEZYMBBT,3198494
GYHKIVQT,BJALXPFS,158130
GYHKIVQT,BLANHGYY,81748
GYHKIVQT,BSRMSVTC,271565
GYHKIVQT,BTMOEMEP,4284531
GYHKIVQT,DBWLZWNK,175999
GYHKIVQT,DDEXPPXU,0
GYHKIVQT,DEWLVASR,394199
GYHKIVQT,DJBLNPNC,17188
GYHKIVQT,DNMPSKTB,5332232
GYHKIVQT,ELQGMQWE,658792
GYHKIVQT,EVBVXETX,5182576
GYHKIVQT,FCYBOAXC,111259296
GYHKIVQT,FDXPMYGF,27235
GYHKIVQT,FITUEHWN,113548
GYHKIVQT,FQCLOEXA,2295580
GYHKIVQT,HCDTGMST,113927
GYHKIVQT,HXYSSRXE,4917172
GYHKIVQT,JBVHSUWY,421842
GYHKIVQT,JERHKLYW,15730
GYHKIVQT,JPBRUTWP,5983871
GYHKIVQT,KAGJCHMR,28246
GYHKIVQT,KEUWZRKO,816365
GYHKIVQT,KJNSOAHR,25660084
GYHKIVQT,LPHPPJUG,1200849
GYHKIVQT,LRVGFDFM,2190775
GYHKIVQT,LSOIUSXD,249670
GYHKIVQT,LTOYKIML,367280
GYHKIVQT,LUENUFGA,3440624
GYHKIVQT,MIRCVAMV,86339
GYHKIVQT,NZKBIBNU,246047
GYHKIVQT,OGAFEHLU,39517
GYHKIVQT,OJIFIHMZ,3242241
GYHKIVQT,OKMBFVKS,1851538
GYHKIVQT,PYZMVUWD,11819
GYHKIVQT,QJQJSWFU,138164
GYHKIVQT,QKXNTIIB,1238174
GYHKIVQT,QRKRBYJL,1924018
GYHKIVQT,QVLMOEYE,1179709
GYHKIVQT,RAWUKQMJ,3533613
GYHKIVQT,RCBZUSIM,32528
GYHKIVQT,RJGPVEXX,596219
GYHKIVQT,ROACSLMG,2097016
GYHKIVQT,SAHWCZNH,1658672
GYHKIVQT,SDWAYPIK,5419927
GYHKIVQT,SNHYOVBM,283451
GYHKIVQT,STZDBITS,21519516
GYHKIVQT,TGOELCAG,294426
GYHKIVQT,UIFPPCLR,130970
GYHKIVQT,UXSPKBJR,370033
GYHKIVQT,VMAQSTJE,9520
GYHKIVQT,VUAFAIYJ,863658
GYHKIVQT,VWMBASNE,127309
GYHKIVQT,WBLJNPZQ,149163
GYHKIVQT,WHPUAOID,48161
GYHKIVQT,WPQXWHYO,19158386
GYHKIVQT,WQMVCOEM,16026
GYHKIVQT,XIFHSOWQ,86644
GYHKIVQT,XIIEJNEE,72462
GYHKIVQT,XIPPENFQ,119815
GYHKIVQT,XMKRPGLB,774417
GYHKIVQT,XUOIQPFL,2341970
GYHKIVQT,ZCELVYQU,216942
GYHKIVQT,ZGJXVMNI,2547114
GYHKIVQT,ZKENOUDA,424639
GYHKIVQT,ZXERAXWP,58462
HCDTGMST,AANGBULD,453426
HCDTGMST,AHMDUILJ,145318
HCDTGMST,ATLDMDBO,35725784
HCDTGMST,BEZYMBBT,3206280
HCDTGMST,BTMOEMEP,4424444
HCDTGMST,BUZIIBYG,18376346
HCDTGMST,DDEXPPXU,15607
HCDTGMST,DEWLVASR,380807
HCDTGMST,DJBLNPNC,22394
HCDTGMST,DNMPSKTB,5446316
HCDTGMST,ELQGMQWE,670706
HCDTGMST,EVBVXETX,5133815
HCDTGMST,FDXPMYGF,29307
HCDTGMST,FITUEHWN,111776
HCDTGMST,FQCLOEXA,2551172
HCDTGMST,FRHNWLNI,945279
HCDTGMST,FTSVTTSR,173702
HCDTGMST,FWUCPMMW,33019
HCDTGMST,GKQIJYDH,5519380
HCDTGMST,GYHKIVQT,35567168
HCDTGMST,HXYSSRXE,5101569
HCDTGMST,JBVHSUWY,422681
HCDTGMST,JERHKLYW,20385
HCDTGMST,JSLXRQOK,19426
HCDTGMST,KEUWZRKO,1649001
HCDTGMST,KJNSOAHR,26370382
HCDTGMST,LLHREMKS,71639
HCDTGMST,LPHPPJUG,1160488
HCDTGMST,LUENUFGA,3621241
HCDTGMST,MBSBZBXA,4368458
HCDTGMST,MIRCVAMV,90639
HCDTGMST,NAQIHUKZ,43596
HCDTGMST,NZKBIBNU,271835
HCDTGMST,OKMBFVKS,1900570
HCDTGMST,OXKURKXR,164092
HCDTGMST,QKXNTIIB,1302826
HCDTGMST,QRKRBYJL,2140292
HCDTGMST,QVLMOEYE,1180505
HCDTGMST,RAWUKQMJ,3648245
HCDTGMST,RCBZUSIM,11212
HCDTGMST,RJGPVEXX,634033
HCDTGMST,SAAYMURU,48714
HCDTGMST,SAHWCZNH,1682843
HCDTGMST,SNHYOVBM,291416
HCDTGMST,STZDBITS,22794464
HCDTGMST,SUOYXCHP,20573
HCDTGMST,TGOELCAG,348775
HCDTGMST,UQYUIVVR,5826848
HCDTGMST,UXSPKBJR,377458
HCDTGMST,VBYCLTYZ,442170
HCDTGMST,WHPUAOID,48606
HCDTGMST,WPQXWHYO,21361358
HCDTGMST,WQMVCOEM,18147
HCDTGMST,XIFHSOWQ,111783
HCDTGMST,XIIEJNEE,69450
HCDTGMST,XIPPENFQ,135675
HCDTGMST,YSYHGLQK,28288
HCDTGMST,ZCELVYQU,205311
HCDTGMST,ZGJXVMNI,2691149
HCDTGMST,ZKENOUDA,419768
HCDTGMST,ZXERAXWP,53953
HXYSSRXE,AANGBULD,448297
HXYSSRXE,APQGTRMF,64236
HXYSSRXE,ATLDMDBO,43888036
HXYSSRXE,AXULOHBQ,104018
HXYSSRXE,BEZYMBBT,3165372
HXYSSRXE,BLANHGYY,66735
HXYSSRXE,BSRMSVTC,257782
HXYSSRXE,BUZIIBYG,18842472
HXYSSRXE,DBWLZWNK,174568
HXYSSRXE,DDEXPPXU,0
HXYSSRXE,DEWLVASR,403547
HXYSSRXE,DJBLNPNC,23382
HXYSSRXE,DNMPSKTB,5344194
HXYSSRXE,ELQGMQWE,658292
HXYSSRXE,EVBVXETX,5131190
HXYSSRXE,FCYBOAXC,115242712
HXYSSRXE,FDXPMYGF,18401
HXYSSRXE,FITUEHWN,114789
HXYSSRXE,FQCLOEXA,2295580
HXYSSRXE,FRHNWLNI,898373
HXYSSRXE,FWUCPMMW,30230
HXYSSRXE,GYHKIVQT,34581472
HXYSSRXE,HCDTGMST,114311
HXYSSRXE,IGDVVKUD,30845
HXYSSRXE,JBVHSUWY,407636
HXYSSRXE,JPBRUTWP,6726033
HXYSSRXE,JSLXRQOK,18746
HXYSSRXE,KAGJCHMR,35944
HXYSSRXE,KEUWZRKO,738695
HXYSSRXE,KJNSOAHR,25312064
HXYSSRXE,LPHPPJUG,1173150
HXYSSRXE,LTOYKIML,368597
HXYSSRXE,LUENUFGA,3449645
HXYSSRXE,MBSBZBXA,3804049
HXYSSRXE,MIRCVAMV,75867
HXYSSRXE,NAQIHUKZ,40176
HXYSSRXE,NZKBIBNU,269556
HXYSSRXE,OGAFEHLU,34505
HXYSSRXE,OJIFIHMZ,3307970
HXYSSRXE,OKMBFVKS,1859671
HXYSSRXE,OXKURKXR,130718
HXYSSRXE,PYZMVUWD,12491
HXYSSRXE,QJQJSWFU,131665
HXYSSRXE,QVLMOEYE,1156544
HXYSSRXE,RAWUKQMJ,3597582
HXYSSRXE,RCBZUSIM,0
HXYSSRXE,RJGPVEXX,597010
HXYSSRXE,SAAYMURU,54799
HXYSSRXE,SAHWCZNH,1691769
HXYSSRXE,SDWAYPIK,5528530
HXYSSRXE,SUOYXCHP,42182
HXYSSRXE,UGEQLMXM,263621
HXYSSRXE,UIFPPCLR,135604
HXYSSRXE,UQYUIVVR,5903873
HXYSSRXE,UXSPKBJR,369244
HXYSSRXE,VMAQSTJE,9534
HXYSSRXE,VWMBASNE,130162
HXYSSRXE,WBLJNPZQ,141771
HXYSSRXE,WHPUAOID,36858
HXYSSRXE,WPQXWHYO,19315426
HXYSSRXE,WQMVCOEM,13253
HXYSSRXE,XIFHSOWQ,86657
HXYSSRXE,XIIEJNEE,71428
HXYSSRXE,XIPPENFQ,127116
HXYSSRXE,XUOIQPFL,2366727
HXYSSRXE,ZCELVYQU,219998
HXYSSRXE,ZGJXVMNI,2544130
HXYSSRXE,ZKENOUDA,414091
HXYSSRXE,ZXERAXWP,55135
IGDVVKUD,AHMDUILJ,145932
IGDVVKUD,ATLDMDBO,39928100
IGDVVKUD,AXULOHBQ,119211
IGDVVKUD,BEZYMBBT,3278967
IGDVVKUD,BLANHGYY,78554
IGDVVKUD,BSRMSVTC,290283
IGDVVKUD,BTMOEMEP,5827098
IGDVVKUD,BUZIIBYG,18285090
IGDVVKUD,DJBLNPNC,22054
IGDVVKUD,DNMPSKTB,5539912
IGDVVKUD,ELQGMQWE,649273
IGDVVKUD,EVBVXETX,5013338
IGDVVKUD,FCYBOAXC,112433416
IGDVVKUD,FDXPMYGF,22760
IGDVVKUD,FITUEHWN,117021
IGDVVKUD,FQCLOEXA,2500023
IGDVVKUD,FRHNWLNI,878158
IGDVVKUD,FWUCPMMW,34812
IGDVVKUD,GYHKIVQT,36518340
IGDVVKUD,HCDTGMST,112816
IGDVVKUD,HXYSSRXE,5433729
IGDVVKUD,JBVHSUWY,423410
IGDVVKUD,JPBRUTWP,6081990
IGDVVKUD,KAGJCHMR,35639
IGDVVKUD,KEUWZRKO,798860
IGDVVKUD,KJNSOAHR,25935428
IGDVVKUD,LPHPPJUG,1186283
IGDVVKUD,LRVGFDFM,2397620
IGDVVKUD,LSOIUSXD,257604
IGDVVKUD,LUENUFGA,3572533
IGDVVKUD,MBSBZBXA,4040448
IGDVVKUD,MIRCVAMV,93116
IGDVVKUD,NZKBIBNU,273398
IGDVVKUD,OGAFEHLU,45300
IGDVVKUD,OKMBFVKS,1943757
IGDVVKUD,PYZMVUWD,21827
IGDVVKUD,QJQJSWFU,138588
IGDVVKUD,QRKRBYJL,2097327
IGDVVKUD,QVLMOEYE,1231421
IGDVVKUD,RAWUKQMJ,3641791
IGDVVKUD,RJGPVEXX,587222
IGDVVKUD,ROACSLMG,2210891
IGDVVKUD,SAHWCZNH,1746450
IGDVVKUD,SDWAYPIK,5226826
IGDVVKUD,SNHYOVBM,295586
IGDVVKUD,STZDBITS,21286634
IGDVVKUD,SUOYXCHP,22760
IGDVVKUD,TGOELCAG,299585
IGDVVKUD,UGEQLMXM,269684
IGDVVKUD,UIFPPCLR,141714
IGDVVKUD,UQYUIVVR,5261334
IGDVVKUD,UXSPKBJR,402506
IGDVVKUD,VBYCLTYZ,438079
IGDVVKUD,VMAQSTJE,22157
IGDVVKUD,VWMBASNE,145362
IGDVVKUD,WBLJNPZQ,166556
IGDVVKUD,WHPUAOID,51333
IGDVVKUD,WPQXWHYO,21201994
IGDVVKUD,WQMVCOEM,22533
IGDVVKUD,XIFHSOWQ,95407
IGDVVKUD,XIPPENFQ,131771
IGDVVKUD,XUOIQPFL,2545938
IGDVVKUD,ZGJXVMNI,2705798
JBVHSUWY,AANGBULD,450898
JBVHSUWY,AHMDUILJ,144420
JBVHSUWY,APQGTRMF,71065
JBVHSUWY,ATLDMDBO,33119002
JBVHSUWY,BEZYMBBT,3239234
JBVHSUWY,BJALXPFS,160048
JBVHSUWY,BTMOEMEP,4208846
JBVHSUWY,BUZIIBYG,19053278
JBVHSUWY,DBWLZWNK,186684
JBVHSUWY,DDEXPPXU,0
JBVHSUWY,DEWLVASR,396545
JBVHSUWY,DJBLNPNC,24267
JBVHSUWY,DUCMGGNW,914236
JBVHSUWY,ELQGMQWE,658140
JBVHSUWY,EVBVXETX,5028870
JBVHSUWY,FDXPMYGF,28037
JBVHSUWY,FQCLOEXA,2372921
JBVHSUWY,FTSVTTSR,174087
JBVHSUWY,FWUCPMMW,30930
JBVHSUWY,GKQIJYDH,4868098
JBVHSUWY,HXYSSRXE,5336228
JBVHSUWY,JSLXRQOK,28632
JBVHSUWY,KEUWZRKO,855048
JBVHSUWY,KJNSOAHR,23420564
JBVHSUWY,LLHREMKS,72340
JBVHSUWY,LRVGFDFM,2239319
JBVHSUWY,LTOYKIML,366950
JBVHSUWY,MBSBZBXA,4022350
JBVHSUWY,NAQIHUKZ,40196
JBVHSUWY,OJIFIHMZ,3303089
JBVHSUWY,OXKURKXR,137309
JBVHSUWY,QJQJSWFU,140126
JBVHSUWY,ROACSLMG,2152639
JBVHSUWY,SAAYMURU,45382
JBVHSUWY,SNHYOVBM,279800
JBVHSUWY,STZDBITS,21343458
JBVHSUWY,SUOYXCHP,27441
JBVHSUWY,TGOELCAG,292681
JBVHSUWY,UGEQLMXM,265982
JBVHSUWY,UIFPPCLR,145094
JBVHSUWY,UXSPKBJR,393184
JBVHSUWY,VBYCLTYZ,440731
JBVHSUWY,VMAQSTJE,39185
JBVHSUWY,WQMVCOEM,24543
JBVHSUWY,XIIEJNEE,74492
JBVHSUWY,XMKRPGLB,787267
JBVHSUWY,YSYHGLQK,19689
JBVHSUWY,ZCELVYQU,221113
JBVHSUWY,ZKENOUDA,423685
JBVHSUWY,ZXERAXWP,55169
JERHKLYW,AANGBULD,476305
JERHKLYW,ATLDMDBO,37970804
JERHKLYW,BEZYMBBT,3193041
JERHKLYW,BJALXPFS,160163
JERHKLYW,BTMOEMEP,4718407
JERHKLYW,BUZIIBYG,19071558
JERHKLYW,CCLHWFWF,13403948
JERHKLYW,DBWLZWNK,193825
JERHKLYW,DDEXPPXU,15607
JERHKLYW,DEWLVASR,406831
JERHKLYW,DJBLNPNC,23421
JERHKLYW,DUCMGGNW,930752
JERHKLYW,ELQGMQWE,683294
JERHKLYW,EVBVXETX,5101757
JERHKLYW,FDXPMYGF,30474
JERHKLYW,FQCLOEXA,2543734
JERHKLYW,FRHNWLNI,968700
JERHKLYW,FTSVTTSR,185126
JERHKLYW,FWUCPMMW,28865
JERHKLYW,GKQIJYDH,5943225
JERHKLYW,GYHKIVQT,34396708
JERHKLYW,IGDVVKUD,33019
JERHKLYW,JBVHSUWY,430856
JERHKLYW,JPBRUTWP,6065922
JERHKLYW,JSLXRQOK,27018
JERHKLYW,KJNSOAHR,26696256
JERHKLYW,LLHREMKS,73826
JERHKLYW,LPHPPJUG,1201486
JERHKLYW,LRVGFDFM,2301606
JERHKLYW,LTOYKIML,379729
JERHKLYW,MBSBZBXA,4086544
JERHKLYW,NAQIHUKZ,46386
JERHKLYW,NZKBIBNU,285111
JERHKLYW,OJIFIHMZ,3363400
JERHKLYW,OKMBFVKS,1890890
JERHKLYW,OXKURKXR,143578
JERHKLYW,QKXNTIIB,1335602
JERHKLYW,QRKRBYJL,2171448
JERHKLYW,QVLMOEYE,1172538
JERHKLYW,RCBZUSIM,23735
JERHKLYW,RJGPVEXX,640862
JERHKLYW,ROACSLMG,2174171
JERHKLYW,SAAYMURU,53409
JERHKLYW,SAHWCZNH,1728681
JERHKLYW,SDWAYPIK,5252468
JERHKLYW,SNHYOVBM,291416
JERHKLYW,STZDBITS,22590620
JERHKLYW,SUOYXCHP,25269
JERHKLYW,TGOELCAG,306005
JERHKLYW,UIFPPCLR,145296
JERHKLYW,UQYUIVVR,6081414
JERHKLYW,VBYCLTYZ,433996
JERHKLYW,VUAFAIYJ,867648
JERHKLYW,VWMBASNE,150747
JERHKLYW,WHPUAOID,51218
JERHKLYW,WPQXWHYO,19794000
JERHKLYW,WQMVCOEM,23179
JERHKLYW,XIIEJNEE,69875
JERHKLYW,XIPPENFQ,139270
JERHKLYW,ZCELVYQU,214910
JERHKLYW,ZGJXVMNI,2687860
JERHKLYW,ZKENOUDA,429689
JERHKLYW,ZXERAXWP,59564
JPBRUTWP,AANGBULD,447072
JPBRUTWP,AHMDUILJ,137025
JPBRUTWP,APQGTRMF,59928
JPBRUTWP,ATLDMDBO,38831928
JPBRUTWP,AXULOHBQ,109901
JPBRUTWP,BEZYMBBT,3194386
JPBRUTWP,BJALXPFS,156653
JPBRUTWP,BSRMSVTC,260765
JPBRUTWP,BTMOEMEP,4012910
JPBRUTWP,BUZIIBYG,19070122
JPBRUTWP,CCLHWFWF,13570314
JPBRUTWP,DBWLZWNK,167208
JPBRUTWP,DDEXPPXU,0
JPBRUTWP,DEWLVASR,391919
JPBRUTWP,DNMPSKTB,4675075
JPBRUTWP,DUCMGGNW,898431
JPBRUTWP,ELQGMQWE,659723
JPBRUTWP,EVBVXETX,5063508
JPBRUTWP,FDXPMYGF,27428
JPBRUTWP,FITUEHWN,114400
JPBRUTWP,FQCLOEXA,2326860
JPBRUTWP,FWUCPMMW,29797
JPBRUTWP,GYHKIVQT,30026980
JPBRUTWP,HCDTGMST,115358
JPBRUTWP,HXYSSRXE,4899888
JPBRUTWP,IGDVVKUD,31277
JPBRUTWP,JBVHSUWY,402938
JPBRUTWP,KAGJCHMR,20914
JPBRUTWP,KEUWZRKO,745233
JPBRUTWP,KJNSOAHR,27369284
JPBRUTWP,LPHPPJUG,1183168
JPBRUTWP,LRVGFDFM,2182015
JPBRUTWP,LSOIUSXD,226799
JPBRUTWP,LUENUFGA,3455893
JPBRUTWP,MBSBZBXA,3906864
JPBRUTWP,MIRCVAMV,83043
JPBRUTWP,NZKBIBNU,271776
JPBRUTWP,OGAFEHLU,35323
JPBRUTWP,OJIFIHMZ,3290418
JPBRUTWP,OKMBFVKS,1860389
JPBRUTWP,OXKURKXR,125039
JPBRUTWP,PYZMVUWD,12586
JPBRUTWP,QJQJSWFU,128802
JPBRUTWP,QKXNTIIB,1259821
JPBRUTWP,QRKRBYJL,1952043
JPBRUTWP,QVLMOEYE,1170853
JPBRUTWP,RAWUKQMJ,3646331
JPBRUTWP,RCBZUSIM,1869
JPBRUTWP,RJGPVEXX,595962
JPBRUTWP,ROACSLMG,2136187
JPBRUTWP,SAHWCZNH,1668899
JPBRUTWP,SDWAYPIK,5339072
JPBRUTWP,SNHYOVBM,282773
JPBRUTWP,TGOELCAG,299313
JPBRUTWP,UGEQLMXM,253796
JPBRUTWP,UIFPPCLR,134230
JPBRUTWP,UXSPKBJR,385140
JPBRUTWP,VBYCLTYZ,421628
JPBRUTWP,VMAQSTJE,8265
JPBRUTWP,VUAFAIYJ,863672
JPBRUTWP,VWMBASNE,134495
JPBRUTWP,WBLJNPZQ,135251
JPBRUTWP,WPQXWHYO,20559124
JPBRUTWP,WQMVCOEM,17461
JPBRUTWP,XIFHSOWQ,86657
JPBRUTWP,XIPPENFQ,122668
JPBRUTWP,XUOIQPFL,2352662
JPBRUTWP,ZCELVYQU,219609
JPBRUTWP,ZGJXVMNI,2545014
JPBRUTWP,ZKENOUDA,428335
JPBRUTWP,ZXERAXWP,56608
JSLXRQOK,AANGBULD,455355
JSLXRQOK,APQGTRMF,72638
JSLXRQOK,ATLDMDBO,37356208
JSLXRQOK,AXULOHBQ,123428
JSLXRQOK,BEZYMBBT,3297304
JSLXRQOK,BJALXPFS,164496
JSLXRQOK,BLANHGYY,73859
JSLXRQOK,BSRMSVTC,302320
JSLXRQOK,BTMOEMEP,4436406
JSLXRQOK,BUZIIBYG,16752407
JSLXRQOK,CCLHWFWF,13865991
JSLXRQOK,DBWLZWNK,199305
JSLXRQOK,DDEXPPXU,8538
JSLXRQOK,DEWLVASR,412434
JSLXRQOK,DJBLNPNC,28986
JSLXRQOK,DNMPSKTB,4977968
JSLXRQOK,ELQGMQWE,652136
JSLXRQOK,EVBVXETX,5011073
JSLXRQOK,FCYBOAXC,111421184
JSLXRQOK,FITUEHWN,112891
JSLXRQOK,FRHNWLNI,877464
JSLXRQOK,FTSVTTSR,176771
JSLXRQOK,FWUCPMMW,24170
JSLXRQOK,GKQIJYDH,5157138
JSLXRQOK,GYHKIVQT,36547292
JSLXRQOK,HXYSSRXE,5038098
JSLXRQOK,JBVHSUWY,427773
JSLXRQOK,JERHKLYW,31521
JSLXRQOK,JPBRUTWP,7111204
JSLXRQOK,KAGJCHMR,37134
JSLXRQOK,KEUWZRKO,854441
JSLXRQOK,KJNSOAHR,23940674
JSLXRQOK,LLHREMKS,74484
JSLXRQOK,LPHPPJUG,1186168
JSLXRQOK,LRVGFDFM,2314611
JSLXRQOK,LSOIUSXD,242498
JSLXRQOK,LTOYKIML,391470
JSLXRQOK,LUENUFGA,3589457
JSLXRQOK,MIRCVAMV,86390
JSLXRQOK,NAQIHUKZ,39396
JSLXRQOK,NZKBIBNU,277664
JSLXRQOK,OGAFEHLU,47306
JSLXRQOK,OKMBFVKS,1943642
JSLXRQOK,PYZMVUWD,27222
JSLXRQOK,QJQJSWFU,142805
JSLXRQOK,QRKRBYJL,2124035
JSLXRQOK,QVLMOEYE,1197536
JSLXRQOK,RAWUKQMJ,3651492
JSLXRQOK,RJGPVEXX,642835
JSLXRQOK,SAAYMURU,58950
JSLXRQOK,SAHWCZNH,1743623
JSLXRQOK,SDWAYPIK,5270581
JSLXRQOK,STZDBITS,21306966
JSLXRQOK,SUOYXCHP,25269
JSLXRQOK,TGOELCAG,303802
JSLXRQOK,UGEQLMXM,257608
JSLXRQOK,UIFPPCLR,141714
JSLXRQOK,UXSPKBJR,411000
JSLXRQOK,VBYCLTYZ,428436
JSLXRQOK,VMAQSTJE,25248
JSLXRQOK,VUAFAIYJ,889119
JSLXRQOK,VWMBASNE,145362
JSLXRQOK,WBLJNPZQ,149531
JSLXRQOK,WPQXWHYO,20365316
JSLXRQOK,WQMVCOEM,25420
JSLXRQOK,XIFHSOWQ,96327
JSLXRQOK,XIIEJNEE,73942
JSLXRQOK,XIPPENFQ,134279
JSLXRQOK,XMKRPGLB,824998
JSLXRQOK,XUOIQPFL,2535838
JSLXRQOK,YSYHGLQK,27120
JSLXRQOK,ZCELVYQU,214910
JSLXRQOK,ZGJXVMNI,2702865
JSLXRQOK,ZKENOUDA,416178
JSLXRQOK,ZXERAXWP,49258
KAGJCHMR,AANGBULD,466357
KAGJCHMR,AHMDUILJ,145318
KAGJCHMR,BEZYMBBT,3316813
KAGJCHMR,BLANHGYY,73428
KAGJCHMR,BTMOEMEP,4734484
KAGJCHMR,BUZIIBYG,17951314
KAGJCHMR,DBWLZWNK,199305
KAGJCHMR,DDEXPPXU,9436
KAGJCHMR,DEWLVASR,397010
KAGJCHMR,DJBLNPNC,25441
KAGJCHMR,DUCMGGNW,908183
KAGJCHMR,ELQGMQWE,676551
KAGJCHMR,EVBVXETX,5092100
KAGJCHMR,FITUEHWN,117782
KAGJCHMR,FQCLOEXA,2539333
KAGJCHMR,FTSVTTSR,196560
KAGJCHMR,FWUCPMMW,24170
KAGJCHMR,GKQIJYDH,5295422
KAGJCHMR,HXYSSRXE,5184989
KAGJCHMR,IGDVVKUD,28801
KAGJCHMR,JBVHSUWY,434755
KAGJCHMR,JERHKLYW,28577
KAGJCHMR,JSLXRQOK,31114
KAGJCHMR,KEUWZRKO,860304
KAGJCHMR,KJNSOAHR,25346240
KAGJCHMR,LLHREMKS,79709
KAGJCHMR,LPHPPJUG,1201840
KAGJCHMR,LSOIUSXD,244227
KAGJCHMR,LTOYKIML,371319
KAGJCHMR,MBSBZBXA,3975908
KAGJCHMR,NAQIHUKZ,46332
KAGJCHMR,NZKBIBNU,284747
KAGJCHMR,OKMBFVKS,1891625
KAGJCHMR,OXKURKXR,145150
KAGJCHMR,QJQJSWFU,141081
KAGJCHMR,QRKRBYJL,2126745
KAGJCHMR,RAWUKQMJ,3595402
KAGJCHMR,RJGPVEXX,642835
KAGJCHMR,ROACSLMG,2178980
KAGJCHMR,SAAYMURU,58251
KAGJCHMR,SUOYXCHP,29422
KAGJCHMR,UGEQLMXM,271084
KAGJCHMR,VBYCLTYZ,429671
KAGJCHMR,WBLJNPZQ,158428
KAGJCHMR,WHPUAOID,47180
KAGJCHMR,WPQXWHYO,20700516
KAGJCHMR,WQMVCOEM,26946
KAGJCHMR,XIIEJNEE,71901
KAGJCHMR,XIPPENFQ,136580
KAGJCHMR,YSYHGLQK,30474
KAGJCHMR,ZCELVYQU,221061
KAGJCHMR,ZKENOUDA,429804
KAGJCHMR,ZXERAXWP,53953
KEUWZRKO,APQGTRMF,76703
KEUWZRKO,BEZYMBBT,3228245
KEUWZRKO,BTMOEMEP,4163826
KEUWZRKO,DBWLZWNK,178054
KEUWZRKO,DDEXPPXU,14035
KEUWZRKO,DEWLVASR,379327
KEUWZRKO,DJBLNPNC,26858
KEUWZRKO,DNMPSKTB,4967434
KEUWZRKO,EVBVXETX,5110737
KEUWZRKO,FDXPMYGF,27120
KEUWZRKO,FITUEHWN,108109
KEUWZRKO,FQCLOEXA,2473043
KEUWZRKO,FRHNWLNI,899626
KEUWZRKO,FTSVTTSR,177729
KEUWZRKO,GKQIJYDH,5684552
KEUWZRKO,GYHKIVQT,35935628
KEUWZRKO,HXYSSRXE,5182118
KEUWZRKO,JBVHSUWY,418761
KEUWZRKO,JSLXRQOK,23108
KEUWZRKO,KAGJCHMR,38234
KEUWZRKO,KJNSOAHR,26655012
KEUWZRKO,LLHREMKS,71570
KEUWZRKO,LPHPPJUG,1168492
KEUWZRKO,LTOYKIML,378515
KEUWZRKO,LUENUFGA,3577120
KEUWZRKO,MIRCVAMV,85296
KEUWZRKO,NAQIHUKZ,41403
KEUWZRKO,NZKBIBNU,268462
KEUWZRKO,OKMBFVKS,1888485
KEUWZRKO,QJQJSWFU,141951
KEUWZRKO,QVLMOEYE,1171454
KEUWZRKO,RCBZUSIM,13420
KEUWZRKO,RJGPVEXX,621449
KEUWZRKO,ROACSLMG,2173679
KEUWZRKO,SAAYMURU,52812
KEUWZRKO,SAHWCZNH,1714689
KEUWZRKO,SDWAYPIK,5221980
KEUWZRKO,STZDBITS,21721270
KEUWZRKO,SUOYXCHP,20067
KEUWZRKO,UGEQLMXM,264997
KEUWZRKO,UIFPPCLR,143450
KEUWZRKO,UQYUIVVR,5768619
KEUWZRKO,UXSPKBJR,390755
KEUWZRKO,VBYCLTYZ,437166
KEUWZRKO,VMAQSTJE,24680
KEUWZRKO,VWMBASNE,144969
KEUWZRKO,WPQXWHYO,19027900
KEUWZRKO,WQMVCOEM,26946
KEUWZRKO,XIFHSOWQ,85898
KEUWZRKO,XIIEJNEE,69714
KEUWZRKO,XIPPENFQ,127946
KEUWZRKO,XMKRPGLB,799152
KEUWZRKO,YSYHGLQK,23799
KEUWZRKO,ZCELVYQU,201087
KEUWZRKO,ZGJXVMNI,2671939
KEUWZRKO,ZKENOUDA,406584
KEUWZRKO,ZXERAXWP,49378
KJNSOAHR,AHMDUILJ,142349
KJNSOAHR,ATLDMDBO,38511704
KJNSOAHR,AXULOHBQ,103670
KJNSOAHR,BEZYMBBT,3213659
KJNSOAHR,BJALXPFS,150717
KJNSOAHR,BLANHGYY,66965
KJNSOAHR,BSRMSVTC,262186
KJNSOAHR,BTMOEMEP,3853060
KJNSOAHR,CCLHWFWF,13521462
KJNSOAHR,DEWLVASR,391689
KJNSOAHR,DNMPSKTB,4681844
KJNSOAHR,ELQGMQWE,655298
KJNSOAHR,EVBVXETX,5096752
KJNSOAHR,FCYBOAXC,112449136
KJNSOAHR,FDXPMYGF,18401
KJNSOAHR,FITUEHWN,113728
KJNSOAHR,FQCLOEXA,2264348
KJNSOAHR,FWUCPMMW,31277
KJNSOAHR,GKQIJYDH,4418230
KJNSOAHR,GYHKIVQT,33600104
KJNSOAHR,HCDTGMST,114423
KJNSOAHR,HXYSSRXE,4846831
KJNSOAHR,IGDVVKUD,22801
KJNSOAHR,JBVHSUWY,419447
KJNSOAHR,JERHKLYW,28790
KJNSOAHR,JPBRUTWP,6563847
KJNSOAHR,KEUWZRKO,738814
KJNSOAHR,LPHPPJUG,1168291
KJNSOAHR,LRVGFDFM,2243366
KJNSOAHR,LSOIUSXD,249443
KJNSOAHR,LTOYKIML,375014
KJNSOAHR,LUENUFGA,3474752
KJNSOAHR,MBSBZBXA,3936176
KJNSOAHR,MIRCVAMV,79183
KJNSOAHR,NZKBIBNU,272844
KJNSOAHR,OGAFEHLU,42170
KJNSOAHR,OJIFIHMZ,3307149
KJNSOAHR,OKMBFVKS,1831785
KJNSOAHR,OXKURKXR,129660
KJNSOAHR,PYZMVUWD,22785
KJNSOAHR,QJQJSWFU,138298
KJNSOAHR,QKXNTIIB,1263556
KJNSOAHR,QRKRBYJL,1978984
KJNSOAHR,QVLMOEYE,1189484
KJNSOAHR,RAWUKQMJ,3541904
KJNSOAHR,RCBZUSIM,6376
KJNSOAHR,RJGPVEXX,604886
KJNSOAHR,SAAYMURU,53864
KJNSOAHR,SAHWCZNH,1642036
KJNSOAHR,SDWAYPIK,5244453
KJNSOAHR,SNHYOVBM,295262
KJNSOAHR,UGEQLMXM,269182
KJNSOAHR,UXSPKBJR,376611
KJNSOAHR,VBYCLTYZ,421359
KJNSOAHR,VMAQSTJE,16235
KJNSOAHR,VWMBASNE,124326
KJNSOAHR,WBLJNPZQ,136755
KJNSOAHR,WPQXWHYO,21833192
KJNSOAHR,WQMVCOEM,23356
KJNSOAHR,XIFHSOWQ,85018
KJNSOAHR,XIPPENFQ,121985
KJNSOAHR,XMKRPGLB,846946
KJNSOAHR,XUOIQPFL,2337124
KJNSOAHR,ZCELVYQU,210462
KJNSOAHR,ZGJXVMNI,2598489
KJNSOAHR,ZKENOUDA,419583
LLHREMKS,AANGBULD,453164
LLHREMKS,AHMDUILJ,146047
LLHREMKS,APQGTRMF,79185
LLHREMKS,ATLDMDBO,31986048
LLHREMKS,BEZYMBBT,3276578
LLHREMKS,BLANHGYY,75158
LLHREMKS,BSRMSVTC,293712
LLHREMKS,BTMOEMEP,4768716
LLHREMKS,BUZIIBYG,19084476
LLHREMKS,CCLHWFWF,13982123
LLHREMKS,DBWLZWNK,198014
LLHREMKS,DJBLNPNC,33734
LLHREMKS,DNMPSKTB,4897388
LLHREMKS,ELQGMQWE,674178
LLHREMKS,FQCLOEXA,2447591
LLHREMKS,FTSVTTSR,185608
LLHREMKS,FWUCPMMW,20839
LLHREMKS,GKQIJYDH,4669236
LLHREMKS,GYHKIVQT,36042852
LLHREMKS,HXYSSRXE,5139682
LLHREMKS,IGDVVKUD,32089
LLHREMKS,JBVHSUWY,453235
LLHREMKS,JPBRUTWP,6473230
LLHREMKS,JSLXRQOK,25991
LLHREMKS,KAGJCHMR,33465
LLHREMKS,KEUWZRKO,797690
LLHREMKS,KJNSOAHR,23913048
LLHREMKS,LPHPPJUG,1195230
LLHREMKS,LSOIUSXD,243244
LLHREMKS,MBSBZBXA,4452338
LLHREMKS,MIRCVAMV,92305
LLHREMKS,NAQIHUKZ,47809
LLHREMKS,NZKBIBNU,303484
LLHREMKS,OGAFEHLU,49416
LLHREMKS,OJIFIHMZ,3300411
LLHREMKS,OKMBFVKS,1930331
LLHREMKS,OXKURKXR,141218
LLHREMKS,PYZMVUWD,25142
LLHREMKS,QJQJSWFU,138588
LLHREMKS,QKXNTIIB,1263244
LLHREMKS,QVLMOEYE,1226481
LLHREMKS,RCBZUSIM,8902
LLHREMKS,RJGPVEXX,656338
LLHREMKS,ROACSLMG,2178106
LLHREMKS,SAAYMURU,53409
LLHREMKS,SDWAYPIK,5364817
LLHREMKS,STZDBITS,23135752
LLHREMKS,TGOELCAG,320725
LLHREMKS,UGEQLMXM,262962
LLHREMKS,UIFPPCLR,145932
LLHREMKS,VBYCLTYZ,439307
LLHREMKS,VMAQSTJE,23894
LLHREMKS,VUAFAIYJ,897116
LLHREMKS,WBLJNPZQ,150279
LLHREMKS,WHPUAOID,49032
LLHREMKS,WPQXWHYO,21946568
LLHREMKS,XIIEJNEE,76968
LLHREMKS,XMKRPGLB,813688
LLHREMKS,XUOIQPFL,2543578
LLHREMKS,YSYHGLQK,26628
LLHREMKS,ZCELVYQU,208464
LLHREMKS,ZXERAXWP,52103
LPHPPJUG,AHMDUILJ,145117
LPHPPJUG,AXULOHBQ,113974
LPHPPJUG,BEZYMBBT,3218776
LPHPPJUG,BJALXPFS,153716
LPHPPJUG,BLANHGYY,72856
LPHPPJUG,BTMOEMEP,5420286
LPHPPJUG,CCLHWFWF,14154316
LPHPPJUG,DDEXPPXU,2637
LPHPPJUG,DEWLVASR,391696
LPHPPJUG,DJBLNPNC,23821
LPHPPJUG,EVBVXETX,5173304
LPHPPJUG,FCYBOAXC,112110184
LPHPPJUG,FITUEHWN,107645
LPHPPJUG,FQCLOEXA,2444641
LPHPPJUG,FRHNWLNI,926399
LPHPPJUG,FTSVTTSR,184340
LPHPPJUG,HXYSSRXE,5118118
LPHPPJUG,JBVHSUWY,417165
LPHPPJUG,JERHKLYW,28489
LPHPPJUG,JPBRUTWP,6759702
LPHPPJUG,JSLXRQOK,28481
LPHPPJUG,KAGJCHMR,36018
LPHPPJUG,KEUWZRKO,784539
LPHPPJUG,KJNSOAHR,25842896
LPHPPJUG,LLHREMKS,78274
LPHPPJUG,LRVGFDFM,2284453
LPHPPJUG,LTOYKIML,377724
LPHPPJUG,LUENUFGA,3609646
LPHPPJUG,MBSBZBXA,3843314
LPHPPJUG,MIRCVAMV,89495
LPHPPJUG,NZKBIBNU,274126
LPHPPJUG,OGAFEHLU,50082
LPHPPJUG,OJIFIHMZ,3342922
LPHPPJUG,PYZMVUWD,16826
LPHPPJUG,QJQJSWFU,139801
LPHPPJUG,QKXNTIIB,1282724
LPHPPJUG,QRKRBYJL,2118387
LPHPPJUG,RAWUKQMJ,3612616
LPHPPJUG,RJGPVEXX,607876
LPHPPJUG,SAHWCZNH,1688218
LPHPPJUG,STZDBITS,22821884
LPHPPJUG,SUOYXCHP,27704
LPHPPJUG,UIFPPCLR,143739
LPHPPJUG,UXSPKBJR,412221
LPHPPJUG,VMAQSTJE,22290
LPHPPJUG,VUAFAIYJ,875963
LPHPPJUG,VWMBASNE,144039
LPHPPJUG,WBLJNPZQ,146149
LPHPPJUG,WHPUAOID,50454
LPHPPJUG,WPQXWHYO,20239690
LPHPPJUG,WQMVCOEM,23324
LPHPPJUG,XIFHSOWQ,93634
LPHPPJUG,XIIEJNEE,79180
LPHPPJUG,XIPPENFQ,137727
LPHPPJUG,XUOIQPFL,2397074
LPHPPJUG,ZCELVYQU,217844
LPHPPJUG,ZGJXVMNI,2629396
LPHPPJUG,ZKENOUDA,418651
LRVGFDFM,AANGBULD,452543
LRVGFDFM,AHMDUILJ,126173
LRVGFDFM,APQGTRMF,64223
LRVGFDFM,ATLDMDBO,38123856
LRVGFDFM,AXULOHBQ,106165
LRVGFDFM,BEZYMBBT,3178510
LRVGFDFM,BJALXPFS,149296
LRVGFDFM,BSRMSVTC,256036
LRVGFDFM,BTMOEMEP,4337457
LRVGFDFM,CCLHWFWF,13632059
LRVGFDFM,DBWLZWNK,169249
LRVGFDFM,DEWLVASR,391702
LRVGFDFM,DJBLNPNC,14225
LRVGFDFM,DNMPSKTB,4656526
LRVGFDFM,DUCMGGNW,888795
LRVGFDFM,ELQGMQWE,660390
LRVGFDFM,EVBVXETX,5151368
LRVGFDFM,FCYBOAXC,113405592
LRVGFDFM,FDXPMYGF,13132
LRVGFDFM,FITUEHWN,112532
LRVGFDFM,FQCLOEXA,2331083
LRVGFDFM,FRHNWLNI,897461
LRVGFDFM,GYHKIVQT,35968116
LRVGFDFM,HCDTGMST,104757
LRVGFDFM,HXYSSRXE,4794580
LRVGFDFM,IGDVVKUD,10293
LRVGFDFM,JBVHSUWY,411535
LRVGFDFM,JERHKLYW,30690
LRVGFDFM,JPBRUTWP,6134532
LRVGFDFM,KEUWZRKO,739477
LRVGFDFM,KJNSOAHR,26187268
LRVGFDFM,LPHPPJUG,1183155
LRVGFDFM,LSOIUSXD,226799
LRVGFDFM,LUENUFGA,3277158
LRVGFDFM,MIRCVAMV,75867
LRVGFDFM,NZKBIBNU,273003
LRVGFDFM,OGAFEHLU,32801
LRVGFDFM,OKMBFVKS,1831785
LRVGFDFM,OXKURKXR,123643
LRVGFDFM,PYZMVUWD,11819
LRVGFDFM,QJQJSWFU,139778
LRVGFDFM,QRKRBYJL,1979221
LRVGFDFM,QVLMOEYE,1157254
LRVGFDFM,RAWUKQMJ,3588475
LRVGFDFM,RCBZUSIM,3774
LRVGFDFM,RJGPVEXX,602076
LRVGFDFM,ROACSLMG,2122344
LRVGFDFM,SAHWCZNH,1664167
LRVGFDFM,SDWAYPIK,5466808
LRVGFDFM,SUOYXCHP,18388
LRVGFDFM,TGOELCAG,290044
LRVGFDFM,UGEQLMXM,243567
LRVGFDFM,UIFPPCLR,131929
LRVGFDFM,UXSPKBJR,366081
LRVGFDFM,VBYCLTYZ,413022
LRVGFDFM,VMAQSTJE,8265
LRVGFDFM,VUAFAIYJ,864399
LRVGFDFM,VWMBASNE,121999
LRVGFDFM,WBLJNPZQ,128074
LRVGFDFM,WPQXWHYO,21324174
LRVGFDFM,WQMVCOEM,24835
LRVGFDFM,XIFHSOWQ,82612
LRVGFDFM,XIIEJNEE,55837
LRVGFDFM,XIPPENFQ,121247
LRVGFDFM,XUOIQPFL,2333990
LRVGFDFM,ZGJXVMNI,2564576
LRVGFDFM,ZKENOUDA,423083
LRVGFDFM,ZXERAXWP,56571
LSOIUSXD,AANGBULD,459463
LSOIUSXD,AHMDUILJ,146735
LSOIUSXD,ATLDMDBO,37156068
LSOIUSXD,AXULOHBQ,114414
LSOIUSXD,BJALXPFS,159408
LSOIUSXD,BTMOEMEP,4650195
LSOIUSXD,CCLHWFWF,12656721
LSOIUSXD,DBWLZWNK,188134
LSOIUSXD,DEWLVASR,398606
LSOIUSXD,DNMPSKTB,4919976
LSOIUSXD,DUCMGGNW,914510
LSOIUSXD,ELQGMQWE,661602
LSOIUSXD,FCYBOAXC,113705208
LSOIUSXD,FDXPMYGF,29232
LSOIUSXD,FQCLOEXA,2391148
LSOIUSXD,FTSVTTSR,186636
LSOIUSXD,FWUCPMMW,30071
LSOIUSXD,GYHKIVQT,32622882
LSOIUSXD,HXYSSRXE,5033277
LSOIUSXD,IGDVVKUD,27007
LSOIUSXD,JBVHSUWY,408942
LSOIUSXD,JERHKLYW,26069
LSOIUSXD,JPBRUTWP,6917702
LSOIUSXD,JSLXRQOK,27580
LSOIUSXD,KJNSOAHR,23389946
LSOIUSXD,LLHREMKS,75671
LSOIUSXD,LPHPPJUG,1177818
LSOIUSXD,LRVGFDFM,2300899
LSOIUSXD,LTOYKIML,378247
LSOIUSXD,MBSBZBXA,3972702
LSOIUSXD,MIRCVAMV,90233
LSOIUSXD,NAQIHUKZ,47230
LSOIUSXD,OGAFEHLU,50221
LSOIUSXD,OKMBFVKS,1933266
LSOIUSXD,OXKURKXR,139032
LSOIUSXD,PYZMVUWD,26600
LSOIUSXD,QJQJSWFU,141379
LSOIUSXD,QKXNTIIB,1277141
LSOIUSXD,QRKRBYJL,2096425
LSOIUSXD,QVLMOEYE,1223420
LSOIUSXD,RAWUKQMJ,3686264
LSOIUSXD,SAAYMURU,55261
LSOIUSXD,SNHYOVBM,293968
LSOIUSXD,TGOELCAG,303570
LSOIUSXD,UGEQLMXM,262418
LSOIUSXD,UIFPPCLR,146812
LSOIUSXD,UXSPKBJR,404410
LSOIUSXD,VUAFAIYJ,856535
LSOIUSXD,VWMBASNE,142857
LSOIUSXD,WBLJNPZQ,148800
LSOIUSXD,XIFHSOWQ,101360
LSOIUSXD,XIPPENFQ,131447
LSOIUSXD,XUOIQPFL,2560040
LSOIUSXD,ZKENOUDA,423493
LTOYKIML,AANGBULD,455760
LTOYKIML,AHMDUILJ,145501
LTOYKIML,APQGTRMF,76363
LTOYKIML,ATLDMDBO,35207104
LTOYKIML,AXULOHBQ,121357
LTOYKIML,BJALXPFS,159199
LTOYKIML,BLANHGYY,80527
LTOYKIML,CCLHWFWF,14308127
LTOYKIML,DEWLVASR,395119
LTOYKIML,DJBLNPNC,24759
LTOYKIML,DNMPSKTB,4948032
LTOYKIML,DUCMGGNW,914942
LTOYKIML,ELQGMQWE,652641
LTOYKIML,FCYBOAXC,114678064
LTOYKIML,FDXPMYGF,26628
LTOYKIML,FITUEHWN,114138
LTOYKIML,FQCLOEXA,2368898
LTOYKIML,FRHNWLNI,899242
LTOYKIML,FTSVTTSR,182022
LTOYKIML,FWUCPMMW,28108
LTOYKIML,GYHKIVQT,35837964
LTOYKIML,HCDTGMST,118471
LTOYKIML,JPBRUTWP,6437342
LTOYKIML,JSLXRQOK,45599
LTOYKIML,LLHREMKS,74462
LTOYKIML,LPHPPJUG,1161744
LTOYKIML,LSOIUSXD,241422
LTOYKIML,MBSBZBXA,3939322
LTOYKIML,NAQIHUKZ,49219
LTOYKIML,OJIFIHMZ,3333749
LTOYKIML,OKMBFVKS,1902783
LTOYKIML,OXKURKXR,140436
LTOYKIML,PYZMVUWD,24543
LTOYKIML,QJQJSWFU,140974
LTOYKIML,QKXNTIIB,1277256
LTOYKIML,QVLMOEYE,1197845
LTOYKIML,ROACSLMG,2126770
LTOYKIML,SAAYMURU,57405
LTOYKIML,SDWAYPIK,5283340
LTOYKIML,STZDBITS,22695408
LTOYKIML,SUOYXCHP,22436
LTOYKIML,UGEQLMXM,266251
LTOYKIML,UQYUIVVR,5591792
LTOYKIML,UXSPKBJR,401467
LTOYKIML,VBYCLTYZ,433321
LTOYKIML,VMAQSTJE,18385
LTOYKIML,VUAFAIYJ,862782
LTOYKIML,WHPUAOID,49948
LTOYKIML,WQMVCOEM,23491
LTOYKIML,XIIEJNEE,69485
LTOYKIML,XIPPENFQ,135563
LTOYKIML,XUOIQPFL,2444726
LTOYKIML,YSYHGLQK,26485
LTOYKIML,ZCELVYQU,218787
LTOYKIML,ZGJXVMNI,2635636
LTOYKIML,ZKENOUDA,409270
LTOYKIML,ZXERAXWP,56431
LUENUFGA,AANGBULD,440497
LUENUFGA,APQGTRMF,77376
LUENUFGA,ATLDMDBO,41007544
LUENUFGA,AXULOHBQ,120335
LUENUFGA,BEZYMBBT,3209090
LUENUFGA,BJALXPFS,155634
LUENUFGA,BLANHGYY,68220
LUENUFGA,BTMOEMEP,4189486
LUENUFGA,BUZIIBYG,18465664
LUENUFGA,DDEXPPXU,800
LUENUFGA,DEWLVASR,362948
LUENUFGA,DJBLNPNC,18511
LUENUFGA,DNMPSKTB,5479830
LUENUFGA,DUCMGGNW,904690
LUENUFGA,ELQGMQWE,632011
LUENUFGA,EVBVXETX,4953089
LUENUFGA,FDXPMYGF,19204
LUENUFGA,FITUEHWN,97263
LUENUFGA,FQCLOEXA,2368466
LUENUFGA,FRHNWLNI,904747
LUENUFGA,FTSVTTSR,165653
LUENUFGA,FWUCPMMW,22112
LUENUFGA,GKQIJYDH,4721796
LUENUFGA,GYHKIVQT,34423596
LUENUFGA,IGDVVKUD,18531
LUENUFGA,JPBRUTWP,6907816
LUENUFGA,JSLXRQOK,15429
LUENUFGA,KAGJCHMR,30369
LUENUFGA,KEUWZRKO,825110
LUENUFGA,KJNSOAHR,25922520
LUENUFGA,LLHREMKS,65679
LUENUFGA,LPHPPJUG,1163984
LUENUFGA,LSOIUSXD,227146
LUENUFGA,LTOYKIML,365734
LUENUFGA,MBSBZBXA,3783359
LUENUFGA,MIRCVAMV,82382
LUENUFGA,NAQIHUKZ,39531
LUENUFGA,NZKBIBNU,244306
LUENUFGA,OJIFIHMZ,3287386
LUENUFGA,OKMBFVKS,1943091
LUENUFGA,OXKURKXR,135472
LUENUFGA,PYZMVUWD,16040
LUENUFGA,QRKRBYJL,2142589
LUENUFGA,QVLMOEYE,1164298
LUENUFGA,RAWUKQMJ,3567401
LUENUFGA,RJGPVEXX,585225
LUENUFGA,SAAYMURU,45952
LUENUFGA,SAHWCZNH,1648926
LUENUFGA,SDWAYPIK,5625344
LUENUFGA,SNHYOVBM,282759
LUENUFGA,UGEQLMXM,261622
LUENUFGA,UIFPPCLR,144498
LUENUFGA,UXSPKBJR,382577
LUENUFGA,VMAQSTJE,22660
LUENUFGA,VUAFAIYJ,825353
LUENUFGA,VWMBASNE,144084
LUENUFGA,WBLJNPZQ,150618
LUENUFGA,WPQXWHYO,20454494
LUENUFGA,WQMVCOEM,24835
LUENUFGA,XIFHSOWQ,121795
LUENUFGA,XIIEJNEE,64519
LUENUFGA,XIPPENFQ,123528
LUENUFGA,XUOIQPFL,2441831
LUENUFGA,ZCELVYQU,191956
LUENUFGA,ZGJXVMNI,2563098
LUENUFGA,ZKENOUDA,389505
LUENUFGA,ZXERAXWP,41774
MBSBZBXA,AANGBULD,448811
MBSBZBXA,ATLDMDBO,35903060
MBSBZBXA,BJALXPFS,143541
MBSBZBXA,BLANHGYY,71802
MBSBZBXA,DBWLZWNK,189847
MBSBZBXA,DEWLVASR,365642
MBSBZBXA,DJBLNPNC,19331
MBSBZBXA,DNMPSKTB,5453566
MBSBZBXA,DUCMGGNW,897313
MBSBZBXA,EVBVXETX,4986006
MBSBZBXA,FCYBOAXC,112438952
MBSBZBXA,FDXPMYGF,17062
MBSBZBXA,FITUEHWN,104008
MBSBZBXA,FQCLOEXA,2359089
MBSBZBXA,FRHNWLNI,903341
MBSBZBXA,FTSVTTSR,160492
MBSBZBXA,GYHKIVQT,36242260
MBSBZBXA,HCDTGMST,105000
MBSBZBXA,IGDVVKUD,22112
MBSBZBXA,JERHKLYW,23977
MBSBZBXA,JPBRUTWP,6970086
MBSBZBXA,JSLXRQOK,18449
MBSBZBXA,KEUWZRKO,830176
MBSBZBXA,LPHPPJUG,1143321
MBSBZBXA,LRVGFDFM,2191552
MBSBZBXA,LSOIUSXD,249443
MBSBZBXA,LTOYKIML,379032
MBSBZBXA,LUENUFGA,3578446
MBSBZBXA,NAQIHUKZ,37539
MBSBZBXA,NZKBIBNU,272208
MBSBZBXA,OJIFIHMZ,3274511
MBSBZBXA,OXKURKXR,122738
MBSBZBXA,QJQJSWFU,137223
MBSBZBXA,QVLMOEYE,1208753
MBSBZBXA,RAWUKQMJ,3635294
MBSBZBXA,RCBZUSIM,3574
MBSBZBXA,RJGPVEXX,612030
MBSBZBXA,ROACSLMG,2118150
MBSBZBXA,SAAYMURU,47121
MBSBZBXA,SDWAYPIK,5313957
MBSBZBXA,SNHYOVBM,283840
MBSBZBXA,TGOELCAG,302101
MBSBZBXA,UXSPKBJR,381686
MBSBZBXA,VBYCLTYZ,432128
MBSBZBXA,VMAQSTJE,23258
MBSBZBXA,VUAFAIYJ,863292
MBSBZBXA,WBLJNPZQ,148516
MBSBZBXA,XIIEJNEE,67498
MBSBZBXA,XUOIQPFL,2356532
MBSBZBXA,ZGJXVMNI,2602798
MBSBZBXA,ZKENOUDA,394956
MIRCVAMV,AANGBULD,449740
MIRCVAMV,APQGTRMF,78550
MIRCVAMV,ATLDMDBO,34498224
MIRCVAMV,BJALXPFS,163745
MIRCVAMV,BLANHGYY,70097
MIRCVAMV,BTMOEMEP,5381512
MIRCVAMV,BUZIIBYG,18436172
MIRCVAMV,CCLHWFWF,13448294
MIRCVAMV,DBWLZWNK,198350
MIRCVAMV,DDEXPPXU,15692
MIRCVAMV,DEWLVASR,401373
MIRCVAMV,DJBLNPNC,26858
MIRCVAMV,DNMPSKTB,4976792
MIRCVAMV,DUCMGGNW,918698
MIRCVAMV,ELQGMQWE,642260
MIRCVAMV,FCYBOAXC,113217096
MIRCVAMV,FRHNWLNI,963634
MIRCVAMV,FTSVTTSR,188555
MIRCVAMV,FWUCPMMW,20407
MIRCVAMV,GKQIJYDH,4826469
MIRCVAMV,GYHKIVQT,35842716
MIRCVAMV,HXYSSRXE,5497538
MIRCVAMV,IGDVVKUD,32290
MIRCVAMV,JERHKLYW,30886
MIRCVAMV,JPBRUTWP,6879054
MIRCVAMV,JSLXRQOK,23631
MIRCVAMV,KAGJCHMR,33648
MIRCVAMV,KJNSOAHR,25575026
MIRCVAMV,LLHREMKS,77858
MIRCVAMV,LRVGFDFM,2336198
MIRCVAMV,LSOIUSXD,232096
MIRCVAMV,LTOYKIML,380602
MIRCVAMV,NAQIHUKZ,45454
MIRCVAMV,NZKBIBNU,285111
MIRCVAMV,OJIFIHMZ,3358642
MIRCVAMV,OKMBFVKS,1962134
MIRCVAMV,QVLMOEYE,1204193
MIRCVAMV,SAAYMURU,57562
MIRCVAMV,UGEQLMXM,251291
MIRCVAMV,UIFPPCLR,145932
MIRCVAMV,UQYUIVVR,6123768
MIRCVAMV,VBYCLTYZ,440342
MIRCVAMV,VMAQSTJE,22623
MIRCVAMV,VUAFAIYJ,850021
MIRCVAMV,WBLJNPZQ,150451
MIRCVAMV,WQMVCOEM,25576
MIRCVAMV,XIFHSOWQ,104041
MIRCVAMV,XIIEJNEE,73023
MIRCVAMV,XIPPENFQ,137861
MIRCVAMV,XUOIQPFL,2331671
MIRCVAMV,YSYHGLQK,20378
MIRCVAMV,ZCELVYQU,217419
MIRCVAMV,ZGJXVMNI,2669824
MIRCVAMV,ZXERAXWP,45878
NAQIHUKZ,AANGBULD,454886
NAQIHUKZ,AHMDUILJ,144015
NAQIHUKZ,BEZYMBBT,3293848
NAQIHUKZ,BLANHGYY,80406
NAQIHUKZ,BSRMSVTC,277463
NAQIHUKZ,DEWLVASR,408418
NAQIHUKZ,DJBLNPNC,25420
NAQIHUKZ,DUCMGGNW,930867
NAQIHUKZ,ELQGMQWE,679080
NAQIHUKZ,FITUEHWN,144188
NAQIHUKZ,FTSVTTSR,263493
NAQIHUKZ,FWUCPMMW,24170
NAQIHUKZ,GKQIJYDH,5657966
NAQIHUKZ,GYHKIVQT,34841524
NAQIHUKZ,JBVHSUWY,430856
NAQIHUKZ,JERHKLYW,23707
NAQIHUKZ,JPBRUTWP,6378780
NAQIHUKZ,JSLXRQOK,31224
NAQIHUKZ,KAGJCHMR,31035
NAQIHUKZ,KJNSOAHR,23745538
NAQIHUKZ,LLHREMKS,75867
NAQIHUKZ,LSOIUSXD,248492
NAQIHUKZ,LTOYKIML,388607
NAQIHUKZ,MBSBZBXA,4283404
NAQIHUKZ,OJIFIHMZ,3366350
NAQIHUKZ,QVLMOEYE,1169793
NAQIHUKZ,SAAYMURU,55450
NAQIHUKZ,STZDBITS,19198980
NAQIHUKZ,TGOELCAG,306809
NAQIHUKZ,UGEQLMXM,271084
NAQIHUKZ,UIFPPCLR,139087
NAQIHUKZ,UQYUIVVR,5665897
NAQIHUKZ,UXSPKBJR,408749
NAQIHUKZ,VBYCLTYZ,436214
NAQIHUKZ,VMAQSTJE,23331
NAQIHUKZ,VUAFAIYJ,860056
NAQIHUKZ,WBLJNPZQ,144385
NAQIHUKZ,WHPUAOID,51333
NAQIHUKZ,WPQXWHYO,21605936
NAQIHUKZ,XIIEJNEE,71901
NAQIHUKZ,YSYHGLQK,25204
NAQIHUKZ,ZCELVYQU,216531
NAQIHUKZ,ZXERAXWP,51444
NZKBIBNU,AANGBULD,456046
NZKBIBNU,AHMDUILJ,145115
NZKBIBNU,APQGTRMF,70452
NZKBIBNU,BEZYMBBT,3275711
NZKBIBNU,BLANHGYY,74338
NZKBIBNU,BTMOEMEP,4221382
NZKBIBNU,CCLHWFWF,12905815
NZKBIBNU,DBWLZWNK,190996
NZKBIBNU,DDEXPPXU,3632
NZKBIBNU,DEWLVASR,396049
NZKBIBNU,DNMPSKTB,4938755
NZKBIBNU,DUCMGGNW,916637
NZKBIBNU,ELQGMQWE,665941
NZKBIBNU,EVBVXETX,5076202
NZKBIBNU,FCYBOAXC,111565504
NZKBIBNU,FITUEHWN,110897
NZKBIBNU,FQCLOEXA,2507836
NZKBIBNU,FRHNWLNI,889688
NZKBIBNU,FTSVTTSR,180527
NZKBIBNU,FWUCPMMW,24784
NZKBIBNU,GKQIJYDH,4966280
NZKBIBNU,GYHKIVQT,36662572
NZKBIBNU,HXYSSRXE,5101782
NZKBIBNU,JPBRUTWP,7011906
NZKBIBNU,JSLXRQOK,29904
NZKBIBNU,KEUWZRKO,862066
NZKBIBNU,KJNSOAHR,27752244
NZKBIBNU,LLHREMKS,69783
NZKBIBNU,LPHPPJUG,1164387
NZKBIBNU,LSOIUSXD,237186
NZKBIBNU,LTOYKIML,383091
NZKBIBNU,LUENUFGA,3508696
NZKBIBNU,MBSBZBXA,3826639
NZKBIBNU,MIRCVAMV,86713
NZKBIBNU,NAQIHUKZ,44805
NZKBIBNU,OGAFEHLU,49146
NZKBIBNU,OKMBFVKS,1936271
NZKBIBNU,PYZMVUWD,24219
NZKBIBNU,QVLMOEYE,1175412
NZKBIBNU,RAWUKQMJ,3590882
NZKBIBNU,RJGPVEXX,614536
NZKBIBNU,SAAYMURU,54625
NZKBIBNU,SAHWCZNH,1680100
NZKBIBNU,SDWAYPIK,5197680
NZKBIBNU,UGEQLMXM,251821
NZKBIBNU,UIFPPCLR,137019
NZKBIBNU,UXSPKBJR,392959
NZKBIBNU,VBYCLTYZ,425365
NZKBIBNU,VMAQSTJE,21707
NZKBIBNU,VWMBASNE,143311
NZKBIBNU,WBLJNPZQ,159988
NZKBIBNU,WPQXWHYO,21200288
NZKBIBNU,WQMVCOEM,27917
NZKBIBNU,XIFHSOWQ,102057
NZKBIBNU,XIIEJNEE,66383
NZKBIBNU,XIPPENFQ,127689
NZKBIBNU,XUOIQPFL,2476406
NZKBIBNU,ZCELVYQU,205573
NZKBIBNU,ZGJXVMNI,2624699
NZKBIBNU,ZKENOUDA,417215
NZKBIBNU,ZXERAXWP,52094
OGAFEHLU,AANGBULD,446522
OGAFEHLU,AHMDUILJ,147435
OGAFEHLU,APQGTRMF,75147
OGAFEHLU,ATLDMDBO,39317136
OGAFEHLU,AXULOHBQ,119211
OGAFEHLU,BEZYMBBT,3278967
OGAFEHLU,BJALXPFS,164381
OGAFEHLU,BLANHGYY,81979
OGAFEHLU,BSRMSVTC,297957
OGAFEHLU,BTMOEMEP,4347330
OGAFEHLU,BUZIIBYG,18267246
OGAFEHLU,CCLHWFWF,14391275
OGAFEHLU,DBWLZWNK,185251
OGAFEHLU,DDEXPPXU,890
OGAFEHLU,DEWLVASR,392213
OGAFEHLU,DJBLNPNC,22197
OGAFEHLU,DNMPSKTB,4883137
OGAFEHLU,DUCMGGNW,931238
OGAFEHLU,ELQGMQWE,678028
OGAFEHLU,EVBVXETX,5008574
OGAFEHLU,FCYBOAXC,113684600
OGAFEHLU,FDXPMYGF,25269
OGAFEHLU,FITUEHWN,115574
OGAFEHLU,FQCLOEXA,2258383
OGAFEHLU,FRHNWLNI,963165
OGAFEHLU,GYHKIVQT,30523680
OGAFEHLU,HCDTGMST,120069
OGAFEHLU,HXYSSRXE,5120184
OGAFEHLU,IGDVVKUD,28865
OGAFEHLU,JBVHSUWY,419768
OGAFEHLU,JERHKLYW,31090
OGAFEHLU,JPBRUTWP,6512544
OGAFEHLU,JSLXRQOK,31224
OGAFEHLU,KEUWZRKO,801064
OGAFEHLU,KJNSOAHR,24674110
OGAFEHLU,LPHPPJUG,1186168
OGAFEHLU,LRVGFDFM,2275772
OGAFEHLU,LSOIUSXD,259831
OGAFEHLU,LTOYKIML,367453
OGAFEHLU,LUENUFGA,3629400
OGAFEHLU,MBSBZBXA,3881623
OGAFEHLU,MIRCVAMV,86390
OGAFEHLU,NAQIHUKZ,51494
OGAFEHLU,NZKBIBNU,268229
OGAFEHLU,OKMBFVKS,1960825
OGAFEHLU,OXKURKXR,138176
OGAFEHLU,PYZMVUWD,23421
OGAFEHLU,QJQJSWFU,134372
OGAFEHLU,QKXNTIIB,1317375
OGAFEHLU,QRKRBYJL,2112957
OGAFEHLU,QVLMOEYE,1213734
OGAFEHLU,RAWUKQMJ,3672573
OGAFEHLU,RCBZUSIM,10655
OGAFEHLU,RJGPVEXX,609397
OGAFEHLU,ROACSLMG,2176812
OGAFEHLU,SAHWCZNH,1748654
OGAFEHLU,SDWAYPIK,5487428
OGAFEHLU,STZDBITS,22415718
OGAFEHLU,TGOELCAG,299852
OGAFEHLU,UGEQLMXM,257565
OGAFEHLU,UIFPPCLR,136803
OGAFEHLU,UQYUIVVR,4824081
OGAFEHLU,UXSPKBJR,392824
OGAFEHLU,VBYCLTYZ,435891
OGAFEHLU,VMAQSTJE,21209
OGAFEHLU,VUAFAIYJ,860056
OGAFEHLU,VWMBASNE,146017
OGAFEHLU,WBLJNPZQ,150451
OGAFEHLU,WHPUAOID,44374
OGAFEHLU,WPQXWHYO,21161062
OGAFEHLU,WQMVCOEM,26858
OGAFEHLU,XIFHSOWQ,96327
OGAFEHLU,XIIEJNEE,66990
OGAFEHLU,XIPPENFQ,134279
OGAFEHLU,XMKRPGLB,824984
OGAFEHLU,XUOIQPFL,2472326
OGAFEHLU,ZGJXVMNI,2674471
OGAFEHLU,ZKENOUDA,421745
OGAFEHLU,ZXERAXWP,57949
OJIFIHMZ,AHMDUILJ,139267
OJIFIHMZ,ATLDMDBO,37623876
OJIFIHMZ,AXULOHBQ,142787
OJIFIHMZ,BJALXPFS,156275
OJIFIHMZ,BSRMSVTC,288123
OJIFIHMZ,BTMOEMEP,4359382
OJIFIHMZ,BUZIIBYG,17956482
OJIFIHMZ,EVBVXETX,5043378
OJIFIHMZ,FDXPMYGF,26274
OJIFIHMZ,FITUEHWN,108798
OJIFIHMZ,FQCLOEXA,2360889
OJIFIHMZ,FTSVTTSR,182576
OJIFIHMZ,HXYSSRXE,5489594
OJIFIHMZ,IGDVVKUD,17276
OJIFIHMZ,JBVHSUWY,401106
OJIFIHMZ,JERHKLYW,29247
OJIFIHMZ,JSLXRQOK,23160
OJIFIHMZ,KEUWZRKO,823514
OJIFIHMZ,LLHREMKS,76800
OJIFIHMZ,LRVGFDFM,2283024
OJIFIHMZ,LTOYKIML,365734
OJIFIHMZ,NAQIHUKZ,42002
OJIFIHMZ,NZKBIBNU,272208
OJIFIHMZ,OXKURKXR,129438
OJIFIHMZ,QJQJSWFU,140184
OJIFIHMZ,QKXNTIIB,1282593
OJIFIHMZ,QRKRBYJL,2075617
OJIFIHMZ,RCBZUSIM,9239
OJIFIHMZ,ROACSLMG,2077686
OJIFIHMZ,SNHYOVBM,283946
OJIFIHMZ,STZDBITS,21243986
OJIFIHMZ,TGOELCAG,288595
OJIFIHMZ,UIFPPCLR,143284
OJIFIHMZ,UXSPKBJR,397574
OJIFIHMZ,WHPUAOID,48519
OJIFIHMZ,WPQXWHYO,21717138
OJIFIHMZ,XIIEJNEE,60196
OJIFIHMZ,XIPPENFQ,127002
OJIFIHMZ,YSYHGLQK,12262
OJIFIHMZ,ZXERAXWP,49743
OKMBFVKS,AANGBULD,455680
OKMBFVKS,AHMDUILJ,141089
OKMBFVKS,APQGTRMF,74550
OKMBFVKS,ATLDMDBO,38132476
OKMBFVKS,AXULOHBQ,113965
OKMBFVKS,BEZYMBBT,3202940
OKMBFVKS,BJALXPFS,154997
OKMBFVKS,BLANHGYY,79861
OKMBFVKS,BSRMSVTC,261657
OKMBFVKS,BTMOEMEP,4553153
OKMBFVKS,CCLHWFWF,14022354
OKMBFVKS,DBWLZWNK,187630
OKMBFVKS,DDEXPPXU,6231
OKMBFVKS,DEWLVASR,400186
OKMBFVKS,DJBLNPNC,24779
OKMBFVKS,DNMPSKTB,4948972
OKMBFVKS,ELQGMQWE,660408
OKMBFVKS,EVBVXETX,5099254
OKMBFVKS,FCYBOAXC,112438320
OKMBFVKS,FDXPMYGF,20197
OKMBFVKS,FQCLOEXA,2345326
OKMBFVKS,FRHNWLNI,923260
OKMBFVKS,FWUCPMMW,30172
OKMBFVKS,GYHKIVQT,29369750
OKMBFVKS,HCDTGMST,114265
OKMBFVKS,HXYSSRXE,5049504
OKMBFVKS,IGDVVKUD,24185
OKMBFVKS,JERHKLYW,28433
OKMBFVKS,JPBRUTWP,6266384
OKMBFVKS,JSLXRQOK,26920
OKMBFVKS,KAGJCHMR,35124
OKMBFVKS,KEUWZRKO,820912
OKMBFVKS,KJNSOAHR,23518450
OKMBFVKS,LPHPPJUG,1167792
OKMBFVKS,LRVGFDFM,2209034
OKMBFVKS,LSOIUSXD,231694
OKMBFVKS,LTOYKIML,375385
OKMBFVKS,LUENUFGA,3570629
OKMBFVKS,NZKBIBNU,270282
OKMBFVKS,OGAFEHLU,41214
OKMBFVKS,PYZMVUWD,17120
OKMBFVKS,QJQJSWFU,138411
OKMBFVKS,QKXNTIIB,1282074
OKMBFVKS,QRKRBYJL,2001418
OKMBFVKS,QVLMOEYE,1196707
OKMBFVKS,RCBZUSIM,35148
OKMBFVKS,RJGPVEXX,615629
OKMBFVKS,ROACSLMG,2122724
OKMBFVKS,SAHWCZNH,1684626
OKMBFVKS,SDWAYPIK,5216235
OKMBFVKS,SNHYOVBM,288723
OKMBFVKS,SUOYXCHP,21763
OKMBFVKS,UGEQLMXM,254786
OKMBFVKS,UIFPPCLR,139774
OKMBFVKS,UXSPKBJR,375558
OKMBFVKS,VBYCLTYZ,438331
OKMBFVKS,VMAQSTJE,20335
OKMBFVKS,VUAFAIYJ,873423
OKMBFVKS,VWMBASNE,139029
OKMBFVKS,WBLJNPZQ,142762
OKMBFVKS,WHPUAOID,48487
OKMBFVKS,WPQXWHYO,22199216
OKMBFVKS,WQMVCOEM,22785
OKMBFVKS,XIFHSOWQ,99291
OKMBFVKS,XIPPENFQ,133862
OKMBFVKS,XMKRPGLB,797295
OKMBFVKS,XUOIQPFL,2384793
OKMBFVKS,YSYHGLQK,27008
OKMBFVKS,ZGJXVMNI,2550643
OKMBFVKS,ZKENOUDA,430878
OKMBFVKS,ZXERAXWP,55509
OXKURKXR,AANGBULD,441521
OXKURKXR,APQGTRMF,75979
OXKURKXR,ATLDMDBO,41249568
OXKURKXR,AXULOHBQ,121901
OXKURKXR,BEZYMBBT,3293319
OXKURKXR,BJALXPFS,159199
OXKURKXR,BLANHGYY,81081
OXKURKXR,BSRMSVTC,286841
OXKURKXR,BTMOEMEP,4296014
OXKURKXR,CCLHWFWF,13979478
OXKURKXR,DBWLZWNK,190193
OXKURKXR,DDEXPPXU,5548
OXKURKXR,DEWLVASR,387474
OXKURKXR,DJBLNPNC,24642
OXKURKXR,DNMPSKTB,5457572
OXKURKXR,ELQGMQWE,650523
OXKURKXR,EVBVXETX,5110660
OXKURKXR,FCYBOAXC,112655088
OXKURKXR,FDXPMYGF,29422
OXKURKXR,FITUEHWN,112606
OXKURKXR,FQCLOEXA,2285013
OXKURKXR,FRHNWLNI,938081
OXKURKXR,FTSVTTSR,187778
OXKURKXR,GKQIJYDH,4561106
OXKURKXR,GYHKIVQT,36315968
OXKURKXR,HXYSSRXE,5393860
OXKURKXR,IGDVVKUD,24888
OXKURKXR,JBVHSUWY,424128
OXKURKXR,JPBRUTWP,7008978
OXKURKXR,JSLXRQOK,19920
OXKURKXR,KEUWZRKO,861154
OXKURKXR,KJNSOAHR,27509498
OXKURKXR,LLHREMKS,87388
OXKURKXR,LSOIUSXD,248000
OXKURKXR,LUENUFGA,3537215
OXKURKXR,MIRCVAMV,84204
OXKURKXR,NAQIHUKZ,47791
OXKURKXR,NZKBIBNU,259805
OXKURKXR,OGAFEHLU,52600
OXKURKXR,OJIFIHMZ,3349382
OXKURKXR,OKMBFVKS,1949917
OXKURKXR,PYZMVUWD,23869
OXKURKXR,QRKRBYJL,2053345
OXKURKXR,QVLMOEYE,1199706
OXKURKXR,RAWUKQMJ,3578592
OXKURKXR,RCBZUSIM,1837
OXKURKXR,RJGPVEXX,585656
OXKURKXR,SAAYMURU,54685
OXKURKXR,SAHWCZNH,1701407
OXKURKXR,SDWAYPIK,5237038
OXKURKXR,SNHYOVBM,288999
OXKURKXR,SUOYXCHP,30474
OXKURKXR,TGOELCAG,301557
OXKURKXR,UGEQLMXM,261276
OXKURKXR,UIFPPCLR,140836
OXKURKXR,UXSPKBJR,399528
OXKURKXR,VBYCLTYZ,423337
OXKURKXR,VMAQSTJE,19790
OXKURKXR,VWMBASNE,143003
OXKURKXR,WBLJNPZQ,153618
OXKURKXR,WPQXWHYO,21124982
OXKURKXR,WQMVCOEM,30268
OXKURKXR,XIFHSOWQ,98836
OXKURKXR,XIPPENFQ,131447
OXKURKXR,XMKRPGLB,809018
OXKURKXR,XUOIQPFL,2591007
OXKURKXR,ZCELVYQU,216958
OXKURKXR,ZGJXVMNI,2591872
OXKURKXR,ZKENOUDA,419803
OXKURKXR,ZXERAXWP,55229
PYZMVUWD,AHMDUILJ,147394
PYZMVUWD,APQGTRMF,79398
PYZMVUWD,BEZYMBBT,3328265
PYZMVUWD,BJALXPFS,162136
PYZMVUWD,BLANHGYY,81680
PYZMVUWD,BTMOEMEP,3912963
PYZMVUWD,DBWLZWNK,197609
PYZMVUWD,DDEXPPXU,13735
PYZMVUWD,DEWLVASR,387302
PYZMVUWD,DJBLNPNC,27222
PYZMVUWD,DNMPSKTB,4956166
PYZMVUWD,DUCMGGNW,922610
PYZMVUWD,FDXPMYGF,30879
PYZMVUWD,FITUEHWN,112804
PYZMVUWD,FRHNWLNI,968336
PYZMVUWD,FTSVTTSR,201454
PYZMVUWD,GKQIJYDH,5071266
PYZMVUWD,HCDTGMST,120069
PYZMVUWD,KJNSOAHR,23345516
PYZMVUWD,LLHREMKS,79979
PYZMVUWD,LRVGFDFM,2301450
PYZMVUWD,LSOIUSXD,255945
PYZMVUWD,LTOYKIML,384244
PYZMVUWD,LUENUFGA,3646981
PYZMVUWD,MBSBZBXA,3880434
PYZMVUWD,MIRCVAMV,88899
PYZMVUWD,NAQIHUKZ,51333
PYZMVUWD,OJIFIHMZ,3349362
PYZMVUWD,OXKURKXR,142942
PYZMVUWD,QJQJSWFU,171840
PYZMVUWD,RJGPVEXX,615744
PYZMVUWD,SAAYMURU,57562
PYZMVUWD,SNHYOVBM,282546
PYZMVUWD,SUOYXCHP,29422
PYZMVUWD,UGEQLMXM,268491
PYZMVUWD,UXSPKBJR,409518
PYZMVUWD,VBYCLTYZ,446947
PYZMVUWD,VUAFAIYJ,873415
PYZMVUWD,VWMBASNE,150012
PYZMVUWD,WHPUAOID,42759
PYZMVUWD,XIFHSOWQ,96046
PYZMVUWD,XIPPENFQ,138612
PYZMVUWD,XMKRPGLB,856217
PYZMVUWD,XUOIQPFL,2579362
PYZMVUWD,ZCELVYQU,217419
PYZMVUWD,ZKENOUDA,429054
PYZMVUWD,ZXERAXWP,51780
QJQJSWFU,AANGBULD,449175
QJQJSWFU,AHMDUILJ,143110
QJQJSWFU,APQGTRMF,76999
QJQJSWFU,ATLDMDBO,41003740
QJQJSWFU,AXULOHBQ,117920
QJQJSWFU,BEZYMBBT,3233706
QJQJSWFU,BJALXPFS,154060
QJQJSWFU,BTMOEMEP,4299231
QJQJSWFU,DDEXPPXU,6416
QJQJSWFU,DEWLVASR,399537
QJQJSWFU,DJBLNPNC,25441
QJQJSWFU,DNMPSKTB,4906233
QJQJSWFU,DUCMGGNW,914728
QJQJSWFU,ELQGMQWE,661230
QJQJSWFU,EVBVXETX,5088550
QJQJSWFU,FRHNWLNI,894754
QJQJSWFU,FTSVTTSR,190734
QJQJSWFU,FWUCPMMW,31344
QJQJSWFU,GKQIJYDH,4979307
QJQJSWFU,HCDTGMST,110630
QJQJSWFU,IGDVVKUD,31884
QJQJSWFU,JBVHSUWY,419790
QJQJSWFU,JERHKLYW,29335
QJQJSWFU,JPBRUTWP,6953851
QJQJSWFU,JSLXRQOK,26830
QJQJSWFU,KAGJCHMR,38436
QJQJSWFU,KEUWZRKO,863713
QJQJSWFU,LPHPPJUG,1175857
QJQJSWFU,LRVGFDFM,2280367
QJQJSWFU,LSOIUSXD,251617
QJQJSWFU,LTOYKIML,373826
QJQJSWFU,MIRCVAMV,86408
QJQJSWFU,NAQIHUKZ,49489
QJQJSWFU,OGAFEHLU,51697
QJQJSWFU,OJIFIHMZ,3361955
QJQJSWFU,OKMBFVKS,1942947
QJQJSWFU,OXKURKXR,139032
QJQJSWFU,PYZMVUWD,24495
QJQJSWFU,QKXNTIIB,1262178
QJQJSWFU,QRKRBYJL,2094924
QJQJSWFU,QVLMOEYE,1179656
QJQJSWFU,RAWUKQMJ,3584288
QJQJSWFU,RJGPVEXX,616465
QJQJSWFU,SAHWCZNH,1703096
QJQJSWFU,SDWAYPIK,5623143
QJQJSWFU,SNHYOVBM,287769
QJQJSWFU,STZDBITS,22067156
QJQJSWFU,SUOYXCHP,27989
QJQJSWFU,UGEQLMXM,261091
QJQJSWFU,UQYUIVVR,5065250
QJQJSWFU,UXSPKBJR,404410
QJQJSWFU,VBYCLTYZ,441507
QJQJSWFU,VUAFAIYJ,862708
QJQJSWFU,VWMBASNE,144398
QJQJSWFU,WBLJNPZQ,148092
QJQJSWFU,WHPUAOID,41016
QJQJSWFU,XIIEJNEE,72463
QJQJSWFU,XIPPENFQ,135675
QJQJSWFU,XUOIQPFL,2450395
QJQJSWFU,YSYHGLQK,19751
QJQJSWFU,ZXERAXWP,55805
QKXNTIIB,AANGBULD,448811
QKXNTIIB,AHMDUILJ,141416
QKXNTIIB,APQGTRMF,75897
QKXNTIIB,ATLDMDBO,36476476
QKXNTIIB,AXULOHBQ,116353
QKXNTIIB,BLANHGYY,81333
QKXNTIIB,BSRMSVTC,284557
QKXNTIIB,BUZIIBYG,19336100
QKXNTIIB,CCLHWFWF,14374840
QKXNTIIB,DBWLZWNK,173618
QKXNTIIB,DJBLNPNC,24112
QKXNTIIB,DNMPSKTB,4943376
QKXNTIIB,DUCMGGNW,902807
QKXNTIIB,ELQGMQWE,659196
QKXNTIIB,EVBVXETX,5057552
QKXNTIIB,FDXPMYGF,25316
QKXNTIIB,FQCLOEXA,2340761
QKXNTIIB,FRHNWLNI,925782
QKXNTIIB,FTSVTTSR,176680
QKXNTIIB,FWUCPMMW,18697
QKXNTIIB,GKQIJYDH,4980792
QKXNTIIB,GYHKIVQT,36162076
QKXNTIIB,IGDVVKUD,24029
QKXNTIIB,JBVHSUWY,415949
QKXNTIIB,JSLXRQOK,17844
QKXNTIIB,KJNSOAHR,27172822
QKXNTIIB,LLHREMKS,73692
QKXNTIIB,NAQIHUKZ,42888
QKXNTIIB,PYZMVUWD,23324
QKXNTIIB,QJQJSWFU,140640
QKXNTIIB,RCBZUSIM,11002
QKXNTIIB,SAAYMURU,55599
QKXNTIIB,SNHYOVBM,287889
QKXNTIIB,STZDBITS,22412130
QKXNTIIB,SUOYXCHP,23174
QKXNTIIB,TGOELCAG,310908
QKXNTIIB,VBYCLTYZ,441973
QKXNTIIB,VUAFAIYJ,878678
QKXNTIIB,WPQXWHYO,22664428
QKXNTIIB,WQMVCOEM,22128
QKXNTIIB,XIIEJNEE,72315
QKXNTIIB,XUOIQPFL,2324468
QKXNTIIB,YSYHGLQK,28931
QKXNTIIB,ZCELVYQU,215028
QKXNTIIB,ZGJXVMNI,2573159
QKXNTIIB,ZXERAXWP,44167
QRKRBYJL,AANGBULD,452952
QRKRBYJL,AHMDUILJ,140037
QRKRBYJL,APQGTRMF,103453
QRKRBYJL,ATLDMDBO,41844696
QRKRBYJL,AXULOHBQ,104171
QRKRBYJL,BEZYMBBT,3187469
QRKRBYJL,BJALXPFS,150832
QRKRBYJL,BLANHGYY,80089
QRKRBYJL,BSRMSVTC,272488
QRKRBYJL,BTMOEMEP,4365414
QRKRBYJL,DBWLZWNK,185299
QRKRBYJL,DEWLVASR,403093
QRKRBYJL,DNMPSKTB,5220062
QRKRBYJL,ELQGMQWE,658162
QRKRBYJL,EVBVXETX,5146310
QRKRBYJL,FCYBOAXC,110430016
QRKRBYJL,FDXPMYGF,15100
QRKRBYJL,FITUEHWN,112532
QRKRBYJL,FQCLOEXA,2330834
QRKRBYJL,FRHNWLNI,941427
QRKRBYJL,GYHKIVQT,35707364
QRKRBYJL,HXYSSRXE,4852520
QRKRBYJL,JBVHSUWY,418947
QRKRBYJL,JPBRUTWP,6384298
QRKRBYJL,KEUWZRKO,743046
QRKRBYJL,KJNSOAHR,28232858
QRKRBYJL,LPHPPJUG,1195929
QRKRBYJL,LRVGFDFM,2329232
QRKRBYJL,LTOYKIML,377454
QRKRBYJL,LUENUFGA,3272798
QRKRBYJL,MIRCVAMV,77923
QRKRBYJL,NZKBIBNU,270550
QRKRBYJL,OGAFEHLU,40730
QRKRBYJL,OKMBFVKS,1858403
QRKRBYJL,OXKURKXR,137584
QRKRBYJL,PYZMVUWD,17088
QRKRBYJL,QJQJSWFU,134056
QRKRBYJL,QVLMOEYE,1166072
QRKRBYJL,RAWUKQMJ,3659825
QRKRBYJL,RCBZUSIM,47645
QRKRBYJL,RJGPVEXX,610843
QRKRBYJL,SAHWCZNH,1699820
QRKRBYJL,SDWAYPIK,5638244
QRKRBYJL,UGEQLMXM,255914
QRKRBYJL,UIFPPCLR,134167
QRKRBYJL,UXSPKBJR,359031
QRKRBYJL,VBYCLTYZ,415953
QRKRBYJL,VMAQSTJE,10659
QRKRBYJL,VWMBASNE,128744
QRKRBYJL,WBLJNPZQ,139264
QRKRBYJL,WPQXWHYO,20858556
QRKRBYJL,WQMVCOEM,23324
QRKRBYJL,XIFHSOWQ,89645
QRKRBYJL,XIPPENFQ,120462
QRKRBYJL,XUOIQPFL,2365437
QRKRBYJL,ZCELVYQU,217507
QRKRBYJL,ZGJXVMNI,2570073
QRKRBYJL,ZKENOUDA,421215
QRKRBYJL,ZXERAXWP,54314
QVLMOEYE,APQGTRMF,69910
QVLMOEYE,ATLDMDBO,37574324
QVLMOEYE,AXULOHBQ,113460
QVLMOEYE,BEZYMBBT,3189636
QVLMOEYE,BJALXPFS,158725
QVLMOEYE,BLANHGYY,81185
QVLMOEYE,BSRMSVTC,272446
QVLMOEYE,BTMOEMEP,4676664
QVLMOEYE,CCLHWFWF,13921728
QVLMOEYE,DBWLZWNK,170312
QVLMOEYE,DEWLVASR,398254
QVLMOEYE,DJBLNPNC,22500
QVLMOEYE,DNMPSKTB,5264979
QVLMOEYE,ELQGMQWE,684392
QVLMOEYE,EVBVXETX,5144518
QVLMOEYE,FCYBOAXC,112676264
QVLMOEYE,FDXPMYGF,19779
QVLMOEYE,FITUEHWN,116021
QVLMOEYE,FQCLOEXA,2312816
QVLMOEYE,FRHNWLNI,902414
QVLMOEYE,GYHKIVQT,34490728
QVLMOEYE,HCDTGMST,115736
QVLMOEYE,HXYSSRXE,4778722
QVLMOEYE,IGDVVKUD,30172
QVLMOEYE,JBVHSUWY,414927
QVLMOEYE,JERHKLYW,30273
QVLMOEYE,JPBRUTWP,6855282
QVLMOEYE,KEUWZRKO,779869
QVLMOEYE,KJNSOAHR,27801722
QVLMOEYE,LPHPPJUG,1194381
QVLMOEYE,LRVGFDFM,2208911
QVLMOEYE,LSOIUSXD,242314
QVLMOEYE,LTOYKIML,385431
QVLMOEYE,LUENUFGA,3428947
QVLMOEYE,MIRCVAMV,76180
QVLMOEYE,NZKBIBNU,272592
QVLMOEYE,OGAFEHLU,40239
QVLMOEYE,OKMBFVKS,1921597
QVLMOEYE,PYZMVUWD,20381
QVLMOEYE,QRKRBYJL,2017784
QVLMOEYE,RAWUKQMJ,3682036
QVLMOEYE,RCBZUSIM,50760
QVLMOEYE,RJGPVEXX,591552
QVLMOEYE,ROACSLMG,2114685
QVLMOEYE,SAHWCZNH,1688898
QVLMOEYE,SDWAYPIK,5735680
QVLMOEYE,SUOYXCHP,33115
QVLMOEYE,UGEQLMXM,255837
QVLMOEYE,UIFPPCLR,141297
QVLMOEYE,UXSPKBJR,380849
QVLMOEYE,VBYCLTYZ,461112
QVLMOEYE,VMAQSTJE,14157
QVLMOEYE,VUAFAIYJ,873423
QVLMOEYE,VWMBASNE,127768
QVLMOEYE,WBLJNPZQ,138728
QVLMOEYE,WPQXWHYO,21467308
QVLMOEYE,WQMVCOEM,24747
QVLMOEYE,XIFHSOWQ,88516
QVLMOEYE,XIPPENFQ,126612
QVLMOEYE,XUOIQPFL,2422694
QVLMOEYE,ZGJXVMNI,2597033
QVLMOEYE,ZKENOUDA,419535
QVLMOEYE,ZXERAXWP,56638
RAWUKQMJ,AANGBULD,447477
RAWUKQMJ,APQGTRMF,65988
RAWUKQMJ,ATLDMDBO,37263980
RAWUKQMJ,AXULOHBQ,110968
RAWUKQMJ,BLANHGYY,78666
RAWUKQMJ,BSRMSVTC,275992
RAWUKQMJ,BTMOEMEP,4734096
RAWUKQMJ,CCLHWFWF,14110735
RAWUKQMJ,DDEXPPXU,76
RAWUKQMJ,DEWLVASR,389821
RAWUKQMJ,DJBLNPNC,18511
RAWUKQMJ,DNMPSKTB,5389528
RAWUKQMJ,ELQGMQWE,658496
RAWUKQMJ,EVBVXETX,5147136
RAWUKQMJ,FCYBOAXC,113096136
RAWUKQMJ,FDXPMYGF,22815
RAWUKQMJ,FITUEHWN,114826
RAWUKQMJ,FQCLOEXA,2324992
RAWUKQMJ,FRHNWLNI,906165
RAWUKQMJ,GKQIJYDH,4764202
RAWUKQMJ,GYHKIVQT,29016866
RAWUKQMJ,HXYSSRXE,4971926
RAWUKQMJ,JBVHSUWY,402526
RAWUKQMJ,KEUWZRKO,816056
RAWUKQMJ,KJNSOAHR,27038092
RAWUKQMJ,LLHREMKS,77380
RAWUKQMJ,LPHPPJUG,1159468
RAWUKQMJ,LUENUFGA,3549928
RAWUKQMJ,MBSBZBXA,3916986
RAWUKQMJ,MIRCVAMV,88628
RAWUKQMJ,NZKBIBNU,268272
RAWUKQMJ,OKMBFVKS,1843063
RAWUKQMJ,OXKURKXR,135472
RAWUKQMJ,PYZMVUWD,22967
RAWUKQMJ,QJQJSWFU,128802
RAWUKQMJ,QRKRBYJL,2001418
RAWUKQMJ,RCBZUSIM,879
RAWUKQMJ,RJGPVEXX,595142
RAWUKQMJ,SAHWCZNH,1657802
RAWUKQMJ,SDWAYPIK,5472047
RAWUKQMJ,SNHYOVBM,284099
RAWUKQMJ,SUOYXCHP,27248
RAWUKQMJ,UGEQLMXM,262978
RAWUKQMJ,UIFPPCLR,138487
RAWUKQMJ,UXSPKBJR,383321
RAWUKQMJ,VMAQSTJE,17892
RAWUKQMJ,WHPUAOID,40106
RAWUKQMJ,WPQXWHYO,18800146
RAWUKQMJ,WQMVCOEM,14225
RAWUKQMJ,XIFHSOWQ,95793
RAWUKQMJ,XIPPENFQ,131052
RAWUKQMJ,XUOIQPFL,2337764
RAWUKQMJ,ZCELVYQU,218789
RAWUKQMJ,ZGJXVMNI,2561248
RAWUKQMJ,ZKENOUDA,413448
RAWUKQMJ,ZXERAXWP,53475
RCBZUSIM,AHMDUILJ,141714
RCBZUSIM,APQGTRMF,77269
RCBZUSIM,ATLDMDBO,39880096
RCBZUSIM,AXULOHBQ,118245
RCBZUSIM,BEZYMBBT,3298095
RCBZUSIM,BJALXPFS,164007
RCBZUSIM,BLANHGYY,84980
RCBZUSIM,BSRMSVTC,292396
RCBZUSIM,BTMOEMEP,5352192
RCBZUSIM,BUZIIBYG,17417756
RCBZUSIM,DDEXPPXU,3696
RCBZUSIM,DEWLVASR,385886
RCBZUSIM,DJBLNPNC,25420
RCBZUSIM,DNMPSKTB,5569585
RCBZUSIM,EVBVXETX,5055978
RCBZUSIM,FDXPMYGF,25927
RCBZUSIM,FITUEHWN,108194
RCBZUSIM,FQCLOEXA,2383749
RCBZUSIM,GKQIJYDH,4547164
RCBZUSIM,GYHKIVQT,35326656
RCBZUSIM,HCDTGMST,110887
RCBZUSIM,HXYSSRXE,5622405
RCBZUSIM,IGDVVKUD,32268
RCBZUSIM,JPBRUTWP,6501670
RCBZUSIM,KEUWZRKO,866893
RCBZUSIM,KJNSOAHR,25013238
RCBZUSIM,LPHPPJUG,1198304
RCBZUSIM,LRVGFDFM,2346999
RCBZUSIM,LSOIUSXD,255206
RCBZUSIM,LUENUFGA,3589457
RCBZUSIM,MBSBZBXA,3925196
RCBZUSIM,MIRCVAMV,88899
RCBZUSIM,NZKBIBNU,260371
RCBZUSIM,OGAFEHLU,47809
RCBZUSIM,OJIFIHMZ,3357424
RCBZUSIM,OKMBFVKS,1932520
RCBZUSIM,OXKURKXR,144745
RCBZUSIM,PYZMVUWD,23421
RCBZUSIM,QJQJSWFU,140212
RCBZUSIM,QRKRBYJL,2088454
RCBZUSIM,QVLMOEYE,1227236
RCBZUSIM,RAWUKQMJ,3626802
RCBZUSIM,RJGPVEXX,588256
RCBZUSIM,SAHWCZNH,1743085
RCBZUSIM,SDWAYPIK,5333903
RCBZUSIM,SNHYOVBM,282422
RCBZUSIM,UGEQLMXM,264663
RCBZUSIM,UIFPPCLR,145932
RCBZUSIM,UQYUIVVR,6048988
RCBZUSIM,VMAQSTJE,21209
RCBZUSIM,VWMBASNE,147663
RCBZUSIM,WBLJNPZQ,156856
RCBZUSIM,WPQXWHYO,20365316
RCBZUSIM,WQMVCOEM,26858
RCBZUSIM,XIFHSOWQ,98836
RCBZUSIM,XIIEJNEE,73899
RCBZUSIM,XIPPENFQ,131771
RCBZUSIM,XUOIQPFL,2566092
RCBZUSIM,YSYHGLQK,30110
RCBZUSIM,ZCELVYQU,225893
RCBZUSIM,ZGJXVMNI,2603330
RCBZUSIM,ZKENOUDA,406116
RCBZUSIM,ZXERAXWP,50177
RJGPVEXX,AANGBULD,442275
RJGPVEXX,AHMDUILJ,144056
RJGPVEXX,APQGTRMF,76506
RJGPVEXX,BJALXPFS,159279
RJGPVEXX,BSRMSVTC,287818
RJGPVEXX,BTMOEMEP,4631532
RJGPVEXX,DBWLZWNK,186583
RJGPVEXX,DDEXPPXU,5171
RJGPVEXX,DEWLVASR,387192
RJGPVEXX,DNMPSKTB,4878272
RJGPVEXX,EVBVXETX,5112369
RJGPVEXX,FCYBOAXC,111465512
RJGPVEXX,FITUEHWN,107286
RJGPVEXX,FRHNWLNI,906172
RJGPVEXX,FWUCPMMW,27007
RJGPVEXX,GKQIJYDH,4644882
RJGPVEXX,GYHKIVQT,27163432
RJGPVEXX,HCDTGMST,117632
RJGPVEXX,JBVHSUWY,418673
RJGPVEXX,JSLXRQOK,28632
RJGPVEXX,KAGJCHMR,39008
RJGPVEXX,KEUWZRKO,1645595
RJGPVEXX,KJNSOAHR,23133710
RJGPVEXX,LPHPPJUG,1167046
RJGPVEXX,LSOIUSXD,237186
RJGPVEXX,LTOYKIML,376508
RJGPVEXX,LUENUFGA,3637812
RJGPVEXX,MIRCVAMV,91035
RJGPVEXX,NAQIHUKZ,48567
RJGPVEXX,OGAFEHLU,42291
RJGPVEXX,OJIFIHMZ,3333790
RJGPVEXX,OKMBFVKS,1918158
RJGPVEXX,OXKURKXR,139758
RJGPVEXX,PYZMVUWD,23122
RJGPVEXX,QJQJSWFU,140126
RJGPVEXX,QVLMOEYE,1174482
RJGPVEXX,RAWUKQMJ,3640669
RJGPVEXX,SAAYMURU,57405
RJGPVEXX,SAHWCZNH,1717329
RJGPVEXX,SDWAYPIK,5535810
RJGPVEXX,UIFPPCLR,144219
RJGPVEXX,UQYUIVVR,5368254
RJGPVEXX,VBYCLTYZ,438190
RJGPVEXX,VMAQSTJE,16459
RJGPVEXX,VUAFAIYJ,873720
RJGPVEXX,VWMBASNE,159379
RJGPVEXX,WHPUAOID,53081
RJGPVEXX,WPQXWHYO,19318944
RJGPVEXX,WQMVCOEM,30268
RJGPVEXX,XIFHSOWQ,101226
RJGPVEXX,XIPPENFQ,138790
RJGPVEXX,XUOIQPFL,2488579
RJGPVEXX,YSYHGLQK,27431
RJGPVEXX,ZCELVYQU,217039
RJGPVEXX,ZKENOUDA,412468
ROACSLMG,AANGBULD,451046
ROACSLMG,AHMDUILJ,141182
ROACSLMG,APQGTRMF,75238
ROACSLMG,ATLDMDBO,40201656
ROACSLMG,AXULOHBQ,118586
ROACSLMG,BEZYMBBT,3194696
ROACSLMG,BJALXPFS,154782
ROACSLMG,BLANHGYY,79034
ROACSLMG,BSRMSVTC,270149
ROACSLMG,BTMOEMEP,4486138
ROACSLMG,DBWLZWNK,173954
ROACSLMG,DDEXPPXU,4741
ROACSLMG,DEWLVASR,393002
ROACSLMG,DJBLNPNC,25474
ROACSLMG,DNMPSKTB,4844320
ROACSLMG,EVBVXETX,5108330
ROACSLMG,FCYBOAXC,112129024
ROACSLMG,FDXPMYGF,25949
ROACSLMG,FITUEHWN,112857
ROACSLMG,FQCLOEXA,2314002
ROACSLMG,FRHNWLNI,924060
ROACSLMG,FTSVTTSR,188927
ROACSLMG,FWUCPMMW,32062
ROACSLMG,GYHKIVQT,36697248
ROACSLMG,HXYSSRXE,4936969
ROACSLMG,IGDVVKUD,18256
ROACSLMG,JERHKLYW,29830
ROACSLMG,JPBRUTWP,6163212
ROACSLMG,JSLXRQOK,28148
ROACSLMG,KAGJCHMR,35876
ROACSLMG,KEUWZRKO,823008
ROACSLMG,KJNSOAHR,25826364
ROACSLMG,LLHREMKS,78543
ROACSLMG,LPHPPJUG,1177316
ROACSLMG,LUENUFGA,3486483
ROACSLMG,MIRCVAMV,89417
ROACSLMG,OGAFEHLU,45500
ROACSLMG,OJIFIHMZ,3330550
ROACSLMG,PYZMVUWD,17723
ROACSLMG,QJQJSWFU,138055
ROACSLMG,QRKRBYJL,2051174
ROACSLMG,QVLMOEYE,1202721
ROACSLMG,RJGPVEXX,597603
ROACSLMG,SAAYMURU,52867
ROACSLMG,SAHWCZNH,1701386
ROACSLMG,SDWAYPIK,5343114
ROACSLMG,SNHYOVBM,286593
ROACSLMG,TGOELCAG,313260
ROACSLMG,UGEQLMXM,254786
ROACSLMG,UIFPPCLR,141985
ROACSLMG,UXSPKBJR,362673
ROACSLMG,VBYCLTYZ,432946
ROACSLMG,VMAQSTJE,19847
ROACSLMG,WPQXWHYO,22018214
ROACSLMG,XIFHSOWQ,98239
ROACSLMG,XIPPENFQ,135609
ROACSLMG,XMKRPGLB,793599
ROACSLMG,XUOIQPFL,2373356
ROACSLMG,ZGJXVMNI,2609208
ROACSLMG,ZKENOUDA,413418
SAAYMURU,AHMDUILJ,137916
SAAYMURU,AXULOHBQ,124595
SAAYMURU,BJALXPFS,164062
SAAYMURU,BSRMSVTC,301175
SAAYMURU,BTMOEMEP,4503517
SAAYMURU,DBWLZWNK,190163
SAAYMURU,DJBLNPNC,26170
SAAYMURU,DNMPSKTB,4976538
SAAYMURU,DUCMGGNW,907552
SAAYMURU,FCYBOAXC,111805416
SAAYMURU,FDXPMYGF,27390
SAAYMURU,FWUCPMMW,30717
SAAYMURU,GYHKIVQT,36648592
SAAYMURU,HCDTGMST,115672
SAAYMURU,HXYSSRXE,5181784
SAAYMURU,IGDVVKUD,25472
SAAYMURU,JBVHSUWY,408963
SAAYMURU,JERHKLYW,30886
SAAYMURU,JSLXRQOK,23482
SAAYMURU,LPHPPJUG,1201748
SAAYMURU,LRVGFDFM,2346999
SAAYMURU,LTOYKIML,391470
SAAYMURU,MBSBZBXA,4024218
SAAYMURU,MIRCVAMV,88899
SAAYMURU,NAQIHUKZ,49081
SAAYMURU,NZKBIBNU,286806
SAAYMURU,OGAFEHLU,47306
SAAYMURU,OJIFIHMZ,3363360
SAAYMURU,OXKURKXR,136852
SAAYMURU,QJQJSWFU,143161
SAAYMURU,QKXNTIIB,1280698
SAAYMURU,QVLMOEYE,1163474
SAAYMURU,RJGPVEXX,652804
SAAYMURU,SDWAYPIK,5267586
SAAYMURU,SNHYOVBM,291416
SAAYMURU,STZDBITS,18813874
SAAYMURU,TGOELCAG,316563
SAAYMURU,UIFPPCLR,146071
SAAYMURU,UQYUIVVR,5993210
SAAYMURU,UXSPKBJR,402827
SAAYMURU,VMAQSTJE,26051
SAAYMURU,VUAFAIYJ,860056
SAAYMURU,VWMBASNE,143003
SAAYMURU,WHPUAOID,51218
SAAYMURU,XIFHSOWQ,103014
SAAYMURU,XIIEJNEE,76921
SAAYMURU,XIPPENFQ,139664
SAAYMURU,YSYHGLQK,30474
SAAYMURU,ZKENOUDA,434120
SAHWCZNH,AANGBULD,443860
SAHWCZNH,APQGTRMF,78997
SAHWCZNH,ATLDMDBO,38365528
SAHWCZNH,AXULOHBQ,121335
SAHWCZNH,BEZYMBBT,3197132
SAHWCZNH,BJALXPFS,157903
SAHWCZNH,BLANHGYY,73911
SAHWCZNH,DBWLZWNK,189091
SAHWCZNH,DDEXPPXU,4298
SAHWCZNH,DEWLVASR,366195
SAHWCZNH,DJBLNPNC,19287
SAHWCZNH,DNMPSKTB,5460638
SAHWCZNH,ELQGMQWE,665595
SAHWCZNH,EVBVXETX,4970830
SAHWCZNH,FCYBOAXC,111991288
SAHWCZNH,FDXPMYGF,27008
SAHWCZNH,FITUEHWN,104138
SAHWCZNH,FQCLOEXA,2373768
SAHWCZNH,FRHNWLNI,904070
SAHWCZNH,FTSVTTSR,186202
SAHWCZNH,FWUCPMMW,24222
SAHWCZNH,GKQIJYDH,4927132
SAHWCZNH,GYHKIVQT,34818472
SAHWCZNH,HXYSSRXE,5065446
SAHWCZNH,JPBRUTWP,6827560
SAHWCZNH,JSLXRQOK,25491
SAHWCZNH,KEUWZRKO,824263
SAHWCZNH,KJNSOAHR,26985024
SAHWCZNH,LUENUFGA,3450995
SAHWCZNH,MIRCVAMV,84912
SAHWCZNH,NZKBIBNU,254224
SAHWCZNH,OKMBFVKS,1907944
SAHWCZNH,PYZMVUWD,24374
SAHWCZNH,QJQJSWFU,138673
SAHWCZNH,QRKRBYJL,2049748
SAHWCZNH,QVLMOEYE,1173748
SAHWCZNH,RJGPVEXX,582161
SAHWCZNH,SDWAYPIK,5427780
SAHWCZNH,UGEQLMXM,259550
SAHWCZNH,UIFPPCLR,142839
SAHWCZNH,UXSPKBJR,377713
SAHWCZNH,VMAQSTJE,22585
SAHWCZNH,WHPUAOID,47057
SAHWCZNH,WPQXWHYO,18344194
SAHWCZNH,WQMVCOEM,11717
SAHWCZNH,XIFHSOWQ,82447
SAHWCZNH,XIPPENFQ,127992
SAHWCZNH,XUOIQPFL,2297346
SAHWCZNH,ZCELVYQU,199752
SAHWCZNH,ZGJXVMNI,2624534
SAHWCZNH,ZKENOUDA,398775
SAHWCZNH,ZXERAXWP,49743
SDWAYPIK,AANGBULD,451318
SDWAYPIK,APQGTRMF,64389
SDWAYPIK,ATLDMDBO,37321972
SDWAYPIK,AXULOHBQ,110415
SDWAYPIK,BEZYMBBT,3195015
SDWAYPIK,BLANHGYY,87073
SDWAYPIK,BSRMSVTC,274825
SDWAYPIK,BTMOEMEP,4175073
SDWAYPIK,DBWLZWNK,200089
SDWAYPIK,DEWLVASR,397898
SDWAYPIK,DNMPSKTB,5321998
SDWAYPIK,DUCMGGNW,888474
SDWAYPIK,ELQGMQWE,659139
SDWAYPIK,EVBVXETX,5185550
SDWAYPIK,FCYBOAXC,112696536
SDWAYPIK,FITUEHWN,114400
SDWAYPIK,FQCLOEXA,2298085
SDWAYPIK,FRHNWLNI,922791
SDWAYPIK,GYHKIVQT,25587072
SDWAYPIK,HXYSSRXE,4842024
SDWAYPIK,IGDVVKUD,44065
SDWAYPIK,JBVHSUWY,410819
SDWAYPIK,JERHKLYW,27594
SDWAYPIK,JPBRUTWP,6389670
SDWAYPIK,JSLXRQOK,27593
SDWAYPIK,KEUWZRKO,746671
SDWAYPIK,KJNSOAHR,27906138
SDWAYPIK,LPHPPJUG,1191544
SDWAYPIK,LRVGFDFM,2269900
SDWAYPIK,LSOIUSXD,232500
SDWAYPIK,LTOYKIML,375603
SDWAYPIK,LUENUFGA,3264584
SDWAYPIK,MIRCVAMV,79114
SDWAYPIK,NZKBIBNU,269543
SDWAYPIK,OGAFEHLU,32814
SDWAYPIK,OKMBFVKS,1856917
SDWAYPIK,OXKURKXR,123692
SDWAYPIK,PYZMVUWD,19287
SDWAYPIK,QJQJSWFU,125555
SDWAYPIK,QKXNTIIB,1244838
SDWAYPIK,QRKRBYJL,1945180
SDWAYPIK,QVLMOEYE,1155101
SDWAYPIK,RAWUKQMJ,3621796
SDWAYPIK,RCBZUSIM,3137
SDWAYPIK,RJGPVEXX,604370
SDWAYPIK,SAHWCZNH,1664906
SDWAYPIK,SUOYXCHP,27681
SDWAYPIK,UGEQLMXM,288090
SDWAYPIK,UIFPPCLR,129769
SDWAYPIK,UQYUIVVR,5329556
SDWAYPIK,UXSPKBJR,323634
SDWAYPIK,VBYCLTYZ,412453
SDWAYPIK,VMAQSTJE,9687
SDWAYPIK,VUAFAIYJ,866267
SDWAYPIK,VWMBASNE,130162
SDWAYPIK,WBLJNPZQ,141565
SDWAYPIK,WPQXWHYO,20500250
SDWAYPIK,WQMVCOEM,15833
SDWAYPIK,XIFHSOWQ,84135
SDWAYPIK,XIPPENFQ,124494
SDWAYPIK,XUOIQPFL,2365758
SDWAYPIK,ZGJXVMNI,2557978
SDWAYPIK,ZKENOUDA,429382
SDWAYPIK,ZXERAXWP,58476
SNHYOVBM,AHMDUILJ,143404
SNHYOVBM,BLANHGYY,81103
SNHYOVBM,BSRMSVTC,282259
SNHYOVBM,BTMOEMEP,4379202
SNHYOVBM,BUZIIBYG,18954076
SNHYOVBM,DBWLZWNK,188282
SNHYOVBM,DJBLNPNC,14907
SNHYOVBM,DUCMGGNW,911829
SNHYOVBM,FDXPMYGF,27008
SNHYOVBM,FITUEHWN,112226
SNHYOVBM,GYHKIVQT,36243164
SNHYOVBM,HCDTGMST,107298
SNHYOVBM,IGDVVKUD,30605
SNHYOVBM,JBVHSUWY,422054
SNHYOVBM,JPBRUTWP,6301410
SNHYOVBM,KEUWZRKO,874974
SNHYOVBM,LPHPPJUG,1161744
SNHYOVBM,LSOIUSXD,248919
SNHYOVBM,LTOYKIML,379146
SNHYOVBM,MBSBZBXA,3872922
SNHYOVBM,MIRCVAMV,90118
SNHYOVBM,NZKBIBNU,271496
SNHYOVBM,OGAFEHLU,45783
SNHYOVBM,OJIFIHMZ,3311603
SNHYOVBM,OXKURKXR,121174
SNHYOVBM,PYZMVUWD,23376
SNHYOVBM,QJQJSWFU,133070
SNHYOVBM,QKXNTIIB,1224763
SNHYOVBM,QRKRBYJL,2127448
SNHYOVBM,RAWUKQMJ,3649779
SNHYOVBM,ROACSLMG,2199006
SNHYOVBM,SDWAYPIK,5280562
SNHYOVBM,STZDBITS,21855578
SNHYOVBM,SUOYXCHP,23082
SNHYOVBM,TGOELCAG,295417
SNHYOVBM,UXSPKBJR,335104
SNHYOVBM,VMAQSTJE,13522
SNHYOVBM,VWMBASNE,143919
SNHYOVBM,WBLJNPZQ,151755
SNHYOVBM,WHPUAOID,47852
SNHYOVBM,XMKRPGLB,802368
SNHYOVBM,XUOIQPFL,2546053
SNHYOVBM,ZKENOUDA,419560
STZDBITS,AANGBULD,454424
STZDBITS,AHMDUILJ,135590
STZDBITS,BEZYMBBT,3180648
STZDBITS,BUZIIBYG,19019710
STZDBITS,DBWLZWNK,180871
STZDBITS,DJBLNPNC,4591
STZDBITS,DUCMGGNW,893848
STZDBITS,EVBVXETX,5089219
STZDBITS,FDXPMYGF,19555
STZDBITS,FTSVTTSR,154001
STZDBITS,FWUCPMMW,17154
STZDBITS,GKQIJYDH,4778042
STZDBITS,JSLXRQOK,15429
STZDBITS,KAGJCHMR,28246
STZDBITS,KJNSOAHR,25695126
STZDBITS,LLHREMKS,63157
STZDBITS,LRVGFDFM,2238009
STZDBITS,LTOYKIML,369848
STZDBITS,MBSBZBXA,3813149
STZDBITS,NAQIHUKZ,35310
STZDBITS,OXKURKXR,125039
STZDBITS,QKXNTIIB,1239229
STZDBITS,QRKRBYJL,2120000
STZDBITS,ROACSLMG,2131717
STZDBITS,SAAYMURU,40329
STZDBITS,SNHYOVBM,280536
STZDBITS,SUOYXCHP,10831
STZDBITS,TGOELCAG,283217
STZDBITS,UGEQLMXM,247736
STZDBITS,UXSPKBJR,382885
STZDBITS,VBYCLTYZ,435341
STZDBITS,WHPUAOID,40299
STZDBITS,XIFHSOWQ,91366
STZDBITS,XIIEJNEE,53070
STZDBITS,YSYHGLQK,13558
STZDBITS,ZCELVYQU,211769
STZDBITS,ZXERAXWP,47299
SUOYXCHP,AHMDUILJ,146047
SUOYXCHP,APQGTRMF,79300
SUOYXCHP,AXULOHBQ,124595
SUOYXCHP,BEZYMBBT,3253923
SUOYXCHP,BLANHGYY,73037
SUOYXCHP,DBWLZWNK,197245
SUOYXCHP,DJBLNPNC,20913
SUOYXCHP,DNMPSKTB,5119929
SUOYXCHP,DUCMGGNW,930858
SUOYXCHP,EVBVXETX,5077300
SUOYXCHP,FCYBOAXC,112387208
SUOYXCHP,FDXPMYGF,25269
SUOYXCHP,FITUEHWN,115105
SUOYXCHP,FQCLOEXA,2363149
SUOYXCHP,FTSVTTSR,186046
SUOYXCHP,HCDTGMST,115557
SUOYXCHP,IGDVVKUD,30987
SUOYXCHP,JERHKLYW,29605
SUOYXCHP,JPBRUTWP,6619752
SUOYXCHP,JSLXRQOK,27018
SUOYXCHP,KEUWZRKO,868841
SUOYXCHP,LLHREMKS,73826
SUOYXCHP,MBSBZBXA,4098064
SUOYXCHP,NAQIHUKZ,45300
SUOYXCHP,NZKBIBNU,274023
SUOYXCHP,OJIFIHMZ,3369980
SUOYXCHP,PYZMVUWD,26946
SUOYXCHP,QJQJSWFU,142797
SUOYXCHP,QKXNTIIB,1277035
SUOYXCHP,RAWUKQMJ,3627208
SUOYXCHP,RJGPVEXX,633959
SUOYXCHP,SAAYMURU,49377
SUOYXCHP,SAHWCZNH,1745828
SUOYXCHP,SDWAYPIK,5279126
SUOYXCHP,SNHYOVBM,294597
SUOYXCHP,STZDBITS,19289982
SUOYXCHP,TGOELCAG,294982
SUOYXCHP,UGEQLMXM,278762
SUOYXCHP,UIFPPCLR,147504
SUOYXCHP,UQYUIVVR,6133944
SUOYXCHP,VUAFAIYJ,861433
SUOYXCHP,WHPUAOID,52022
SUOYXCHP,WPQXWHYO,18743086
SUOYXCHP,WQMVCOEM,26170
SUOYXCHP,XIIEJNEE,74649
SUOYXCHP,XIPPENFQ,140069
SUOYXCHP,ZGJXVMNI,2634910
SUOYXCHP,ZKENOUDA,434755
SUOYXCHP,ZXERAXWP,57991
TGOELCAG,ATLDMDBO,33424998
TGOELCAG,BEZYMBBT,3230451
TGOELCAG,BJALXPFS,151056
TGOELCAG,BUZIIBYG,19967364
TGOELCAG,DBWLZWNK,196442
TGOELCAG,DDEXPPXU,15607
TGOELCAG,DEWLVASR,395234
TGOELCAG,DJBLNPNC,26170
TGOELCAG,DNMPSKTB,5393772
TGOELCAG,EVBVXETX,5037799
TGOELCAG,FDXPMYGF,19751
TGOELCAG,FITUEHWN,112804
TGOELCAG,FQCLOEXA,2482476
TGOELCAG,FRHNWLNI,968231
TGOELCAG,FTSVTTSR,184523
TGOELCAG,FWUCPMMW,23347
TGOELCAG,GKQIJYDH,5036083
TGOELCAG,HXYSSRXE,5228416
TGOELCAG,JSLXRQOK,22323
TGOELCAG,KAGJCHMR,40218
TGOELCAG,KEUWZRKO,1647278
TGOELCAG,KJNSOAHR,26126998
TGOELCAG,LLHREMKS,67493
TGOELCAG,LPHPPJUG,1179337
TGOELCAG,LRVGFDFM,2326250
TGOELCAG,LTOYKIML,378506
TGOELCAG,LUENUFGA,3599028
TGOELCAG,MIRCVAMV,90922
TGOELCAG,NAQIHUKZ,40868
TGOELCAG,NZKBIBNU,285111
TGOELCAG,OJIFIHMZ,3317466
TGOELCAG,OKMBFVKS,1929906
TGOELCAG,OXKURKXR,139360
TGOELCAG,QJQJSWFU,138627
TGOELCAG,QKXNTIIB,1323086
TGOELCAG,QRKRBYJL,2093453
TGOELCAG,RCBZUSIM,14838
TGOELCAG,ROACSLMG,2053621
TGOELCAG,SAAYMURU,52766
TGOELCAG,SNHYOVBM,291087
TGOELCAG,STZDBITS,21251070
TGOELCAG,SUOYXCHP,20573
TGOELCAG,UIFPPCLR,140424
TGOELCAG,UXSPKBJR,405934
TGOELCAG,VBYCLTYZ,425365
TGOELCAG,WPQXWHYO,22847256
TGOELCAG,WQMVCOEM,25624
TGOELCAG,XIFHSOWQ,103727
TGOELCAG,XIIEJNEE,69875
TGOELCAG,XMKRPGLB,885486
TGOELCAG,YSYHGLQK,18936
TGOELCAG,ZCELVYQU,220590
TGOELCAG,ZKENOUDA,429689
UGEQLMXM,AANGBULD,458619
UGEQLMXM,AHMDUILJ,144912
UGEQLMXM,APQGTRMF,77123
UGEQLMXM,ATLDMDBO,36667092
UGEQLMXM,AXULOHBQ,117024
UGEQLMXM,BEZYMBBT,3299350
UGEQLMXM,BJALXPFS,158605
UGEQLMXM,BLANHGYY,76368
UGEQLMXM,BSRMSVTC,277338
UGEQLMXM,BTMOEMEP,4681134
UGEQLMXM,BUZIIBYG,18484372
UGEQLMXM,CCLHWFWF,13917023
UGEQLMXM,DBWLZWNK,197880
UGEQLMXM,DEWLVASR,404509
UGEQLMXM,DJBLNPNC,19385
UGEQLMXM,DNMPSKTB,5455831
UGEQLMXM,DUCMGGNW,916780
UGEQLMXM,ELQGMQWE,655254
UGEQLMXM,EVBVXETX,5041768
UGEQLMXM,FCYBOAXC,113015264
UGEQLMXM,FDXPMYGF,21732
UGEQLMXM,FITUEHWN,110897
UGEQLMXM,FQCLOEXA,2410798
UGEQLMXM,FRHNWLNI,891150
UGEQLMXM,GYHKIVQT,32811988
UGEQLMXM,HCDTGMST,112930
UGEQLMXM,HXYSSRXE,5257117
UGEQLMXM,IGDVVKUD,25713
UGEQLMXM,JBVHSUWY,418218
UGEQLMXM,JERHKLYW,30138
UGEQLMXM,JPBRUTWP,6137141
UGEQLMXM,KAGJCHMR,44543
UGEQLMXM,KEUWZRKO,784392
UGEQLMXM,KJNSOAHR,23938482
UGEQLMXM,LPHPPJUG,1185309
UGEQLMXM,LRVGFDFM,2238787
UGEQLMXM,LSOIUSXD,244331
UGEQLMXM,LTOYKIML,382501
UGEQLMXM,LUENUFGA,3529232
UGEQLMXM,MIRCVAMV,86713
UGEQLMXM,NZKBIBNU,270812
UGEQLMXM,OGAFEHLU,44199
UGEQLMXM,OKMBFVKS,1920061
UGEQLMXM,OXKURKXR,133629
UGEQLMXM,PYZMVUWD,21235
UGEQLMXM,QJQJSWFU,140610
UGEQLMXM,QRKRBYJL,2029528
UGEQLMXM,QVLMOEYE,1175213
UGEQLMXM,RAWUKQMJ,3524925
UGEQLMXM,RCBZUSIM,13506
UGEQLMXM,RJGPVEXX,604424
UGEQLMXM,ROACSLMG,2194405
UGEQLMXM,SAHWCZNH,1721302
UGEQLMXM,SDWAYPIK,5447286
UGEQLMXM,STZDBITS,22861426
UGEQLMXM,SUOYXCHP,23082
UGEQLMXM,TGOELCAG,311160
UGEQLMXM,UIFPPCLR,137019
UGEQLMXM,UQYUIVVR,5216500
UGEQLMXM,UXSPKBJR,394188
UGEQLMXM,VBYCLTYZ,421423
UGEQLMXM,VMAQSTJE,17696
UGEQLMXM,VWMBASNE,132552
UGEQLMXM,WBLJNPZQ,148092
UGEQLMXM,WHPUAOID,44993
UGEQLMXM,WPQXWHYO,20440446
UGEQLMXM,WQMVCOEM,21235
UGEQLMXM,XIFHSOWQ,92617
UGEQLMXM,XIPPENFQ,132093
UGEQLMXM,XUOIQPFL,2440484
UGEQLMXM,ZGJXVMNI,2661702
UGEQLMXM,ZKENOUDA,408722
UGEQLMXM,ZXERAXWP,56018
UIFPPCLR,AHMDUILJ,144420
UIFPPCLR,APQGTRMF,79815
UIFPPCLR,AXULOHBQ,144165
UIFPPCLR,BEZYMBBT,3248513
UIFPPCLR,BJALXPFS,159279
UIFPPCLR,BSRMSVTC,279489
UIFPPCLR,DBWLZWNK,185414
UIFPPCLR,DDEXPPXU,3809
UIFPPCLR,DEWLVASR,396636
UIFPPCLR,DNMPSKTB,4909692
UIFPPCLR,ELQGMQWE,637653
UIFPPCLR,EVBVXETX,5085442
UIFPPCLR,FCYBOAXC,110394048
UIFPPCLR,FDXPMYGF,26695
UIFPPCLR,FQCLOEXA,2387980
UIFPPCLR,FWUCPMMW,26059
UIFPPCLR,GKQIJYDH,4517050
UIFPPCLR,GYHKIVQT,30186288
UIFPPCLR,HXYSSRXE,5399996
UIFPPCLR,JBVHSUWY,423101
UIFPPCLR,JERHKLYW,31042
UIFPPCLR,JPBRUTWP,7033236
UIFPPCLR,KEUWZRKO,878864
UIFPPCLR,KJNSOAHR,23178254
UIFPPCLR,LLHREMKS,79332
UIFPPCLR,LPHPPJUG,1213552
UIFPPCLR,LRVGFDFM,2200488
UIFPPCLR,LUENUFGA,3582638
UIFPPCLR,MIRCVAMV,90930
UIFPPCLR,NAQIHUKZ,48606
UIFPPCLR,OGAFEHLU,49059
UIFPPCLR,OKMBFVKS,1934194
UIFPPCLR,PYZMVUWD,25238
UIFPPCLR,QJQJSWFU,135371
UIFPPCLR,QKXNTIIB,1276786
UIFPPCLR,QRKRBYJL,2084033
UIFPPCLR,QVLMOEYE,1220282
UIFPPCLR,RAWUKQMJ,3589842
UIFPPCLR,RCBZUSIM,12716
UIFPPCLR,RJGPVEXX,628220
UIFPPCLR,SAHWCZNH,1715530
UIFPPCLR,SDWAYPIK,5350396
UIFPPCLR,STZDBITS,22252944
UIFPPCLR,TGOELCAG,305987
UIFPPCLR,UQYUIVVR,4847522
UIFPPCLR,UXSPKBJR,400979
UIFPPCLR,VBYCLTYZ,437479
UIFPPCLR,WHPUAOID,48540
UIFPPCLR,WPQXWHYO,21938480
UIFPPCLR,WQMVCOEM,27414
UIFPPCLR,XIFHSOWQ,98771
UIFPPCLR,XIPPENFQ,131744
UIFPPCLR,XMKRPGLB,808928
UIFPPCLR,XUOIQPFL,2570624
UIFPPCLR,YSYHGLQK,26485
UIFPPCLR,ZKENOUDA,417768
UQYUIVVR,AANGBULD,462219
UQYUIVVR,APQGTRMF,79300
UQYUIVVR,AXULOHBQ,116347
UQYUIVVR,BEZYMBBT,3198584
UQYUIVVR,BLANHGYY,80967
UQYUIVVR,CCLHWFWF,13639354
UQYUIVVR,DBWLZWNK,184132
UQYUIVVR,DJBLNPNC,21235
UQYUIVVR,DUCMGGNW,899893
UQYUIVVR,ELQGMQWE,647992
UQYUIVVR,FCYBOAXC,111737792
UQYUIVVR,FITUEHWN,110617
UQYUIVVR,FRHNWLNI,943535
UQYUIVVR,FTSVTTSR,165823
UQYUIVVR,FWUCPMMW,27483
UQYUIVVR,GYHKIVQT,36682780
UQYUIVVR,HCDTGMST,114862
UQYUIVVR,HXYSSRXE,5539520
UQYUIVVR,IGDVVKUD,21791
UQYUIVVR,JBVHSUWY,400962
UQYUIVVR,JSLXRQOK,19294
UQYUIVVR,KEUWZRKO,876144
UQYUIVVR,LRVGFDFM,2224482
UQYUIVVR,LTOYKIML,386422
UQYUIVVR,MBSBZBXA,4023916
UQYUIVVR,NAQIHUKZ,45783
UQYUIVVR,NZKBIBNU,249838
UQYUIVVR,OGAFEHLU,39012
UQYUIVVR,OXKURKXR,128286
UQYUIVVR,QKXNTIIB,1247972
UQYUIVVR,QVLMOEYE,1196838
UQYUIVVR,RCBZUSIM,6376
UQYUIVVR,RJGPVEXX,604467
UQYUIVVR,STZDBITS,22251326
UQYUIVVR,SUOYXCHP,16699
UQYUIVVR,TGOELCAG,295069
UQYUIVVR,UIFPPCLR,144175
UQYUIVVR,UXSPKBJR,388387
UQYUIVVR,VBYCLTYZ,432492
UQYUIVVR,VMAQSTJE,18588
UQYUIVVR,VUAFAIYJ,848547
UQYUIVVR,VWMBASNE,141240
UQYUIVVR,WBLJNPZQ,148092
UQYUIVVR,WHPUAOID,45798
UQYUIVVR,WQMVCOEM,39895
UQYUIVVR,XIIEJNEE,67206
UQYUIVVR,XUOIQPFL,2384999
UQYUIVVR,YSYHGLQK,18401
UQYUIVVR,ZCELVYQU,225216
UQYUIVVR,ZGJXVMNI,2550182
UQYUIVVR,ZKENOUDA,414381
UQYUIVVR,ZXERAXWP,44167
UXSPKBJR,AHMDUILJ,136197
UXSPKBJR,APQGTRMF,67120
UXSPKBJR,ATLDMDBO,42344928
UXSPKBJR,AXULOHBQ,111184
UXSPKBJR,BEZYMBBT,3243046
UXSPKBJR,BLANHGYY,81344
UXSPKBJR,BSRMSVTC,284876
UXSPKBJR,BTMOEMEP,4937594
UXSPKBJR,DBWLZWNK,184123
UXSPKBJR,DDEXPPXU,12354
UXSPKBJR,DEWLVASR,401515
UXSPKBJR,DNMPSKTB,5372956
UXSPKBJR,ELQGMQWE,659061
UXSPKBJR,EVBVXETX,5124602
UXSPKBJR,FCYBOAXC,110893816
UXSPKBJR,FDXPMYGF,26743
UXSPKBJR,FITUEHWN,116167
UXSPKBJR,FQCLOEXA,2454348
UXSPKBJR,FRHNWLNI,933796
UXSPKBJR,GKQIJYDH,4591412
UXSPKBJR,GYHKIVQT,36704628
UXSPKBJR,HXYSSRXE,4917399
UXSPKBJR,IGDVVKUD,24823
UXSPKBJR,JBVHSUWY,400755
UXSPKBJR,JPBRUTWP,6483352
UXSPKBJR,KEUWZRKO,846871
UXSPKBJR,KJNSOAHR,27987718
UXSPKBJR,LPHPPJUG,1197689
UXSPKBJR,LRVGFDFM,2216410
UXSPKBJR,LTOYKIML,382407
UXSPKBJR,LUENUFGA,3480156
UXSPKBJR,MBSBZBXA,4026377
UXSPKBJR,MIRCVAMV,85682
UXSPKBJR,NAQIHUKZ,51494
UXSPKBJR,NZKBIBNU,268838
UXSPKBJR,OGAFEHLU,58355
UXSPKBJR,OJIFIHMZ,3333426
UXSPKBJR,OKMBFVKS,1868052
UXSPKBJR,OXKURKXR,138113
UXSPKBJR,PYZMVUWD,18696
UXSPKBJR,QJQJSWFU,134556
UXSPKBJR,QKXNTIIB,1287751
UXSPKBJR,QRKRBYJL,1988168
UXSPKBJR,QVLMOEYE,1186144
UXSPKBJR,RAWUKQMJ,3668987
UXSPKBJR,RCBZUSIM,1970
UXSPKBJR,RJGPVEXX,599941
UXSPKBJR,SAHWCZNH,1695087
UXSPKBJR,SDWAYPIK,5243238
UXSPKBJR,STZDBITS,21923972
UXSPKBJR,SUOYXCHP,27120
UXSPKBJR,UGEQLMXM,256944
UXSPKBJR,UIFPPCLR,136197
UXSPKBJR,VBYCLTYZ,442331
UXSPKBJR,VMAQSTJE,17761
UXSPKBJR,VWMBASNE,142291
UXSPKBJR,WPQXWHYO,21681710
UXSPKBJR,WQMVCOEM,13619
UXSPKBJR,XIFHSOWQ,93599
UXSPKBJR,XIIEJNEE,89826
UXSPKBJR,XIPPENFQ,126253
UXSPKBJR,XUOIQPFL,2399519
UXSPKBJR,YSYHGLQK,28059
UXSPKBJR,ZGJXVMNI,2614542
UXSPKBJR,ZKENOUDA,419535
UXSPKBJR,ZXERAXWP,56721
VBYCLTYZ,AANGBULD,453901
VBYCLTYZ,APQGTRMF,96803
VBYCLTYZ,ATLDMDBO,36937892
VBYCLTYZ,AXULOHBQ,111184
VBYCLTYZ,BEZYMBBT,3229816
VBYCLTYZ,BJALXPFS,158064
VBYCLTYZ,BLANHGYY,73695
VBYCLTYZ,BSRMSVTC,265979
VBYCLTYZ,BTMOEMEP,4630460
VBYCLTYZ,DBWLZWNK,184945
VBYCLTYZ,DEWLVASR,401515
VBYCLTYZ,DJBLNPNC,22630
VBYCLTYZ,DNMPSKTB,5297614
VBYCLTYZ,ELQGMQWE,659369
VBYCLTYZ,EVBVXETX,5135674
VBYCLTYZ,FCYBOAXC,110916488
VBYCLTYZ,FDXPMYGF,17194
VBYCLTYZ,FITUEHWN,115778
VBYCLTYZ,FQCLOEXA,2360032
VBYCLTYZ,FRHNWLNI,906172
VBYCLTYZ,GKQIJYDH,4669830
VBYCLTYZ,GYHKIVQT,35605704
VBYCLTYZ,HCDTGMST,117632
VBYCLTYZ,HXYSSRXE,4968812
VBYCLTYZ,IGDVVKUD,21767
VBYCLTYZ,JBVHSUWY,416496
VBYCLTYZ,JPBRUTWP,6103668
VBYCLTYZ,KEUWZRKO,779567
VBYCLTYZ,KJNSOAHR,27868256
VBYCLTYZ,LPHPPJUG,1198025
VBYCLTYZ,LRVGFDFM,2296953
VBYCLTYZ,LSOIUSXD,249862
VBYCLTYZ,LUENUFGA,3351322
VBYCLTYZ,MIRCVAMV,80873
VBYCLTYZ,NZKBIBNU,270934
VBYCLTYZ,OGAFEHLU,40820
VBYCLTYZ,OKMBFVKS,1908679
VBYCLTYZ,OXKURKXR,153677
VBYCLTYZ,PYZMVUWD,17904
VBYCLTYZ,QJQJSWFU,140126
VBYCLTYZ,QRKRBYJL,1973735
VBYCLTYZ,QVLMOEYE,1175816
VBYCLTYZ,RAWUKQMJ,3656458
VBYCLTYZ,RCBZUSIM,9204
VBYCLTYZ,RJGPVEXX,612262
VBYCLTYZ,SAHWCZNH,1695902
VBYCLTYZ,SDWAYPIK,5233764
VBYCLTYZ,SUOYXCHP,26628
VBYCLTYZ,UGEQLMXM,255556
VBYCLTYZ,UIFPPCLR,143253
VBYCLTYZ,UXSPKBJR,364653
VBYCLTYZ,VMAQSTJE,16459
VBYCLTYZ,VWMBASNE,127991
VBYCLTYZ,WBLJNPZQ,143531
VBYCLTYZ,WPQXWHYO,20977802
VBYCLTYZ,WQMVCOEM,25809
VBYCLTYZ,XIFHSOWQ,89286
VBYCLTYZ,XIPPENFQ,126253
VBYCLTYZ,XUOIQPFL,2368898
VBYCLTYZ,ZCELVYQU,222619
VBYCLTYZ,ZGJXVMNI,2618066
VBYCLTYZ,ZKENOUDA,421745
VBYCLTYZ,ZXERAXWP,58144
VMAQSTJE,AHMDUILJ,140426
VMAQSTJE,APQGTRMF,77114
VMAQSTJE,AXULOHBQ,117920
VMAQSTJE,BEZYMBBT,3260758
VMAQSTJE,BSRMSVTC,287599
VMAQSTJE,BTMOEMEP,4158258
VMAQSTJE,DBWLZWNK,193017
VMAQSTJE,DDEXPPXU,13015
VMAQSTJE,DJBLNPNC,24759
VMAQSTJE,EVBVXETX,5099651
VMAQSTJE,FCYBOAXC,112501288
VMAQSTJE,FDXPMYGF,27235
VMAQSTJE,FTSVTTSR,164593
VMAQSTJE,GKQIJYDH,4732812
VMAQSTJE,JBVHSUWY,421367
VMAQSTJE,JPBRUTWP,6265344
VMAQSTJE,JSLXRQOK,24329
VMAQSTJE,KAGJCHMR,38031
VMAQSTJE,KEUWZRKO,1689580
VMAQSTJE,LLHREMKS,71639
VMAQSTJE,LTOYKIML,378893
VMAQSTJE,LUENUFGA,3622580
VMAQSTJE,MBSBZBXA,4034689
VMAQSTJE,MIRCVAMV,90233
VMAQSTJE,NAQIHUKZ,43596
VMAQSTJE,NZKBIBNU,269326
VMAQSTJE,OGAFEHLU,78806
VMAQSTJE,OJIFIHMZ,3321512
VMAQSTJE,OXKURKXR,134814
VMAQSTJE,PYZMVUWD,56201
VMAQSTJE,QJQJSWFU,133893
VMAQSTJE,QKXNTIIB,1289252
VMAQSTJE,QRKRBYJL,2149064
VMAQSTJE,RAWUKQMJ,3620596
VMAQSTJE,RCBZUSIM,6351
VMAQSTJE,ROACSLMG,2164373
VMAQSTJE,SAAYMURU,51222
VMAQSTJE,SNHYOVBM,288884
VMAQSTJE,STZDBITS,21509794
VMAQSTJE,SUOYXCHP,19703
VMAQSTJE,TGOELCAG,294733
VMAQSTJE,UIFPPCLR,147060
VMAQSTJE,UQYUIVVR,5358410
VMAQSTJE,UXSPKBJR,391053
VMAQSTJE,VBYCLTYZ,427625
VMAQSTJE,VWMBASNE,145692
VMAQSTJE,WBLJNPZQ,151195
VMAQSTJE,WHPUAOID,47115
VMAQSTJE,WPQXWHYO,18595634
VMAQSTJE,XIFHSOWQ,100476
VMAQSTJE,XIIEJNEE,67206
VMAQSTJE,XIPPENFQ,136310
VMAQSTJE,YSYHGLQK,27120
VMAQSTJE,ZXERAXWP,56972
VUAFAIYJ,AANGBULD,439960
VUAFAIYJ,APQGTRMF,74208
VUAFAIYJ,ATLDMDBO,37038836
VUAFAIYJ,AXULOHBQ,113693
VUAFAIYJ,BJALXPFS,158227
VUAFAIYJ,BLANHGYY,74951
VUAFAIYJ,BTMOEMEP,4586281
VUAFAIYJ,CCLHWFWF,13704693
VUAFAIYJ,DBWLZWNK,197669
VUAFAIYJ,DDEXPPXU,6918
VUAFAIYJ,DNMPSKTB,4892678
VUAFAIYJ,DUCMGGNW,909285
VUAFAIYJ,ELQGMQWE,657286
VUAFAIYJ,EVBVXETX,5085560
VUAFAIYJ,FCYBOAXC,111288576
VUAFAIYJ,FTSVTTSR,187120
VUAFAIYJ,FWUCPMMW,25262
VUAFAIYJ,GYHKIVQT,35990084
VUAFAIYJ,HCDTGMST,117632
VUAFAIYJ,HXYSSRXE,5120446
VUAFAIYJ,IGDVVKUD,31641
VUAFAIYJ,JBVHSUWY,417582
VUAFAIYJ,JERHKLYW,21965
VUAFAIYJ,JPBRUTWP,6897282
VUAFAIYJ,JSLXRQOK,21500
VUAFAIYJ,KEUWZRKO,866254
VUAFAIYJ,LLHREMKS,75671
VUAFAIYJ,LRVGFDFM,2238430
VUAFAIYJ,LSOIUSXD,238230
VUAFAIYJ,LTOYKIML,368200
VUAFAIYJ,LUENUFGA,3598388
VUAFAIYJ,MIRCVAMV,89013
VUAFAIYJ,NAQIHUKZ,49059
VUAFAIYJ,QJQJSWFU,140724
VUAFAIYJ,QKXNTIIB,1279300
VUAFAIYJ,QRKRBYJL,2125382
VUAFAIYJ,RJGPVEXX,604734
VUAFAIYJ,STZDBITS,23150634
VUAFAIYJ,UGEQLMXM,261015
VUAFAIYJ,UIFPPCLR,143170
VUAFAIYJ,VWMBASNE,145618
VUAFAIYJ,WBLJNPZQ,145905
VUAFAIYJ,WHPUAOID,67943
VUAFAIYJ,WPQXWHYO,21571926
VUAFAIYJ,WQMVCOEM,25441
VUAFAIYJ,XIPPENFQ,128573
VUAFAIYJ,XUOIQPFL,2441283
VUAFAIYJ,ZCELVYQU,217938
VUAFAIYJ,ZGJXVMNI,2630914
VUAFAIYJ,ZKENOUDA,421562
VUAFAIYJ,ZXERAXWP,56326
VWMBASNE,AANGBULD,435443
VWMBASNE,AHMDUILJ,145318
VWMBASNE,ATLDMDBO,35569660
VWMBASNE,BLANHGYY,66849
VWMBASNE,BTMOEMEP,4224308
VWMBASNE,CCLHWFWF,13982364
VWMBASNE,DBWLZWNK,177514
VWMBASNE,DEWLVASR,398606
VWMBASNE,DJBLNPNC,23983
VWMBASNE,DNMPSKTB,4944134
VWMBASNE,DUCMGGNW,911613
VWMBASNE,FCYBOAXC,112971600
VWMBASNE,FQCLOEXA,2336712
VWMBASNE,FTSVTTSR,177729
VWMBASNE,FWUCPMMW,17332
VWMBASNE,GKQIJYDH,4607076
VWMBASNE,JBVHSUWY,394543
VWMBASNE,JERHKLYW,28689
VWMBASNE,JPBRUTWP,6332844
VWMBASNE,JSLXRQOK,20293
VWMBASNE,KAGJCHMR,38826
VWMBASNE,LLHREMKS,74470
VWMBASNE,LRVGFDFM,2268486
VWMBASNE,LSOIUSXD,227538
VWMBASNE,LTOYKIML,367587
VWMBASNE,MIRCVAMV,84826
VWMBASNE,NAQIHUKZ,42467
VWMBASNE,OGAFEHLU,47024
VWMBASNE,OKMBFVKS,1908209
VWMBASNE,PYZMVUWD,25190
VWMBASNE,QKXNTIIB,1264501
VWMBASNE,QRKRBYJL,2166263
VWMBASNE,QVLMOEYE,1198301
VWMBASNE,SAAYMURU,50022
VWMBASNE,STZDBITS,21484714
VWMBASNE,SUOYXCHP,34799
VWMBASNE,UGEQLMXM,258040
VWMBASNE,VBYCLTYZ,441486
VWMBASNE,VMAQSTJE,23635
VWMBASNE,VUAFAIYJ,871822
VWMBASNE,WBLJNPZQ,147448
VWMBASNE,WHPUAOID,43604
VWMBASNE,WQMVCOEM,22128
VWMBASNE,XIPPENFQ,128341
VWMBASNE,XMKRPGLB,802714
VWMBASNE,XUOIQPFL,2282831
VWMBASNE,ZCELVYQU,218634
VWMBASNE,ZGJXVMNI,2664053
VWMBASNE,ZKENOUDA,423424
VWMBASNE,ZXERAXWP,50838
WBLJNPZQ,AANGBULD,448413
WBLJNPZQ,APQGTRMF,76999
WBLJNPZQ,ATLDMDBO,41092984
WBLJNPZQ,AXULOHBQ,120749
WBLJNPZQ,BJALXPFS,156042
WBLJNPZQ,BLANHGYY,80527
WBLJNPZQ,BSRMSVTC,292481
WBLJNPZQ,BTMOEMEP,4262791
WBLJNPZQ,CCLHWFWF,13412897
WBLJNPZQ,DBWLZWNK,187330
WBLJNPZQ,DDEXPPXU,5548
WBLJNPZQ,DEWLVASR,396582
WBLJNPZQ,DJBLNPNC,19812
WBLJNPZQ,DNMPSKTB,4935400
WBLJNPZQ,DUCMGGNW,910892
WBLJNPZQ,ELQGMQWE,655305
WBLJNPZQ,FCYBOAXC,112279584
WBLJNPZQ,FDXPMYGF,28037
WBLJNPZQ,FQCLOEXA,2531130
WBLJNPZQ,FRHNWLNI,946843
WBLJNPZQ,FTSVTTSR,172857
WBLJNPZQ,FWUCPMMW,31028
WBLJNPZQ,GYHKIVQT,35456084
WBLJNPZQ,HXYSSRXE,5189390
WBLJNPZQ,IGDVVKUD,27682
WBLJNPZQ,JBVHSUWY,400755
WBLJNPZQ,JPBRUTWP,6435924
WBLJNPZQ,JSLXRQOK,27776
WBLJNPZQ,KEUWZRKO,859867
WBLJNPZQ,KJNSOAHR,26023102
WBLJNPZQ,LPHPPJUG,1195708
WBLJNPZQ,LRVGFDFM,2167885
WBLJNPZQ,LSOIUSXD,239229
WBLJNPZQ,LTOYKIML,373645
WBLJNPZQ,LUENUFGA,3619435
WBLJNPZQ,MBSBZBXA,4034689
WBLJNPZQ,MIRCVAMV,106001
WBLJNPZQ,NAQIHUKZ,43113
WBLJNPZQ,OGAFEHLU,45766
WBLJNPZQ,OKMBFVKS,1936166
WBLJNPZQ,OXKURKXR,132554
WBLJNPZQ,QJQJSWFU,138702
WBLJNPZQ,QKXNTIIB,1262394
WBLJNPZQ,QRKRBYJL,1985107
WBLJNPZQ,QVLMOEYE,1196816
WBLJNPZQ,RAWUKQMJ,3585518
WBLJNPZQ,RJGPVEXX,596033
WBLJNPZQ,SAAYMURU,56833
WBLJNPZQ,SDWAYPIK,5222744
WBLJNPZQ,SNHYOVBM,287078
WBLJNPZQ,TGOELCAG,302262
WBLJNPZQ,UGEQLMXM,258241
WBLJNPZQ,UIFPPCLR,141829
WBLJNPZQ,UQYUIVVR,6204156
WBLJNPZQ,VBYCLTYZ,442119
WBLJNPZQ,VMAQSTJE,22874
WBLJNPZQ,VUAFAIYJ,863954
WBLJNPZQ,VWMBASNE,136255
WBLJNPZQ,WPQXWHYO,21337372
WBLJNPZQ,WQMVCOEM,22843
WBLJNPZQ,XIFHSOWQ,101209
WBLJNPZQ,XIPPENFQ,133853
WBLJNPZQ,XMKRPGLB,798928
WBLJNPZQ,XUOIQPFL,2498191
WBLJNPZQ,ZCELVYQU,221629
WBLJNPZQ,ZGJXVMNI,2634271
WBLJNPZQ,ZKENOUDA,428651
WBLJNPZQ,ZXERAXWP,52678
WHPUAOID,AHMDUILJ,143745
WHPUAOID,BEZYMBBT,3323012
WHPUAOID,BJALXPFS,155617
WHPUAOID,BSRMSVTC,281847
WHPUAOID,DBWLZWNK,190193
WHPUAOID,DUCMGGNW,923045
WHPUAOID,ELQGMQWE,676036
WHPUAOID,FCYBOAXC,112978144
WHPUAOID,FDXPMYGF,24749
WHPUAOID,FRHNWLNI,938113
WHPUAOID,FWUCPMMW,26679
WHPUAOID,HXYSSRXE,5019794
WHPUAOID,IGDVVKUD,33043
WHPUAOID,JBVHSUWY,414223
WHPUAOID,JERHKLYW,39200
WHPUAOID,JSLXRQOK,27018
WHPUAOID,KAGJCHMR,35147
WHPUAOID,LLHREMKS,82670
WHPUAOID,LPHPPJUG,1203813
WHPUAOID,LRVGFDFM,2272542
WHPUAOID,LTOYKIML,382985
WHPUAOID,NZKBIBNU,274023
WHPUAOID,OGAFEHLU,45622
WHPUAOID,OJIFIHMZ,3300411
WHPUAOID,OXKURKXR,135973
WHPUAOID,QKXNTIIB,1291700
WHPUAOID,RAWUKQMJ,3626852
WHPUAOID,RCBZUSIM,6060
WHPUAOID,SAAYMURU,53409
WHPUAOID,SNHYOVBM,291087
WHPUAOID,STZDBITS,22034616
WHPUAOID,UQYUIVVR,5885770
WHPUAOID,VWMBASNE,140494
WHPUAOID,XIPPENFQ,137114
WHPUAOID,XMKRPGLB,847979
WPQXWHYO,AANGBULD,449371
WPQXWHYO,APQGTRMF,62968
WPQXWHYO,BEZYMBBT,3119937
WPQXWHYO,BSRMSVTC,283079
WPQXWHYO,DBWLZWNK,183473
WPQXWHYO,DDEXPPXU,13015
WPQXWHYO,DEWLVASR,399279
WPQXWHYO,DJBLNPNC,23996
WPQXWHYO,EVBVXETX,5074332
WPQXWHYO,FITUEHWN,116694
WPQXWHYO,FQCLOEXA,2370657
WPQXWHYO,FRHNWLNI,903439
WPQXWHYO,GKQIJYDH,4478901
WPQXWHYO,GYHKIVQT,36070000
WPQXWHYO,JSLXRQOK,28821
WPQXWHYO,KEUWZRKO,816263
WPQXWHYO,KJNSOAHR,27886998
WPQXWHYO,LLHREMKS,79248
WPQXWHYO,LSOIUSXD,233842
WPQXWHYO,LUENUFGA,3404202
WPQXWHYO,MIRCVAMV,81621
WPQXWHYO,NZKBIBNU,269556
WPQXWHYO,OGAFEHLU,55895
WPQXWHYO,OJIFIHMZ,3268488
WPQXWHYO,OKMBFVKS,1808293
WPQXWHYO,OXKURKXR,128608
WPQXWHYO,PYZMVUWD,16040
WPQXWHYO,QJQJSWFU,130613
WPQXWHYO,QVLMOEYE,1148812
WPQXWHYO,RJGPVEXX,590575
WPQXWHYO,SAAYMURU,54799
WPQXWHYO,SAHWCZNH,1691769
WPQXWHYO,SDWAYPIK,5279936
WPQXWHYO,STZDBITS,21641200
WPQXWHYO,UGEQLMXM,263799
WPQXWHYO,UIFPPCLR,128682
WPQXWHYO,UXSPKBJR,406902
WPQXWHYO,VMAQSTJE,9687
WPQXWHYO,VWMBASNE,135662
WPQXWHYO,WHPUAOID,50582
WPQXWHYO,WQMVCOEM,24835
WPQXWHYO,XIFHSOWQ,116613
WPQXWHYO,XIIEJNEE,73703
WPQXWHYO,XIPPENFQ,137024
WPQXWHYO,XUOIQPFL,2360062
WPQXWHYO,ZCELVYQU,219609
WPQXWHYO,ZGJXVMNI,2564576
WPQXWHYO,ZKENOUDA,420408
WPQXWHYO,ZXERAXWP,56571
WQMVCOEM,APQGTRMF,71115
WQMVCOEM,AXULOHBQ,117923
WQMVCOEM,BJALXPFS,161297
WQMVCOEM,BUZIIBYG,19311774
WQMVCOEM,DDEXPPXU,7810
WQMVCOEM,DEWLVASR,407094
WQMVCOEM,DJBLNPNC,23421
WQMVCOEM,DNMPSKTB,5515976
WQMVCOEM,ELQGMQWE,653011
WQMVCOEM,EVBVXETX,5055432
WQMVCOEM,FDXPMYGF,22968
WQMVCOEM,FQCLOEXA,2543684
WQMVCOEM,FTSVTTSR,188555
WQMVCOEM,HCDTGMST,117584
WQMVCOEM,HXYSSRXE,5598162
WQMVCOEM,JBVHSUWY,424856
WQMVCOEM,JERHKLYW,24677
WQMVCOEM,JPBRUTWP,7005346
WQMVCOEM,JSLXRQOK,24832
WQMVCOEM,KEUWZRKO,869201
WQMVCOEM,KJNSOAHR,25631536
WQMVCOEM,LRVGFDFM,2282868
WQMVCOEM,MBSBZBXA,3892903
WQMVCOEM,MIRCVAMV,90389
WQMVCOEM,NAQIHUKZ,47809
WQMVCOEM,NZKBIBNU,270667
WQMVCOEM,OGAFEHLU,49483
WQMVCOEM,OJIFIHMZ,3332692
WQMVCOEM,OKMBFVKS,1962134
WQMVCOEM,OXKURKXR,139146
WQMVCOEM,QJQJSWFU,139276
WQMVCOEM,QKXNTIIB,1277141
WQMVCOEM,QVLMOEYE,1203246
WQMVCOEM,RAWUKQMJ,3595402
WQMVCOEM,RCBZUSIM,7735
WQMVCOEM,RJGPVEXX,602829
WQMVCOEM,ROACSLMG,2167964
WQMVCOEM,SAHWCZNH,1694471
WQMVCOEM,SDWAYPIK,5202085
WQMVCOEM,SNHYOVBM,299673
WQMVCOEM,SUOYXCHP,27235
WQMVCOEM,UIFPPCLR,147504
WQMVCOEM,UQYUIVVR,5872007
WQMVCOEM,UXSPKBJR,388038
WQMVCOEM,VMAQSTJE,21065
WQMVCOEM,WPQXWHYO,20419800
WQMVCOEM,XIFHSOWQ,96649
WQMVCOEM,XIPPENFQ,134394
WQMVCOEM,XUOIQPFL,2448831
WQMVCOEM,YSYHGLQK,28288
WQMVCOEM,ZCELVYQU,219644
WQMVCOEM,ZGJXVMNI,2666072
WQMVCOEM,ZKENOUDA,418761
XIFHSOWQ,AANGBULD,454886
XIFHSOWQ,APQGTRMF,78754
XIFHSOWQ,AXULOHBQ,121914
XIFHSOWQ,BLANHGYY,82389
XIFHSOWQ,DBWLZWNK,193529
XIFHSOWQ,DDEXPPXU,11963
XIFHSOWQ,DEWLVASR,373991
XIFHSOWQ,DJBLNPNC,24759
XIFHSOWQ,DUCMGGNW,916064
XIFHSOWQ,ELQGMQWE,664775
XIFHSOWQ,EVBVXETX,5188655
XIFHSOWQ,FCYBOAXC,110651112
XIFHSOWQ,FITUEHWN,108109
XIFHSOWQ,FQCLOEXA,2551146
XIFHSOWQ,FRHNWLNI,927356
XIFHSOWQ,FTSVTTSR,171578
XIFHSOWQ,GKQIJYDH,5437197
XIFHSOWQ,GYHKIVQT,35515976
XIFHSOWQ,HXYSSRXE,5468944
XIFHSOWQ,JPBRUTWP,7301960
XIFHSOWQ,JSLXRQOK,23965
XIFHSOWQ,KJNSOAHR,26029396
XIFHSOWQ,LLHREMKS,72798
XIFHSOWQ,LSOIUSXD,250719
XIFHSOWQ,LTOYKIML,380123
XIFHSOWQ,LUENUFGA,3560461
XIFHSOWQ,MBSBZBXA,3854785
XIFHSOWQ,MIRCVAMV,87049
XIFHSOWQ,NAQIHUKZ,47306
XIFHSOWQ,NZKBIBNU,259555
XIFHSOWQ,OKMBFVKS,1898009
XIFHSOWQ,PYZMVUWD,24179
XIFHSOWQ,QRKRBYJL,2072161
XIFHSOWQ,QVLMOEYE,1175212
XIFHSOWQ,RJGPVEXX,623176
XIFHSOWQ,SAAYMURU,56420
XIFHSOWQ,SAHWCZNH,1678277
XIFHSOWQ,SDWAYPIK,5303106
XIFHSOWQ,SUOYXCHP,26743
XIFHSOWQ,UGEQLMXM,257787
XIFHSOWQ,UIFPPCLR,145501
XIFHSOWQ,UXSPKBJR,406937
XIFHSOWQ,VMAQSTJE,24096
XIFHSOWQ,VUAFAIYJ,858791
XIFHSOWQ,VWMBASNE,133396
XIFHSOWQ,WHPUAOID,50191
XIFHSOWQ,WPQXWHYO,18433522
XIFHSOWQ,WQMVCOEM,28551
XIFHSOWQ,XIIEJNEE,73515
XIFHSOWQ,XIPPENFQ,132393
XIFHSOWQ,XUOIQPFL,2373048
XIFHSOWQ,ZCELVYQU,199852
XIFHSOWQ,ZGJXVMNI,2721303
XIFHSOWQ,ZKENOUDA,425295
XIFHSOWQ,ZXERAXWP,48463
XIIEJNEE,AHMDUILJ,145296
XIIEJNEE,APQGTRMF,79185
XIIEJNEE,ATLDMDBO,41768824
XIIEJNEE,AXULOHBQ,119211
XIIEJNEE,BEZYMBBT,3264951
XIIEJNEE,BJALXPFS,164381
XIIEJNEE,BLANHGYY,77137
XIIEJNEE,BSRMSVTC,290283
XIIEJNEE,BTMOEMEP,5674835
XIIEJNEE,BUZIIBYG,15496024
XIIEJNEE,CCLHWFWF,14122792
XIIEJNEE,DBWLZWNK,222965
XIIEJNEE,DJBLNPNC,22054
XIIEJNEE,DNMPSKTB,4959682
XIIEJNEE,DUCMGGNW,925801
XIIEJNEE,ELQGMQWE,678028
XIIEJNEE,EVBVXETX,5196294
XIIEJNEE,FCYBOAXC,113172200
XIIEJNEE,FDXPMYGF,19496
XIIEJNEE,FITUEHWN,110295
XIIEJNEE,FQCLOEXA,2554737
XIIEJNEE,FRHNWLNI,875864
XIIEJNEE,FWUCPMMW,31646
XIIEJNEE,GYHKIVQT,36913668
XIIEJNEE,HCDTGMST,109387
XIIEJNEE,HXYSSRXE,5376297
XIIEJNEE,IGDVVKUD,27468
XIIEJNEE,JBVHSUWY,434755
XIIEJNEE,JERHKLYW,27483
XIIEJNEE,JPBRUTWP,6382312
XIIEJNEE,KAGJCHMR,40623
XIIEJNEE,KEUWZRKO,801048
XIIEJNEE,LPHPPJUG,1196187
XIIEJNEE,LRVGFDFM,2283427
XIIEJNEE,LSOIUSXD,251324
XIIEJNEE,LTOYKIML,393123
XIIEJNEE,LUENUFGA,3572533
XIIEJNEE,MBSBZBXA,3967968
XIIEJNEE,MIRCVAMV,88899
XIIEJNEE,OGAFEHLU,45783
XIIEJNEE,OKMBFVKS,1918946
XIIEJNEE,PYZMVUWD,23421
XIIEJNEE,QJQJSWFU,136079
XIIEJNEE,QRKRBYJL,2093676
XIIEJNEE,QVLMOEYE,1194352
XIIEJNEE,RAWUKQMJ,3638888
XIIEJNEE,RCBZUSIM,16076
XIIEJNEE,RJGPVEXX,639026
XIIEJNEE,ROACSLMG,2190908
XIIEJNEE,SAAYMURU,58106
XIIEJNEE,SAHWCZNH,1750954
XIIEJNEE,SDWAYPIK,5233317
XIIEJNEE,SNHYOVBM,291254
XIIEJNEE,STZDBITS,21769808
XIIEJNEE,SUOYXCHP,22329
XIIEJNEE,TGOELCAG,308062
XIIEJNEE,UGEQLMXM,268880
XIIEJNEE,UIFPPCLR,141714
XIIEJNEE,UQYUIVVR,5566264
XIIEJNEE,UXSPKBJR,405521
XIIEJNEE,VBYCLTYZ,419872
XIIEJNEE,VMAQSTJE,20634
XIIEJNEE,VWMBASNE,141933
XIIEJNEE,WBLJNPZQ,150130
XIIEJNEE,WHPUAOID,47180
XIIEJNEE,WPQXWHYO,22008182
XIIEJNEE,WQMVCOEM,22919
XIIEJNEE,XIFHSOWQ,96327
XIIEJNEE,XIPPENFQ,134279
XIIEJNEE,XUOIQPFL,2544720
XIIEJNEE,ZGJXVMNI,2702865
XIPPENFQ,AANGBULD,439563
XIPPENFQ,APQGTRMF,78706
XIPPENFQ,BEZYMBBT,3254649
XIPPENFQ,BLANHGYY,70528
XIPPENFQ,DDEXPPXU,10590
XIPPENFQ,DEWLVASR,372774
XIPPENFQ,DJBLNPNC,21235
XIPPENFQ,DUCMGGNW,920030
XIPPENFQ,ELQGMQWE,647169
XIPPENFQ,EVBVXETX,5112334
XIPPENFQ,FCYBOAXC,111596048
XIPPENFQ,FITUEHWN,110617
XIPPENFQ,FQCLOEXA,2372921
XIPPENFQ,FRHNWLNI,935409
XIPPENFQ,FTSVTTSR,174087
XIPPENFQ,FWUCPMMW,27657
XIPPENFQ,GYHKIVQT,36055800
XIPPENFQ,IGDVVKUD,31028
XIPPENFQ,JSLXRQOK,26439
XIPPENFQ,KAGJCHMR,36218
XIPPENFQ,KEUWZRKO,863137
XIPPENFQ,KJNSOAHR,24701072
XIPPENFQ,LLHREMKS,73162
XIPPENFQ,LRVGFDFM,2296704
XIPPENFQ,LSOIUSXD,233016
XIPPENFQ,LTOYKIML,380237
XIPPENFQ,MBSBZBXA,3957284
XIPPENFQ,MIRCVAMV,85490
XIPPENFQ,NAQIHUKZ,42243
XIPPENFQ,NZKBIBNU,270556
XIPPENFQ,OKMBFVKS,1940160
XIPPENFQ,QKXNTIIB,1267051
XIPPENFQ,QRKRBYJL,2094150
XIPPENFQ,QVLMOEYE,1183229
XIPPENFQ,RJGPVEXX,619691
XIPPENFQ,SDWAYPIK,5343309
XIPPENFQ,UGEQLMXM,261091
XIPPENFQ,UIFPPCLR,142724
XIPPENFQ,UQYUIVVR,5893764
XIPPENFQ,VMAQSTJE,25756
XIPPENFQ,VUAFAIYJ,828045
XIPPENFQ,WHPUAOID,49835
XIPPENFQ,WQMVCOEM,25624
XIPPENFQ,XIIEJNEE,72869
XIPPENFQ,XMKRPGLB,799431
XIPPENFQ,XUOIQPFL,2341032
XIPPENFQ,YSYHGLQK,34259
XIPPENFQ,ZCELVYQU,202156
XIPPENFQ,ZGJXVMNI,2672291
XIPPENFQ,ZKENOUDA,416988
XIPPENFQ,ZXERAXWP,45926
XMKRPGLB,AHMDUILJ,143839
XMKRPGLB,AXULOHBQ,121335
XMKRPGLB,BEZYMBBT,3219988
XMKRPGLB,BSRMSVTC,275969
XMKRPGLB,BTMOEMEP,4731728
XMKRPGLB,BUZIIBYG,18659406
XMKRPGLB,DBWLZWNK,189059
XMKRPGLB,DDEXPPXU,11303
XMKRPGLB,DUCMGGNW,906517
XMKRPGLB,ELQGMQWE,661633
XMKRPGLB,EVBVXETX,5096758
XMKRPGLB,FDXPMYGF,19570
XMKRPGLB,FITUEHWN,113929
XMKRPGLB,HCDTGMST,111502
XMKRPGLB,IGDVVKUD,32424
XMKRPGLB,KEUWZRKO,866729
XMKRPGLB,LRVGFDFM,2227177
XMKRPGLB,LSOIUSXD,252271
XMKRPGLB,LTOYKIML,378014
XMKRPGLB,MBSBZBXA,4109561
XMKRPGLB,OJIFIHMZ,3371300
XMKRPGLB,QKXNTIIB,1267157
XMKRPGLB,QRKRBYJL,2125661
XMKRPGLB,QVLMOEYE,1172764
XMKRPGLB,RJGPVEXX,603929
XMKRPGLB,SAAYMURU,54127
XMKRPGLB,SAHWCZNH,1682421
XMKRPGLB,SNHYOVBM,290800
XMKRPGLB,SUOYXCHP,25146
XMKRPGLB,TGOELCAG,299804
XMKRPGLB,UIFPPCLR,143044
XMKRPGLB,VUAFAIYJ,879295
XMKRPGLB,WBLJNPZQ,148631
XMKRPGLB,ZCELVYQU,218883
XUOIQPFL,AANGBULD,451318
XUOIQPFL,APQGTRMF,65361
XUOIQPFL,ATLDMDBO,31888588
XUOIQPFL,AXULOHBQ,106917
XUOIQPFL,BEZYMBBT,3173213
XUOIQPFL,BJALXPFS,146789
XUOIQPFL,BLANHGYY,76101
XUOIQPFL,BSRMSVTC,264012
XUOIQPFL,BTMOEMEP,4139879
XUOIQPFL,CCLHWFWF,14051748
XUOIQPFL,DBWLZWNK,168855
XUOIQPFL,DEWLVASR,390199
XUOIQPFL,DJBLNPNC,14225
XUOIQPFL,DNMPSKTB,4814216
XUOIQPFL,DUCMGGNW,877473
XUOIQPFL,ELQGMQWE,660390
XUOIQPFL,EVBVXETX,5119636
XUOIQPFL,FCYBOAXC,111323368
XUOIQPFL,FDXPMYGF,16072
XUOIQPFL,FITUEHWN,111694
XUOIQPFL,FQCLOEXA,2303391
XUOIQPFL,GYHKIVQT,30615418
XUOIQPFL,HXYSSRXE,4852520
XUOIQPFL,IGDVVKUD,19669
XUOIQPFL,JBVHSUWY,413880
XUOIQPFL,JERHKLYW,28822
XUOIQPFL,JPBRUTWP,6327400
XUOIQPFL,KAGJCHMR,25816
XUOIQPFL,KEUWZRKO,738814
XUOIQPFL,KJNSOAHR,25363060
XUOIQPFL,LPHPPJUG,1169590
XUOIQPFL,LRVGFDFM,2104718
XUOIQPFL,LSOIUSXD,242682
XUOIQPFL,LTOYKIML,374027
XUOIQPFL,LUENUFGA,3444726
XUOIQPFL,MIRCVAMV,75082
XUOIQPFL,NZKBIBNU,270550
XUOIQPFL,OGAFEHLU,37437
XUOIQPFL,OKMBFVKS,1863419
XUOIQPFL,OXKURKXR,121524
XUOIQPFL,PYZMVUWD,14225
XUOIQPFL,QJQJSWFU,126977
XUOIQPFL,QKXNTIIB,1272182
XUOIQPFL,QRKRBYJL,1949098
XUOIQPFL,QVLMOEYE,1159618
XUOIQPFL,RAWUKQMJ,3539216
XUOIQPFL,RCBZUSIM,7838
XUOIQPFL,RJGPVEXX,593326
XUOIQPFL,SAHWCZNH,1651703
XUOIQPFL,SDWAYPIK,5381954
XUOIQPFL,SNHYOVBM,287960
XUOIQPFL,UGEQLMXM,244640
XUOIQPFL,UIFPPCLR,138851
XUOIQPFL,UXSPKBJR,391485
XUOIQPFL,VBYCLTYZ,418067
XUOIQPFL,VMAQSTJE,14409
XUOIQPFL,VUAFAIYJ,862624
XUOIQPFL,VWMBASNE,123723
XUOIQPFL,WBLJNPZQ,128074
XUOIQPFL,WPQXWHYO,21472428
XUOIQPFL,WQMVCOEM,18511
XUOIQPFL,XIFHSOWQ,84046
XUOIQPFL,XIIEJNEE,58244
XUOIQPFL,XIPPENFQ,120160
XUOIQPFL,ZGJXVMNI,2569468
XUOIQPFL,ZKENOUDA,417289
XUOIQPFL,ZXERAXWP,53475
YSYHGLQK,AANGBULD,466357
YSYHGLQK,AHMDUILJ,145296
YSYHGLQK,ATLDMDBO,35426416
YSYHGLQK,BEZYMBBT,3172054
YSYHGLQK,BJALXPFS,164496
YSYHGLQK,BLANHGYY,76046
YSYHGLQK,BUZIIBYG,18625780
YSYHGLQK,DEWLVASR,392863
YSYHGLQK,DJBLNPNC,27627
YSYHGLQK,DNMPSKTB,4959934
YSYHGLQK,DUCMGGNW,930752
YSYHGLQK,ELQGMQWE,688475
YSYHGLQK,EVBVXETX,5107500
YSYHGLQK,FCYBOAXC,110082976
YSYHGLQK,FDXPMYGF,29307
YSYHGLQK,FITUEHWN,115105
YSYHGLQK,FQCLOEXA,2526582
YSYHGLQK,FTSVTTSR,186046
YSYHGLQK,FWUCPMMW,34071
YSYHGLQK,GYHKIVQT,35607928
YSYHGLQK,HCDTGMST,117148
YSYHGLQK,IGDVVKUD,28865
YSYHGLQK,JERHKLYW,29605
YSYHGLQK,JSLXRQOK,27018
YSYHGLQK,KAGJCHMR,40218
YSYHGLQK,KJNSOAHR,26550186
YSYHGLQK,LLHREMKS,73826
YSYHGLQK,LPHPPJUG,1202030
YSYHGLQK,LUENUFGA,3575902
YSYHGLQK,MBSBZBXA,4112002
YSYHGLQK,NAQIHUKZ,47809
YSYHGLQK,NZKBIBNU,271514
YSYHGLQK,OJIFIHMZ,3346018
YSYHGLQK,OKMBFVKS,1875166
YSYHGLQK,QRKRBYJL,2171448
YSYHGLQK,QVLMOEYE,1162391
YSYHGLQK,RAWUKQMJ,3606295
YSYHGLQK,RJGPVEXX,641631
YSYHGLQK,SAAYMURU,49980
YSYHGLQK,SAHWCZNH,1735389
YSYHGLQK,SDWAYPIK,5276497
YSYHGLQK,SNHYOVBM,293430
YSYHGLQK,SUOYXCHP,27390
YSYHGLQK,TGOELCAG,306120
YSYHGLQK,UGEQLMXM,271084
YSYHGLQK,UIFPPCLR,145296
YSYHGLQK,UQYUIVVR,6121424
YSYHGLQK,UXSPKBJR,409518
YSYHGLQK,VBYCLTYZ,430668
YSYHGLQK,VMAQSTJE,18403
YSYHGLQK,VUAFAIYJ,890478
YSYHGLQK,WHPUAOID,51218
YSYHGLQK,WPQXWHYO,20732408
YSYHGLQK,XIIEJNEE,74649
YSYHGLQK,XUOIQPFL,2504245
YSYHGLQK,ZGJXVMNI,2700662
YSYHGLQK,ZKENOUDA,427773
YSYHGLQK,ZXERAXWP,57991
ZCELVYQU,AHMDUILJ,145932
ZCELVYQU,ATLDMDBO,38246524
ZCELVYQU,AXULOHBQ,116702
ZCELVYQU,BEZYMBBT,3257373
ZCELVYQU,BJALXPFS,165843
ZCELVYQU,BLANHGYY,75527
ZCELVYQU,BSRMSVTC,297438
ZCELVYQU,BTMOEMEP,4885527
ZCELVYQU,BUZIIBYG,19237342
ZCELVYQU,CCLHWFWF,14082926
ZCELVYQU,DBWLZWNK,178054
ZCELVYQU,DDEXPPXU,11272
ZCELVYQU,DEWLVASR,398964
ZCELVYQU,DNMPSKTB,5483127
ZCELVYQU,ELQGMQWE,677178
ZCELVYQU,EVBVXETX,5054322
ZCELVYQU,FCYBOAXC,110428664
ZCELVYQU,FDXPMYGF,29307
ZCELVYQU,FQCLOEXA,2305755
ZCELVYQU,FWUCPMMW,25838
ZCELVYQU,GYHKIVQT,37130644
ZCELVYQU,HCDTGMST,119116
ZCELVYQU,HXYSSRXE,5414570
ZCELVYQU,IGDVVKUD,24888
ZCELVYQU,JBVHSUWY,419385
ZCELVYQU,JERHKLYW,33094
ZCELVYQU,JPBRUTWP,7034832
ZCELVYQU,KAGJCHMR,40218
ZCELVYQU,KEUWZRKO,786580
ZCELVYQU,KJNSOAHR,24781670
ZCELVYQU,LSOIUSXD,249443
ZCELVYQU,LUENUFGA,3546156
ZCELVYQU,MBSBZBXA,4433890
ZCELVYQU,MIRCVAMV,83558
ZCELVYQU,NZKBIBNU,274105
ZCELVYQU,OGAFEHLU,45783
ZCELVYQU,OKMBFVKS,1915827
ZCELVYQU,OXKURKXR,137802
ZCELVYQU,PYZMVUWD,33734
ZCELVYQU,QJQJSWFU,138588
ZCELVYQU,QKXNTIIB,1306828
ZCELVYQU,QRKRBYJL,2026006
ZCELVYQU,QVLMOEYE,1231969
ZCELVYQU,RAWUKQMJ,3641173
ZCELVYQU,RJGPVEXX,619657
ZCELVYQU,SAHWCZNH,1748751
ZCELVYQU,SDWAYPIK,5396880
ZCELVYQU,STZDBITS,21477772
ZCELVYQU,UGEQLMXM,263710
ZCELVYQU,UIFPPCLR,143902
ZCELVYQU,UQYUIVVR,4967132
ZCELVYQU,UXSPKBJR,380998
ZCELVYQU,VMAQSTJE,25248
ZCELVYQU,VUAFAIYJ,860056
ZCELVYQU,VWMBASNE,142854
ZCELVYQU,WBLJNPZQ,152638
ZCELVYQU,WPQXWHYO,21302450
ZCELVYQU,XIFHSOWQ,96649
ZCELVYQU,XIPPENFQ,131771
ZCELVYQU,XUOIQPFL,2531919
ZCELVYQU,ZGJXVMNI,2690636
ZCELVYQU,ZKENOUDA,408583
ZCELVYQU,ZXERAXWP,52589
ZGJXVMNI,AANGBULD,431331
ZGJXVMNI,APQGTRMF,76703
ZGJXVMNI,ATLDMDBO,42043088
ZGJXVMNI,AXULOHBQ,119729
ZGJXVMNI,BEZYMBBT,3191117
ZGJXVMNI,BJALXPFS,157995
ZGJXVMNI,BLANHGYY,68308
ZGJXVMNI,DDEXPPXU,16983
ZGJXVMNI,DEWLVASR,361549
ZGJXVMNI,DNMPSKTB,5634424
ZGJXVMNI,ELQGMQWE,638900
ZGJXVMNI,EVBVXETX,5089737
ZGJXVMNI,FCYBOAXC,109830112
ZGJXVMNI,FITUEHWN,104643
ZGJXVMNI,FQCLOEXA,2392076
ZGJXVMNI,FTSVTTSR,179714
ZGJXVMNI,FWUCPMMW,21791
ZGJXVMNI,GKQIJYDH,5036726
ZGJXVMNI,GYHKIVQT,34136604
ZGJXVMNI,IGDVVKUD,21791
ZGJXVMNI,JSLXRQOK,23542
ZGJXVMNI,KAGJCHMR,36411
ZGJXVMNI,KEUWZRKO,824895
ZGJXVMNI,KJNSOAHR,24473224
ZGJXVMNI,LLHREMKS,73763
ZGJXVMNI,LPHPPJUG,1168843
ZGJXVMNI,LSOIUSXD,228825
ZGJXVMNI,LUENUFGA,3509432
ZGJXVMNI,MBSBZBXA,3915403
ZGJXVMNI,MIRCVAMV,91262
ZGJXVMNI,NAQIHUKZ,47640
ZGJXVMNI,NZKBIBNU,257991
ZGJXVMNI,OKMBFVKS,1935900
ZGJXVMNI,QRKRBYJL,2103412
ZGJXVMNI,QVLMOEYE,1191234
ZGJXVMNI,RAWUKQMJ,3662396
ZGJXVMNI,RJGPVEXX,632528
ZGJXVMNI,SAHWCZNH,1668616
ZGJXVMNI,SDWAYPIK,5881312
ZGJXVMNI,TGOELCAG,300306
ZGJXVMNI,UGEQLMXM,254481
ZGJXVMNI,UIFPPCLR,142255
ZGJXVMNI,UQYUIVVR,5345488
ZGJXVMNI,VBYCLTYZ,432325
ZGJXVMNI,VMAQSTJE,24386
ZGJXVMNI,VUAFAIYJ,863954
ZGJXVMNI,VWMBASNE,142761
ZGJXVMNI,WBLJNPZQ,150996
ZGJXVMNI,WPQXWHYO,20266154
ZGJXVMNI,WQMVCOEM,23324
ZGJXVMNI,XIIEJNEE,64312
ZGJXVMNI,XIPPENFQ,135268
ZGJXVMNI,XUOIQPFL,2326710
ZGJXVMNI,YSYHGLQK,19481
ZGJXVMNI,ZCELVYQU,197712
ZGJXVMNI,ZKENOUDA,390816
ZGJXVMNI,ZXERAXWP,45157
ZKENOUDA,AANGBULD,463444
ZKENOUDA,APQGTRMF,80175
ZKENOUDA,ATLDMDBO,34763920
ZKENOUDA,BEZYMBBT,3283180
ZKENOUDA,BJALXPFS,159226
ZKENOUDA,BLANHGYY,71398
ZKENOUDA,BSRMSVTC,281996
ZKENOUDA,BTMOEMEP,4420276
ZKENOUDA,DBWLZWNK,180486
ZKENOUDA,DDEXPPXU,0
ZKENOUDA,DEWLVASR,373021
ZKENOUDA,DNMPSKTB,5580590
ZKENOUDA,ELQGMQWE,662636
ZKENOUDA,EVBVXETX,5110562
ZKENOUDA,FITUEHWN,114023
ZKENOUDA,FQCLOEXA,2466864
ZKENOUDA,FTSVTTSR,177729
ZKENOUDA,FWUCPMMW,22140
ZKENOUDA,GKQIJYDH,4715996
ZKENOUDA,GYHKIVQT,27948206
ZKENOUDA,HCDTGMST,116121
ZKENOUDA,IGDVVKUD,30225
ZKENOUDA,JBVHSUWY,422648
ZKENOUDA,JPBRUTWP,6935346
ZKENOUDA,KAGJCHMR,32826
ZKENOUDA,KJNSOAHR,23278932
ZKENOUDA,LLHREMKS,75671
ZKENOUDA,LSOIUSXD,248000
ZKENOUDA,MBSBZBXA,3855974
ZKENOUDA,NAQIHUKZ,47230
ZKENOUDA,OKMBFVKS,1912785
ZKENOUDA,PYZMVUWD,25036
ZKENOUDA,QJQJSWFU,142688
ZKENOUDA,QKXNTIIB,1277141
ZKENOUDA,QRKRBYJL,2129993
ZKENOUDA,QVLMOEYE,1197431
ZKENOUDA,RAWUKQMJ,3677250
ZKENOUDA,RCBZUSIM,13015
ZKENOUDA,RJGPVEXX,643071
ZKENOUDA,SAAYMURU,54625
ZKENOUDA,SDWAYPIK,5542404
ZKENOUDA,SNHYOVBM,291760
ZKENOUDA,STZDBITS,22398412
ZKENOUDA,UGEQLMXM,266521
ZKENOUDA,UIFPPCLR,146225
ZKENOUDA,UQYUIVVR,6019326
ZKENOUDA,VBYCLTYZ,437479
ZKENOUDA,VMAQSTJE,38731
ZKENOUDA,VUAFAIYJ,870825
ZKENOUDA,VWMBASNE,147145
ZKENOUDA,WPQXWHYO,19608054
ZKENOUDA,WQMVCOEM,15853
ZKENOUDA,XIIEJNEE,70341
ZKENOUDA,XUOIQPFL,2326901
ZKENOUDA,YSYHGLQK,27235
ZKENOUDA,ZCELVYQU,205311
ZKENOUDA,ZGJXVMNI,2604981
ZKENOUDA,ZXERAXWP,51444
ZXERAXWP,APQGTRMF,79300
ZXERAXWP,BEZYMBBT,3239995
ZXERAXWP,BLANHGYY,82593
ZXERAXWP,BSRMSVTC,294315
ZXERAXWP,CCLHWFWF,11040230
ZXERAXWP,DBWLZWNK,179066
ZXERAXWP,DDEXPPXU,14248
ZXERAXWP,DNMPSKTB,4984834
ZXERAXWP,DUCMGGNW,930858
ZXERAXWP,FDXPMYGF,28671
ZXERAXWP,FITUEHWN,113333
ZXERAXWP,FRHNWLNI,953682
ZXERAXWP,FTSVTTSR,200049
ZXERAXWP,GKQIJYDH,5115070
ZXERAXWP,HXYSSRXE,5703101
ZXERAXWP,JERHKLYW,32688
ZXERAXWP,JPBRUTWP,6333329
ZXERAXWP,KAGJCHMR,45450
ZXERAXWP,LPHPPJUG,1201748
ZXERAXWP,LRVGFDFM,2262874
ZXERAXWP,MBSBZBXA,3977083
ZXERAXWP,MIRCVAMV,93444
ZXERAXWP,NZKBIBNU,287974
ZXERAXWP,PYZMVUWD,26858
ZXERAXWP,QJQJSWFU,140889
ZXERAXWP,RAWUKQMJ,3607311
ZXERAXWP,SAAYMURU,58251
ZXERAXWP,SDWAYPIK,5261344
ZXERAXWP,SUOYXCHP,28671
ZXERAXWP,UIFPPCLR,157708
ZXERAXWP,WBLJNPZQ,158023
ZXERAXWP,WHPUAOID,49302
ZXERAXWP,WPQXWHYO,21414304
ZXERAXWP,WQMVCOEM,23421
ZXERAXWP,XIPPENFQ,130481
ZXERAXWP,XMKRPGLB,781710
